[01Mar2026 21:48:37.973] [main/INFO] [cpw.mods.modlauncher.Launcher/MODLAUNCHER]: ModLauncher running: args [--launchTarget, forgeserver, --fml.forgeVersion, 47.4.16, --fml.mcVersion, 1.20.1, --fml.forgeGroup, net.minecraftforge, --fml.mcpVersion, 20230612.114412]
[01Mar2026 21:48:37.980] [main/INFO] [cpw.mods.modlauncher.Launcher/MODLAUNCHER]: ModLauncher 10.0.9+10.0.9+main.dcd20f30 starting: java version 25.0.1 by Oracle Corporation; OS Windows 11 arch amd64 version 10.0
[01Mar2026 21:48:38.006] [main/DEBUG] [cpw.mods.modlauncher.LaunchServiceHandler/MODLAUNCHER]: Found launch services [fmlclientdev,forgeclient,minecraft,forgegametestserverdev,fmlserveruserdev,fmlclient,fmldatauserdev,forgeserverdev,forgeserveruserdev,forgeclientdev,forgeclientuserdev,forgeserver,forgedatadev,fmlserver,fmlclientuserdev,fmlserverdev,forgedatauserdev,testharness,forgegametestserveruserdev]
[01Mar2026 21:48:38.020] [main/DEBUG] [cpw.mods.modlauncher.NameMappingServiceHandler/MODLAUNCHER]: Found naming services : [srgtomcp]
[01Mar2026 21:48:38.034] [main/DEBUG] [cpw.mods.modlauncher.LaunchPluginHandler/MODLAUNCHER]: Found launch plugins: [mixin,eventbus,slf4jfixer,object_holder_definalize,runtime_enum_extender,capability_token_subclass,accesstransformer,runtimedistcleaner]
[01Mar2026 21:48:38.046] [main/DEBUG] [cpw.mods.modlauncher.TransformationServicesHandler/MODLAUNCHER]: Discovering transformation services
[01Mar2026 21:48:38.053] [main/DEBUG] [net.minecraftforge.fml.loading.FMLPaths/CORE]: Path GAMEDIR is C:\ServerMine
[01Mar2026 21:48:38.053] [main/DEBUG] [net.minecraftforge.fml.loading.FMLPaths/CORE]: Path MODSDIR is C:\ServerMine\mods
[01Mar2026 21:48:38.053] [main/DEBUG] [net.minecraftforge.fml.loading.FMLPaths/CORE]: Path CONFIGDIR is C:\ServerMine\config
[01Mar2026 21:48:38.053] [main/DEBUG] [net.minecraftforge.fml.loading.FMLPaths/CORE]: Path FMLCONFIG is C:\ServerMine\config\fml.toml
[01Mar2026 21:48:39.722] [main/DEBUG] [cpw.mods.modlauncher.TransformationServicesHandler/MODLAUNCHER]: Found additional transformation services from discovery services: 
[01Mar2026 21:48:39.727] [main/INFO] [net.minecraftforge.fml.loading.ImmediateWindowHandler/]: ImmediateWindowProvider not loading because launch target is forgeserver
[01Mar2026 21:48:39.734] [main/DEBUG] [cpw.mods.modlauncher.TransformationServicesHandler/MODLAUNCHER]: Found transformer services : [mixin,fml]
[01Mar2026 21:48:39.734] [main/DEBUG] [cpw.mods.modlauncher.TransformationServicesHandler/MODLAUNCHER]: Transformation services loading
[01Mar2026 21:48:39.735] [main/DEBUG] [cpw.mods.modlauncher.TransformationServiceDecorator/MODLAUNCHER]: Loading service mixin
[01Mar2026 21:48:39.735] [main/DEBUG] [cpw.mods.modlauncher.TransformationServiceDecorator/MODLAUNCHER]: Loaded service mixin
[01Mar2026 21:48:39.735] [main/DEBUG] [cpw.mods.modlauncher.TransformationServiceDecorator/MODLAUNCHER]: Loading service fml
[01Mar2026 21:48:39.736] [main/DEBUG] [net.minecraftforge.fml.loading.LauncherVersion/CORE]: Found FMLLauncher version 1.0
[01Mar2026 21:48:39.736] [main/DEBUG] [net.minecraftforge.fml.loading.FMLLoader/CORE]: FML 1.0 loading
[01Mar2026 21:48:39.736] [main/DEBUG] [net.minecraftforge.fml.loading.FMLLoader/CORE]: FML found ModLauncher version : 10.0.9+10.0.9+main.dcd20f30
[01Mar2026 21:48:39.737] [main/DEBUG] [net.minecraftforge.fml.loading.FMLLoader/CORE]: Requesting CoreMods to not apply the fix for ASMAPI.findFirstInstructionBefore by default
[01Mar2026 21:48:39.737] [main/DEBUG] [net.minecraftforge.fml.loading.FMLLoader/CORE]: FML found AccessTransformer version : 8.0.4+66+master.c09db6d7
[01Mar2026 21:48:39.738] [main/DEBUG] [net.minecraftforge.fml.loading.FMLLoader/CORE]: FML found EventBus version : 6.2.33
[01Mar2026 21:48:39.738] [main/DEBUG] [net.minecraftforge.fml.loading.FMLLoader/CORE]: Found Runtime Dist Cleaner
[01Mar2026 21:48:39.739] [main/DEBUG] [net.minecraftforge.coremod.CoreModEngine/]: CoreMods will preserve legacy behavior of ASMAPI.findFirstInstructionBefore for backwards-compatibility
[01Mar2026 21:48:39.739] [main/DEBUG] [net.minecraftforge.fml.loading.FMLLoader/CORE]: FML found CoreMod version : 5.2.4
[01Mar2026 21:48:39.740] [main/DEBUG] [net.minecraftforge.fml.loading.FMLLoader/CORE]: Found ForgeSPI package implementation version 7.0.1+7.0.1+master.d2b38bf6
[01Mar2026 21:48:39.740] [main/DEBUG] [net.minecraftforge.fml.loading.FMLLoader/CORE]: Found ForgeSPI package specification 5
[01Mar2026 21:48:39.740] [main/DEBUG] [cpw.mods.modlauncher.TransformationServiceDecorator/MODLAUNCHER]: Loaded service fml
[01Mar2026 21:48:39.740] [main/DEBUG] [cpw.mods.modlauncher.TransformationServicesHandler/MODLAUNCHER]: Configuring option handling for services
[01Mar2026 21:48:39.745] [main/DEBUG] [cpw.mods.modlauncher.TransformationServicesHandler/MODLAUNCHER]: Transformation services initializing
[01Mar2026 21:48:39.746] [main/DEBUG] [cpw.mods.modlauncher.TransformationServiceDecorator/MODLAUNCHER]: Initializing transformation service mixin
[01Mar2026 21:48:39.756] [main/DEBUG] [mixin/]: MixinService [ModLauncher] was successfully booted in cpw.mods.cl.ModuleClassLoader@44c8afef
[01Mar2026 21:48:39.769] [main/INFO] [mixin/]: SpongePowered MIXIN Subsystem Version=0.8.5 Source=union:/C:/ServerMine/libraries/org/spongepowered/mixin/0.8.5/mixin-0.8.5.jar%2365!/ Service=ModLauncher Env=SERVER
[01Mar2026 21:48:39.772] [main/DEBUG] [mixin/]: Initialising Mixin Platform Manager
[01Mar2026 21:48:39.773] [main/DEBUG] [mixin/]: Adding mixin platform agents for container ModLauncher Root Container(ModLauncher:4f56a0a2)
[01Mar2026 21:48:39.773] [main/DEBUG] [mixin/]: Instancing new MixinPlatformAgentMinecraftForge for ModLauncher Root Container(ModLauncher:4f56a0a2)
[01Mar2026 21:48:39.774] [main/DEBUG] [mixin/]: MixinPlatformAgentMinecraftForge rejected container ModLauncher Root Container(ModLauncher:4f56a0a2)
[01Mar2026 21:48:39.774] [main/DEBUG] [mixin/]: Instancing new MixinPlatformAgentDefault for ModLauncher Root Container(ModLauncher:4f56a0a2)
[01Mar2026 21:48:39.774] [main/DEBUG] [mixin/]: MixinPlatformAgentDefault accepted container ModLauncher Root Container(ModLauncher:4f56a0a2)
[01Mar2026 21:48:39.776] [main/DEBUG] [cpw.mods.modlauncher.TransformationServiceDecorator/MODLAUNCHER]: Initialized transformation service mixin
[01Mar2026 21:48:39.777] [main/DEBUG] [cpw.mods.modlauncher.TransformationServiceDecorator/MODLAUNCHER]: Initializing transformation service fml
[01Mar2026 21:48:39.777] [main/DEBUG] [net.minecraftforge.fml.loading.FMLServiceProvider/CORE]: Setting up basic FML game directories
[01Mar2026 21:48:39.777] [main/DEBUG] [net.minecraftforge.fml.loading.FMLPaths/CORE]: Path GAMEDIR is C:\ServerMine
[01Mar2026 21:48:39.777] [main/DEBUG] [net.minecraftforge.fml.loading.FMLPaths/CORE]: Path MODSDIR is C:\ServerMine\mods
[01Mar2026 21:48:39.777] [main/DEBUG] [net.minecraftforge.fml.loading.FMLPaths/CORE]: Path CONFIGDIR is C:\ServerMine\config
[01Mar2026 21:48:39.778] [main/DEBUG] [net.minecraftforge.fml.loading.FMLPaths/CORE]: Path FMLCONFIG is C:\ServerMine\config\fml.toml
[01Mar2026 21:48:39.778] [main/DEBUG] [net.minecraftforge.fml.loading.FMLServiceProvider/CORE]: Loading configuration
[01Mar2026 21:48:39.780] [main/DEBUG] [net.minecraftforge.fml.loading.FMLServiceProvider/CORE]: Preparing ModFile
[01Mar2026 21:48:39.782] [main/DEBUG] [net.minecraftforge.fml.loading.FMLServiceProvider/CORE]: Preparing launch handler
[01Mar2026 21:48:39.783] [main/DEBUG] [net.minecraftforge.fml.loading.FMLLoader/CORE]: Using forgeserver as launch service
[01Mar2026 21:48:39.791] [main/DEBUG] [net.minecraftforge.fml.loading.FMLLoader/CORE]: Received command line version data  : VersionInfo[forgeVersion=47.4.16, mcVersion=1.20.1, mcpVersion=20230612.114412, forgeGroup=net.minecraftforge]
[01Mar2026 21:48:39.792] [main/DEBUG] [cpw.mods.modlauncher.TransformationServiceDecorator/MODLAUNCHER]: Initialized transformation service fml
[01Mar2026 21:48:39.792] [main/DEBUG] [cpw.mods.modlauncher.NameMappingServiceHandler/MODLAUNCHER]: Current naming domain is 'srg'
[01Mar2026 21:48:39.793] [main/DEBUG] [cpw.mods.modlauncher.NameMappingServiceHandler/MODLAUNCHER]: Identified name mapping providers {}
[01Mar2026 21:48:39.793] [main/DEBUG] [cpw.mods.modlauncher.TransformationServicesHandler/MODLAUNCHER]: Transformation services begin scanning
[01Mar2026 21:48:39.794] [main/DEBUG] [cpw.mods.modlauncher.TransformationServiceDecorator/MODLAUNCHER]: Beginning scan trigger - transformation service mixin
[01Mar2026 21:48:39.794] [main/DEBUG] [cpw.mods.modlauncher.TransformationServiceDecorator/MODLAUNCHER]: End scan trigger - transformation service mixin
[01Mar2026 21:48:39.794] [main/DEBUG] [cpw.mods.modlauncher.TransformationServiceDecorator/MODLAUNCHER]: Beginning scan trigger - transformation service fml
[01Mar2026 21:48:39.794] [main/DEBUG] [net.minecraftforge.fml.loading.FMLServiceProvider/CORE]: Initiating mod scan
[01Mar2026 21:48:39.803] [main/DEBUG] [net.minecraftforge.fml.loading.moddiscovery.ModListHandler/CORE]: Found mod coordinates from lists: []
[01Mar2026 21:48:39.806] [main/DEBUG] [net.minecraftforge.fml.loading.moddiscovery.ModDiscoverer/CORE]: Found Mod Locators : (mods folder:null),(maven libs:null),(exploded directory:null),(minecraft:null),(userdev classpath:null)
[01Mar2026 21:48:39.807] [main/DEBUG] [net.minecraftforge.fml.loading.moddiscovery.ModDiscoverer/CORE]: Found Dependency Locators : (JarInJar:null)
[01Mar2026 21:48:39.819] [main/DEBUG] [net.minecraftforge.fml.loading.moddiscovery.ModFileParser/LOADING]: Considering mod file candidate C:\ServerMine\mods\[1.20.1] SecurityCraft v1.10.1.jar
[01Mar2026 21:48:39.863] [main/DEBUG] [net.minecraftforge.fml.loading.moddiscovery.ModFileInfo/LOADING]: Found valid mod file [1.20.1] SecurityCraft v1.10.1.jar with {securitycraft} mods - versions {1.10.1}
[01Mar2026 21:48:39.865] [main/DEBUG] [net.minecraftforge.fml.loading.moddiscovery.ModFileParser/LOADING]: Considering mod file candidate C:\ServerMine\mods\access_denied-6.2.1.jar
[01Mar2026 21:48:39.867] [main/DEBUG] [net.minecraftforge.fml.loading.moddiscovery.ModFileInfo/LOADING]: Found valid mod file access_denied-6.2.1.jar with {access_denied} mods - versions {6.2.1}
[01Mar2026 21:48:39.870] [main/DEBUG] [net.minecraftforge.fml.loading.moddiscovery.ModFileParser/LOADING]: Considering mod file candidate C:\ServerMine\mods\alekiNiftyShips-FORGE-1.20.1-1.0.14.jar
[01Mar2026 21:48:39.871] [main/DEBUG] [net.minecraftforge.fml.loading.moddiscovery.ModFileInfo/LOADING]: Found valid mod file alekiNiftyShips-FORGE-1.20.1-1.0.14.jar with {alekiships} mods - versions {1.0.14}
[01Mar2026 21:48:39.874] [main/DEBUG] [net.minecraftforge.fml.loading.moddiscovery.ModFileParser/LOADING]: Considering mod file candidate C:\ServerMine\mods\alexsmobs-1.22.9.jar
[01Mar2026 21:48:39.876] [main/DEBUG] [net.minecraftforge.fml.loading.moddiscovery.ModFileInfo/LOADING]: Found valid mod file alexsmobs-1.22.9.jar with {alexsmobs} mods - versions {1.22.9}
[01Mar2026 21:48:39.877] [main/DEBUG] [net.minecraftforge.fml.loading.moddiscovery.ModFileParser/LOADING]: Considering mod file candidate C:\ServerMine\mods\almanac-1.20.x-forge-1.0.2.jar
[01Mar2026 21:48:39.879] [main/DEBUG] [net.minecraftforge.fml.loading.moddiscovery.ModFileInfo/LOADING]: Found valid mod file almanac-1.20.x-forge-1.0.2.jar with {almanac} mods - versions {1.0.2}
[01Mar2026 21:48:39.881] [main/DEBUG] [net.minecraftforge.fml.loading.moddiscovery.ModFileParser/LOADING]: Considering mod file candidate C:\ServerMine\mods\AmbientEnvironment-forge-1.20.1-11.0.0.1.jar
[01Mar2026 21:48:39.882] [main/DEBUG] [net.minecraftforge.fml.loading.moddiscovery.ModFileInfo/LOADING]: Found valid mod file AmbientEnvironment-forge-1.20.1-11.0.0.1.jar with {ambientenvironment} mods - versions {11.0.0.1}
[01Mar2026 21:48:39.884] [main/DEBUG] [net.minecraftforge.fml.loading.moddiscovery.ModFileParser/LOADING]: Considering mod file candidate C:\ServerMine\mods\AmbientSounds_FORGE_v6.3.4_mc1.20.1.jar
[01Mar2026 21:48:39.885] [main/DEBUG] [net.minecraftforge.fml.loading.moddiscovery.ModFileInfo/LOADING]: Found valid mod file AmbientSounds_FORGE_v6.3.4_mc1.20.1.jar with {ambientsounds} mods - versions {6.3.4}
[01Mar2026 21:48:39.888] [main/DEBUG] [net.minecraftforge.fml.loading.moddiscovery.ModFileParser/LOADING]: Considering mod file candidate C:\ServerMine\mods\amendments-1.20-2.2.5.jar
[01Mar2026 21:48:39.889] [main/DEBUG] [net.minecraftforge.fml.loading.moddiscovery.ModFileInfo/LOADING]: Found valid mod file amendments-1.20-2.2.5.jar with {amendments} mods - versions {1.20-2.2.5}
[01Mar2026 21:48:39.894] [main/DEBUG] [net.minecraftforge.fml.loading.moddiscovery.ModFileParser/LOADING]: Considering mod file candidate C:\ServerMine\mods\apocalypsenow-3.0.5-forge-1.20.1.jar
[01Mar2026 21:48:39.895] [main/DEBUG] [net.minecraftforge.fml.loading.moddiscovery.ModFileInfo/LOADING]: Found valid mod file apocalypsenow-3.0.5-forge-1.20.1.jar with {apocalypsenow} mods - versions {3.0.5}
[01Mar2026 21:48:39.897] [main/DEBUG] [net.minecraftforge.fml.loading.moddiscovery.ModFileParser/LOADING]: Considering mod file candidate C:\ServerMine\mods\apocalypticarsenal-1.0.1.jar
[01Mar2026 21:48:39.899] [main/DEBUG] [net.minecraftforge.fml.loading.moddiscovery.ModFileInfo/LOADING]: Found valid mod file apocalypticarsenal-1.0.1.jar with {apocalypticarsenal} mods - versions {1.0.1}
[01Mar2026 21:48:39.901] [main/DEBUG] [net.minecraftforge.fml.loading.moddiscovery.ModFileParser/LOADING]: Considering mod file candidate C:\ServerMine\mods\ApothicAttributes-1.20.1-1.3.7.jar
[01Mar2026 21:48:39.902] [main/DEBUG] [net.minecraftforge.fml.loading.moddiscovery.ModFileInfo/LOADING]: Found valid mod file ApothicAttributes-1.20.1-1.3.7.jar with {attributeslib} mods - versions {1.3.7}
[01Mar2026 21:48:39.904] [main/DEBUG] [net.minecraftforge.fml.loading.moddiscovery.ModFileParser/LOADING]: Considering mod file candidate C:\ServerMine\mods\appleskin-forge-mc1.20.1-2.5.1.jar
[01Mar2026 21:48:39.906] [main/DEBUG] [net.minecraftforge.fml.loading.moddiscovery.ModFileInfo/LOADING]: Found valid mod file appleskin-forge-mc1.20.1-2.5.1.jar with {appleskin} mods - versions {2.5.1+mc1.20.1}
[01Mar2026 21:48:39.907] [main/DEBUG] [net.minecraftforge.fml.loading.moddiscovery.ModFileParser/LOADING]: Considering mod file candidate C:\ServerMine\mods\architectury-9.2.14-forge.jar
[01Mar2026 21:48:39.908] [main/DEBUG] [net.minecraftforge.fml.loading.moddiscovery.ModFileInfo/LOADING]: Found valid mod file architectury-9.2.14-forge.jar with {architectury} mods - versions {9.2.14}
[01Mar2026 21:48:39.910] [main/DEBUG] [net.minecraftforge.fml.loading.moddiscovery.ModFileParser/LOADING]: Considering mod file candidate C:\ServerMine\mods\athena-forge-1.20.1-3.1.2.jar
[01Mar2026 21:48:39.911] [main/DEBUG] [net.minecraftforge.fml.loading.moddiscovery.ModFileInfo/LOADING]: Found valid mod file athena-forge-1.20.1-3.1.2.jar with {athena} mods - versions {3.1.2}
[01Mar2026 21:48:39.912] [main/DEBUG] [net.minecraftforge.fml.loading.moddiscovery.ModFileParser/LOADING]: Considering mod file candidate C:\ServerMine\mods\Atlas Lib-1.20.1-1.1.12.jar
[01Mar2026 21:48:39.914] [main/DEBUG] [net.minecraftforge.fml.loading.moddiscovery.ModFileInfo/LOADING]: Found valid mod file Atlas Lib-1.20.1-1.1.12.jar with {atlaslib} mods - versions {1.1.12}
[01Mar2026 21:48:39.915] [main/DEBUG] [net.minecraftforge.fml.loading.moddiscovery.ModFileParser/LOADING]: Considering mod file candidate C:\ServerMine\mods\auudio_forge_1.0.3_MC_1.19.3.jar
[01Mar2026 21:48:39.916] [main/DEBUG] [net.minecraftforge.fml.loading.moddiscovery.ModFileInfo/LOADING]: Found valid mod file auudio_forge_1.0.3_MC_1.19.3.jar with {auudio} mods - versions {1.0.3}
[01Mar2026 21:48:39.918] [main/DEBUG] [net.minecraftforge.fml.loading.moddiscovery.ModFileParser/LOADING]: Considering mod file candidate C:\ServerMine\mods\BadMobs-1.20.1-19.0.4.jar
[01Mar2026 21:48:39.919] [main/DEBUG] [net.minecraftforge.fml.loading.moddiscovery.ModFileInfo/LOADING]: Found valid mod file BadMobs-1.20.1-19.0.4.jar with {badmobs} mods - versions {19.0.4}
[01Mar2026 21:48:39.922] [main/DEBUG] [net.minecraftforge.fml.loading.moddiscovery.ModFileParser/LOADING]: Considering mod file candidate C:\ServerMine\mods\bbb-forge-2.0pre4.jar
[01Mar2026 21:48:39.923] [main/DEBUG] [net.minecraftforge.fml.loading.moddiscovery.ModFileInfo/LOADING]: Found valid mod file bbb-forge-2.0pre4.jar with {bbb} mods - versions {2.0pre4}
[01Mar2026 21:48:39.925] [main/DEBUG] [net.minecraftforge.fml.loading.moddiscovery.ModFileParser/LOADING]: Considering mod file candidate C:\ServerMine\mods\bbs-1.20.1-0.1.3-forge.jar
[01Mar2026 21:48:39.925] [main/DEBUG] [net.minecraftforge.fml.loading.moddiscovery.ModFileInfo/LOADING]: Found valid mod file bbs-1.20.1-0.1.3-forge.jar with {bbs} mods - versions {1.20.1-0.1.3}
[01Mar2026 21:48:39.928] [main/DEBUG] [net.minecraftforge.fml.loading.moddiscovery.ModFileParser/LOADING]: Considering mod file candidate C:\ServerMine\mods\berezka_api-1.2.8.3-forge-1.20.1.jar
[01Mar2026 21:48:39.929] [main/DEBUG] [net.minecraftforge.fml.loading.moddiscovery.ModFileInfo/LOADING]: Found valid mod file berezka_api-1.2.8.3-forge-1.20.1.jar with {berezka_api} mods - versions {1.2.8.3}
[01Mar2026 21:48:39.931] [main/DEBUG] [net.minecraftforge.fml.loading.moddiscovery.ModFileParser/LOADING]: Considering mod file candidate C:\ServerMine\mods\betterfpsdist-1.20.1-6.0.jar
[01Mar2026 21:48:39.932] [main/DEBUG] [net.minecraftforge.fml.loading.moddiscovery.ModFileInfo/LOADING]: Found valid mod file betterfpsdist-1.20.1-6.0.jar with {betterfpsdist} mods - versions {1.20.1-6.0}
[01Mar2026 21:48:39.936] [main/DEBUG] [net.minecraftforge.fml.loading.moddiscovery.ModFileParser/LOADING]: Considering mod file candidate C:\ServerMine\mods\Bookshelf-Forge-1.20.1-20.2.15.jar
[01Mar2026 21:48:39.937] [main/DEBUG] [net.minecraftforge.fml.loading.moddiscovery.ModFileInfo/LOADING]: Found valid mod file Bookshelf-Forge-1.20.1-20.2.15.jar with {bookshelf} mods - versions {20.2.15}
[01Mar2026 21:48:39.938] [main/DEBUG] [net.minecraftforge.fml.loading.moddiscovery.ModFileParser/LOADING]: Considering mod file candidate C:\ServerMine\mods\BridgeMaker-1.20.1-2.0.3.jar
[01Mar2026 21:48:39.939] [main/DEBUG] [net.minecraftforge.fml.loading.moddiscovery.ModFileInfo/LOADING]: Found valid mod file BridgeMaker-1.20.1-2.0.3.jar with {bridge_maker} mods - versions {2.0.3}
[01Mar2026 21:48:39.942] [main/DEBUG] [net.minecraftforge.fml.loading.moddiscovery.ModFileParser/LOADING]: Considering mod file candidate C:\ServerMine\mods\Butchersdelight beta 1.20.1 2.1.0.jar
[01Mar2026 21:48:39.943] [main/DEBUG] [net.minecraftforge.fml.loading.moddiscovery.ModFileInfo/LOADING]: Found valid mod file Butchersdelight beta 1.20.1 2.1.0.jar with {butchersdelight} mods - versions {1.20.12.1.0}
[01Mar2026 21:48:39.945] [main/DEBUG] [net.minecraftforge.fml.loading.moddiscovery.ModFileParser/LOADING]: Considering mod file candidate C:\ServerMine\mods\CarbonConfig-1.20-1.2.8.2.jar
[01Mar2026 21:48:39.946] [main/DEBUG] [net.minecraftforge.fml.loading.moddiscovery.ModFileInfo/LOADING]: Found valid mod file CarbonConfig-1.20-1.2.8.2.jar with {carbonconfig} mods - versions {1.20-1.2.8.2}
[01Mar2026 21:48:39.948] [main/DEBUG] [net.minecraftforge.fml.loading.moddiscovery.ModFileParser/LOADING]: Considering mod file candidate C:\ServerMine\mods\carryon-forge-1.20.1-2.1.2.7.jar
[01Mar2026 21:48:39.949] [main/DEBUG] [net.minecraftforge.fml.loading.moddiscovery.ModFileInfo/LOADING]: Found valid mod file carryon-forge-1.20.1-2.1.2.7.jar with {carryon} mods - versions {2.1.2.7}
[01Mar2026 21:48:39.951] [main/DEBUG] [net.minecraftforge.fml.loading.moddiscovery.ModFileParser/LOADING]: Considering mod file candidate C:\ServerMine\mods\ceilingtorch-1.20.1-1.32.1.jar
[01Mar2026 21:48:39.952] [main/DEBUG] [net.minecraftforge.fml.loading.moddiscovery.ModFileInfo/LOADING]: Found valid mod file ceilingtorch-1.20.1-1.32.1.jar with {ceilingtorch} mods - versions {1.32.1}
[01Mar2026 21:48:39.971] [main/DEBUG] [net.minecraftforge.fml.loading.moddiscovery.ModFileParser/LOADING]: Considering mod file candidate C:\ServerMine\mods\cfm-forge-1.20.1-7.0.0-pre36.jar
[01Mar2026 21:48:39.972] [main/DEBUG] [net.minecraftforge.fml.loading.moddiscovery.ModFileInfo/LOADING]: Found valid mod file cfm-forge-1.20.1-7.0.0-pre36.jar with {cfm} mods - versions {7.0.0-pre36}
[01Mar2026 21:48:39.974] [main/DEBUG] [net.minecraftforge.fml.loading.moddiscovery.ModFileParser/LOADING]: Considering mod file candidate C:\ServerMine\mods\chaoszpack_structures-1.0.2-1.20.1.jar
[01Mar2026 21:48:39.975] [main/DEBUG] [net.minecraftforge.fml.loading.moddiscovery.ModFileInfo/LOADING]: Found valid mod file chaoszpack_structures-1.0.2-1.20.1.jar with {chaoszpack_structures} mods - versions {1.0.2}
[01Mar2026 21:48:39.977] [main/DEBUG] [net.minecraftforge.fml.loading.moddiscovery.ModFileParser/LOADING]: Considering mod file candidate C:\ServerMine\mods\chaoszproject-bandits-1.0.0-1.20.1.jar
[01Mar2026 21:48:39.978] [main/DEBUG] [net.minecraftforge.fml.loading.moddiscovery.ModFileInfo/LOADING]: Found valid mod file chaoszproject-bandits-1.0.0-1.20.1.jar with {chaoszprojectbandits} mods - versions {1.0.0}
[01Mar2026 21:48:39.979] [main/DEBUG] [net.minecraftforge.fml.loading.moddiscovery.ModFileParser/LOADING]: Considering mod file candidate C:\ServerMine\mods\charmofundying-forge-6.5.0+1.20.1.jar
[01Mar2026 21:48:39.980] [main/DEBUG] [net.minecraftforge.fml.loading.moddiscovery.ModFileInfo/LOADING]: Found valid mod file charmofundying-forge-6.5.0+1.20.1.jar with {charmofundying} mods - versions {6.5.0+1.20.1}
[01Mar2026 21:48:39.982] [main/DEBUG] [net.minecraftforge.fml.loading.moddiscovery.ModFileParser/LOADING]: Considering mod file candidate C:\ServerMine\mods\chat_heads-0.15.0-forge-1.20.jar
[01Mar2026 21:48:39.983] [main/DEBUG] [net.minecraftforge.fml.loading.moddiscovery.ModFileInfo/LOADING]: Found valid mod file chat_heads-0.15.0-forge-1.20.jar with {chat_heads} mods - versions {0.15.0}
[01Mar2026 21:48:39.985] [main/DEBUG] [net.minecraftforge.fml.loading.moddiscovery.ModFileParser/LOADING]: Considering mod file candidate C:\ServerMine\mods\Chunk-Pregenerator-1.20-4.4.5.1.jar
[01Mar2026 21:48:39.986] [main/DEBUG] [net.minecraftforge.fml.loading.moddiscovery.ModFileInfo/LOADING]: Found valid mod file Chunk-Pregenerator-1.20-4.4.5.1.jar with {chunkpregen} mods - versions {1.20-4.4.5.1}
[01Mar2026 21:48:39.988] [main/DEBUG] [net.minecraftforge.fml.loading.moddiscovery.ModFileParser/LOADING]: Considering mod file candidate C:\ServerMine\mods\citadel-2.6.3-1.20.1.jar
[01Mar2026 21:48:39.989] [main/DEBUG] [net.minecraftforge.fml.loading.moddiscovery.ModFileInfo/LOADING]: Found valid mod file citadel-2.6.3-1.20.1.jar with {citadel} mods - versions {2.6.3}
[01Mar2026 21:48:39.991] [main/DEBUG] [net.minecraftforge.fml.loading.moddiscovery.ModFileParser/LOADING]: Considering mod file candidate C:\ServerMine\mods\cleanswing-1.20-1.8.jar
[01Mar2026 21:48:39.992] [main/DEBUG] [net.minecraftforge.fml.loading.moddiscovery.ModFileInfo/LOADING]: Found valid mod file cleanswing-1.20-1.8.jar with {cleanswing} mods - versions {1.8}
[01Mar2026 21:48:39.994] [main/DEBUG] [net.minecraftforge.fml.loading.moddiscovery.ModFileParser/LOADING]: Considering mod file candidate C:\ServerMine\mods\cloth-config-11.1.136-forge.jar
[01Mar2026 21:48:39.994] [main/DEBUG] [net.minecraftforge.fml.loading.moddiscovery.ModFileInfo/LOADING]: Found valid mod file cloth-config-11.1.136-forge.jar with {cloth_config} mods - versions {11.1.136}
[01Mar2026 21:48:39.996] [main/DEBUG] [net.minecraftforge.fml.loading.moddiscovery.ModFileParser/LOADING]: Considering mod file candidate C:\ServerMine\mods\cofh_core-1.20.1-11.0.2.56.jar
[01Mar2026 21:48:39.996] [main/DEBUG] [net.minecraftforge.fml.loading.moddiscovery.ModFileInfo/LOADING]: Found valid mod file cofh_core-1.20.1-11.0.2.56.jar with {cofh_core} mods - versions {11.0.2}
[01Mar2026 21:48:39.998] [main/DEBUG] [net.minecraftforge.fml.loading.moddiscovery.ModFileParser/LOADING]: Considering mod file candidate C:\ServerMine\mods\collective-1.20.1-8.13.jar
[01Mar2026 21:48:39.999] [main/DEBUG] [net.minecraftforge.fml.loading.moddiscovery.ModFileInfo/LOADING]: Found valid mod file collective-1.20.1-8.13.jar with {collective} mods - versions {8.13}
[01Mar2026 21:48:40.000] [main/DEBUG] [net.minecraftforge.fml.loading.moddiscovery.ModFileParser/LOADING]: Considering mod file candidate C:\ServerMine\mods\combatlog-forge-2.6+1.20.1.jar
[01Mar2026 21:48:40.001] [main/DEBUG] [net.minecraftforge.fml.loading.moddiscovery.ModFileInfo/LOADING]: Found valid mod file combatlog-forge-2.6+1.20.1.jar with {combatlog} mods - versions {2.6}
[01Mar2026 21:48:40.002] [main/DEBUG] [net.minecraftforge.fml.loading.moddiscovery.ModFileParser/LOADING]: Considering mod file candidate C:\ServerMine\mods\combatroll-forge-1.3.3+1.20.1.jar
[01Mar2026 21:48:40.004] [main/DEBUG] [net.minecraftforge.fml.loading.moddiscovery.ModFileInfo/LOADING]: Found valid mod file combatroll-forge-1.3.3+1.20.1.jar with {combatroll} mods - versions {1.3.3+1.20.1}
[01Mar2026 21:48:40.006] [main/DEBUG] [net.minecraftforge.fml.loading.moddiscovery.ModFileParser/LOADING]: Considering mod file candidate C:\ServerMine\mods\comforts-forge-6.4.0+1.20.1.jar
[01Mar2026 21:48:40.007] [main/DEBUG] [net.minecraftforge.fml.loading.moddiscovery.ModFileInfo/LOADING]: Found valid mod file comforts-forge-6.4.0+1.20.1.jar with {comforts} mods - versions {6.4.0+1.20.1}
[01Mar2026 21:48:40.009] [main/DEBUG] [net.minecraftforge.fml.loading.moddiscovery.ModFileParser/LOADING]: Considering mod file candidate C:\ServerMine\mods\configurableextramobdrops-1.20.1-3.5.jar
[01Mar2026 21:48:40.010] [main/DEBUG] [net.minecraftforge.fml.loading.moddiscovery.ModFileInfo/LOADING]: Found valid mod file configurableextramobdrops-1.20.1-3.5.jar with {configurableextramobdrops} mods - versions {3.5}
[01Mar2026 21:48:40.011] [main/DEBUG] [net.minecraftforge.fml.loading.moddiscovery.ModFileParser/LOADING]: Considering mod file candidate C:\ServerMine\mods\Controlling-forge-1.20.1-12.0.2.jar
[01Mar2026 21:48:40.012] [main/DEBUG] [net.minecraftforge.fml.loading.moddiscovery.ModFileInfo/LOADING]: Found valid mod file Controlling-forge-1.20.1-12.0.2.jar with {controlling} mods - versions {12.0.2}
[01Mar2026 21:48:40.013] [main/DEBUG] [net.minecraftforge.fml.loading.moddiscovery.ModFileParser/LOADING]: Considering mod file candidate C:\ServerMine\mods\copycats-3.0.7+mc.1.20.1-forge.jar
[01Mar2026 21:48:40.015] [main/DEBUG] [net.minecraftforge.fml.loading.moddiscovery.ModFileInfo/LOADING]: Found valid mod file copycats-3.0.7+mc.1.20.1-forge.jar with {copycats} mods - versions {3.0.7+mc.1.20.1-forge}
[01Mar2026 21:48:40.016] [main/DEBUG] [net.minecraftforge.fml.loading.moddiscovery.ModFileParser/LOADING]: Considering mod file candidate C:\ServerMine\mods\Corgilib-Forge-1.20.1-4.0.3.4.jar
[01Mar2026 21:48:40.017] [main/DEBUG] [net.minecraftforge.fml.loading.moddiscovery.ModFileInfo/LOADING]: Found valid mod file Corgilib-Forge-1.20.1-4.0.3.4.jar with {corgilib} mods - versions {4.0.3.4}
[01Mar2026 21:48:40.019] [main/DEBUG] [net.minecraftforge.fml.loading.moddiscovery.ModFileParser/LOADING]: Considering mod file candidate C:\ServerMine\mods\coroutil-forge-1.20.1-1.3.7.jar
[01Mar2026 21:48:40.020] [main/DEBUG] [net.minecraftforge.fml.loading.moddiscovery.ModFileInfo/LOADING]: Found valid mod file coroutil-forge-1.20.1-1.3.7.jar with {coroutil} mods - versions {1.20.1-1.3.7}
[01Mar2026 21:48:40.021] [main/DEBUG] [net.minecraftforge.fml.loading.moddiscovery.ModFileParser/LOADING]: Considering mod file candidate C:\ServerMine\mods\corpse-forge-1.20.1-1.0.23.jar
[01Mar2026 21:48:40.022] [main/DEBUG] [net.minecraftforge.fml.loading.moddiscovery.ModFileInfo/LOADING]: Found valid mod file corpse-forge-1.20.1-1.0.23.jar with {corpse} mods - versions {1.20.1-1.0.23}
[01Mar2026 21:48:40.024] [main/DEBUG] [net.minecraftforge.fml.loading.moddiscovery.ModFileParser/LOADING]: Considering mod file candidate C:\ServerMine\mods\CraftPresence-2.7.0+1.20.1-forge.jar
[01Mar2026 21:48:40.025] [main/DEBUG] [net.minecraftforge.fml.loading.moddiscovery.ModFileInfo/LOADING]: Found valid mod file CraftPresence-2.7.0+1.20.1-forge.jar with {craftpresence} mods - versions {2.7.0}
[01Mar2026 21:48:40.028] [main/DEBUG] [net.minecraftforge.fml.loading.moddiscovery.ModFileParser/LOADING]: Considering mod file candidate C:\ServerMine\mods\CraftTweaker-forge-1.20.1-14.0.59.jar
[01Mar2026 21:48:40.028] [main/DEBUG] [net.minecraftforge.fml.loading.moddiscovery.ModFileInfo/LOADING]: Found valid mod file CraftTweaker-forge-1.20.1-14.0.59.jar with {crafttweaker} mods - versions {14.0.59}
[01Mar2026 21:48:40.030] [main/DEBUG] [net.minecraftforge.fml.loading.moddiscovery.ModFileParser/LOADING]: Considering mod file candidate C:\ServerMine\mods\crashutilities-8.1.4.jar
[01Mar2026 21:48:40.031] [main/DEBUG] [net.minecraftforge.fml.loading.moddiscovery.ModFileInfo/LOADING]: Found valid mod file crashutilities-8.1.4.jar with {crashutilities} mods - versions {8.1.4}
[01Mar2026 21:48:40.033] [main/DEBUG] [net.minecraftforge.fml.loading.moddiscovery.ModFileParser/LOADING]: Considering mod file candidate C:\ServerMine\mods\crawlondemand-1.20-1.0.1.jar
[01Mar2026 21:48:40.034] [main/DEBUG] [net.minecraftforge.fml.loading.moddiscovery.ModFileInfo/LOADING]: Found valid mod file crawlondemand-1.20-1.0.1.jar with {crawlondemand} mods - versions {1.20-1.0.1}
[01Mar2026 21:48:40.040] [main/DEBUG] [net.minecraftforge.fml.loading.moddiscovery.ModFileParser/LOADING]: Considering mod file candidate C:\ServerMine\mods\create-1.20.1-6.0.8.jar
[01Mar2026 21:48:40.041] [main/DEBUG] [net.minecraftforge.fml.loading.moddiscovery.ModFileInfo/LOADING]: Found valid mod file create-1.20.1-6.0.8.jar with {create} mods - versions {6.0.8}
[01Mar2026 21:48:40.043] [main/DEBUG] [net.minecraftforge.fml.loading.moddiscovery.ModFileParser/LOADING]: Considering mod file candidate C:\ServerMine\mods\create_furnitures-1.1.2-forge-1.20.1.jar
[01Mar2026 21:48:40.044] [main/DEBUG] [net.minecraftforge.fml.loading.moddiscovery.ModFileInfo/LOADING]: Found valid mod file create_furnitures-1.1.2-forge-1.20.1.jar with {create_furnitures} mods - versions {1.1.2}
[01Mar2026 21:48:40.047] [main/DEBUG] [net.minecraftforge.fml.loading.moddiscovery.ModFileParser/LOADING]: Considering mod file candidate C:\ServerMine\mods\createbigcannons-5.11.1-mc.1.20.1-forge.jar
[01Mar2026 21:48:40.048] [main/DEBUG] [net.minecraftforge.fml.loading.moddiscovery.ModFileInfo/LOADING]: Found valid mod file createbigcannons-5.11.1-mc.1.20.1-forge.jar with {createbigcannons} mods - versions {5.11.1}
[01Mar2026 21:48:40.053] [main/DEBUG] [net.minecraftforge.fml.loading.moddiscovery.ModFileParser/LOADING]: Considering mod file candidate C:\ServerMine\mods\createdeco-2.0.3-1.20.1-forge.jar
[01Mar2026 21:48:40.054] [main/DEBUG] [net.minecraftforge.fml.loading.moddiscovery.ModFileInfo/LOADING]: Found valid mod file createdeco-2.0.3-1.20.1-forge.jar with {createdeco} mods - versions {2.0.3-1.20.1-forge}
[01Mar2026 21:48:40.056] [main/DEBUG] [net.minecraftforge.fml.loading.moddiscovery.ModFileParser/LOADING]: Considering mod file candidate C:\ServerMine\mods\createdieselgenerators-1.20.1-1.3.8.jar
[01Mar2026 21:48:40.057] [main/DEBUG] [net.minecraftforge.fml.loading.moddiscovery.ModFileInfo/LOADING]: Found valid mod file createdieselgenerators-1.20.1-1.3.8.jar with {createdieselgenerators} mods - versions {1.20.1-1.3.8}
[01Mar2026 21:48:40.059] [main/DEBUG] [net.minecraftforge.fml.loading.moddiscovery.ModFileParser/LOADING]: Considering mod file candidate C:\ServerMine\mods\CreateTweaker-forge-1.20.1-4.0.15.jar
[01Mar2026 21:48:40.060] [main/DEBUG] [net.minecraftforge.fml.loading.moddiscovery.ModFileInfo/LOADING]: Found valid mod file CreateTweaker-forge-1.20.1-4.0.15.jar with {createtweaker} mods - versions {4.0.15}
[01Mar2026 21:48:40.062] [main/DEBUG] [net.minecraftforge.fml.loading.moddiscovery.ModFileParser/LOADING]: Considering mod file candidate C:\ServerMine\mods\CreativeCore_FORGE_v2.12.35_mc1.20.1.jar
[01Mar2026 21:48:40.063] [main/DEBUG] [net.minecraftforge.fml.loading.moddiscovery.ModFileInfo/LOADING]: Found valid mod file CreativeCore_FORGE_v2.12.35_mc1.20.1.jar with {creativecore} mods - versions {2.12.35}
[01Mar2026 21:48:40.067] [main/DEBUG] [net.minecraftforge.fml.loading.moddiscovery.ModFileParser/LOADING]: Considering mod file candidate C:\ServerMine\mods\Croptopia-1.20.1-FORGE-3.0.4.jar
[01Mar2026 21:48:40.068] [main/DEBUG] [net.minecraftforge.fml.loading.moddiscovery.ModFileInfo/LOADING]: Found valid mod file Croptopia-1.20.1-FORGE-3.0.4.jar with {croptopia} mods - versions {3.0.4}
[01Mar2026 21:48:40.069] [main/DEBUG] [net.minecraftforge.fml.loading.moddiscovery.ModFileParser/LOADING]: Considering mod file candidate C:\ServerMine\mods\cupboard-1.20.1-3.0.jar
[01Mar2026 21:48:40.070] [main/DEBUG] [net.minecraftforge.fml.loading.moddiscovery.ModFileInfo/LOADING]: Found valid mod file cupboard-1.20.1-3.0.jar with {cupboard} mods - versions {1.20.1-3.0}
[01Mar2026 21:48:40.072] [main/DEBUG] [net.minecraftforge.fml.loading.moddiscovery.ModFileParser/LOADING]: Considering mod file candidate C:\ServerMine\mods\curios-forge-5.14.1+1.20.1.jar
[01Mar2026 21:48:40.073] [main/DEBUG] [net.minecraftforge.fml.loading.moddiscovery.ModFileInfo/LOADING]: Found valid mod file curios-forge-5.14.1+1.20.1.jar with {curios} mods - versions {5.14.1+1.20.1}
[01Mar2026 21:48:40.074] [main/DEBUG] [net.minecraftforge.fml.loading.moddiscovery.ModFileParser/LOADING]: Considering mod file candidate C:\ServerMine\mods\cw_additions-1.1.6b-RELEASE-1.0-forge-1.20.1.jar
[01Mar2026 21:48:40.075] [main/DEBUG] [net.minecraftforge.fml.loading.moddiscovery.ModFileInfo/LOADING]: Found valid mod file cw_additions-1.1.6b-RELEASE-1.0-forge-1.20.1.jar with {cw_additions} mods - versions {1.1.6}
[01Mar2026 21:48:40.077] [main/DEBUG] [net.minecraftforge.fml.loading.moddiscovery.ModFileParser/LOADING]: Considering mod file candidate C:\ServerMine\mods\daffas_arsenal-3.2.0.jar
[01Mar2026 21:48:40.078] [main/DEBUG] [net.minecraftforge.fml.loading.moddiscovery.ModFileInfo/LOADING]: Found valid mod file daffas_arsenal-3.2.0.jar with {daffas_arsenal} mods - versions {3.2.0}
[01Mar2026 21:48:40.080] [main/DEBUG] [net.minecraftforge.fml.loading.moddiscovery.ModFileParser/LOADING]: Considering mod file candidate C:\ServerMine\mods\darkness-forge-1.20.1-2.0.103-fork.jar
[01Mar2026 21:48:40.081] [main/DEBUG] [net.minecraftforge.fml.loading.moddiscovery.ModFileInfo/LOADING]: Found valid mod file darkness-forge-1.20.1-2.0.103-fork.jar with {darkness} mods - versions {2.0.103}
[01Mar2026 21:48:40.082] [main/DEBUG] [net.minecraftforge.fml.loading.moddiscovery.ModFileParser/LOADING]: Considering mod file candidate C:\ServerMine\mods\Data_Anchor-forge-1.20.1-1.0.0.20.jar
[01Mar2026 21:48:40.083] [main/DEBUG] [net.minecraftforge.fml.loading.moddiscovery.ModFileInfo/LOADING]: Found valid mod file Data_Anchor-forge-1.20.1-1.0.0.20.jar with {dataanchor} mods - versions {1.0.0.20}
[01Mar2026 21:48:40.084] [main/DEBUG] [net.minecraftforge.fml.loading.moddiscovery.ModFileParser/LOADING]: Considering mod file candidate C:\ServerMine\mods\decoration-delight-1.20.1.jar
[01Mar2026 21:48:40.085] [main/DEBUG] [net.minecraftforge.fml.loading.moddiscovery.ModFileInfo/LOADING]: Found valid mod file decoration-delight-1.20.1.jar with {decoration_delight} mods - versions {1.0.0}
[01Mar2026 21:48:40.087] [main/DEBUG] [net.minecraftforge.fml.loading.moddiscovery.ModFileParser/LOADING]: Considering mod file candidate C:\ServerMine\mods\decorative_blocks-forge-1.20.1-4.1.3.jar
[01Mar2026 21:48:40.088] [main/DEBUG] [net.minecraftforge.fml.loading.moddiscovery.ModFileInfo/LOADING]: Found valid mod file decorative_blocks-forge-1.20.1-4.1.3.jar with {decorative_blocks} mods - versions {4.1.3}
[01Mar2026 21:48:40.090] [main/DEBUG] [net.minecraftforge.fml.loading.moddiscovery.ModFileParser/LOADING]: Considering mod file candidate C:\ServerMine\mods\DimensionAccessManager-1.20.1-3.1.0.jar
[01Mar2026 21:48:40.091] [main/DEBUG] [net.minecraftforge.fml.loading.moddiscovery.ModFileInfo/LOADING]: Found valid mod file DimensionAccessManager-1.20.1-3.1.0.jar with {dimension_access_manager} mods - versions {3.1.0}
[01Mar2026 21:48:40.095] [main/DEBUG] [net.minecraftforge.fml.loading.moddiscovery.ModFileParser/LOADING]: Considering mod file candidate C:\ServerMine\mods\doomsday_decoration-1.1.3-forge-1.20.1.jar
[01Mar2026 21:48:40.096] [main/DEBUG] [net.minecraftforge.fml.loading.moddiscovery.ModFileInfo/LOADING]: Found valid mod file doomsday_decoration-1.1.3-forge-1.20.1.jar with {doomsday_decoration} mods - versions {1.0.0}
[01Mar2026 21:48:40.097] [main/DEBUG] [net.minecraftforge.fml.loading.moddiscovery.ModFileParser/LOADING]: Considering mod file candidate C:\ServerMine\mods\doomsday_translations-1.0.7.jar
[01Mar2026 21:48:40.098] [main/DEBUG] [net.minecraftforge.fml.loading.moddiscovery.ModFileInfo/LOADING]: Found valid mod file doomsday_translations-1.0.7.jar with {doomsday_translations} mods - versions {1.0.7}
[01Mar2026 21:48:40.099] [main/DEBUG] [net.minecraftforge.fml.loading.moddiscovery.ModFileParser/LOADING]: Considering mod file candidate C:\ServerMine\mods\DreamCasLib 1.0.1 - 1.20.1.jar
[01Mar2026 21:48:40.100] [main/DEBUG] [net.minecraftforge.fml.loading.moddiscovery.ModFileInfo/LOADING]: Found valid mod file DreamCasLib 1.0.1 - 1.20.1.jar with {dreamcaslib} mods - versions {1.0.0}
[01Mar2026 21:48:40.102] [main/DEBUG] [net.minecraftforge.fml.loading.moddiscovery.ModFileParser/LOADING]: Considering mod file candidate C:\ServerMine\mods\drippyloadingscreen_forge_3.1.0_MC_1.20.1.jar
[01Mar2026 21:48:40.102] [main/DEBUG] [net.minecraftforge.fml.loading.moddiscovery.ModFileInfo/LOADING]: Found valid mod file drippyloadingscreen_forge_3.1.0_MC_1.20.1.jar with {drippyloadingscreen} mods - versions {3.1.0}
[01Mar2026 21:48:40.104] [main/DEBUG] [net.minecraftforge.fml.loading.moddiscovery.ModFileParser/LOADING]: Considering mod file candidate C:\ServerMine\mods\DripSounds-1.19.4-0.3.2.jar
[01Mar2026 21:48:40.104] [main/DEBUG] [net.minecraftforge.fml.loading.moddiscovery.ModFileInfo/LOADING]: Found valid mod file DripSounds-1.19.4-0.3.2.jar with {waterdripsound} mods - versions {0.3.2}
[01Mar2026 21:48:40.106] [main/DEBUG] [net.minecraftforge.fml.loading.moddiscovery.ModFileParser/LOADING]: Considering mod file candidate C:\ServerMine\mods\dummmmmmy-1.20-2.0.9.jar
[01Mar2026 21:48:40.107] [main/DEBUG] [net.minecraftforge.fml.loading.moddiscovery.ModFileInfo/LOADING]: Found valid mod file dummmmmmy-1.20-2.0.9.jar with {dummmmmmy} mods - versions {1.20-2.0.9}
[01Mar2026 21:48:40.108] [main/DEBUG] [net.minecraftforge.fml.loading.moddiscovery.ModFileParser/LOADING]: Considering mod file candidate C:\ServerMine\mods\DustrialDecor-1.3.5-1.20.jar
[01Mar2026 21:48:40.109] [main/DEBUG] [net.minecraftforge.fml.loading.moddiscovery.ModFileInfo/LOADING]: Found valid mod file DustrialDecor-1.3.5-1.20.jar with {dustrial_decor} mods - versions {1.3.2}
[01Mar2026 21:48:40.111] [main/DEBUG] [net.minecraftforge.fml.loading.moddiscovery.ModFileParser/LOADING]: Considering mod file candidate C:\ServerMine\mods\dweller_dweller-3.13.1.jar
[01Mar2026 21:48:40.111] [main/DEBUG] [net.minecraftforge.fml.loading.moddiscovery.ModFileInfo/LOADING]: Found valid mod file dweller_dweller-3.13.1.jar with {dweller_dweller} mods - versions {3.13.1}
[01Mar2026 21:48:40.113] [main/DEBUG] [net.minecraftforge.fml.loading.moddiscovery.ModFileParser/LOADING]: Considering mod file candidate C:\ServerMine\mods\dynamiclights-v1.9-mc1.17-1.21.5-mod.jar
[01Mar2026 21:48:40.115] [main/DEBUG] [net.minecraftforge.fml.loading.moddiscovery.ModFileInfo/LOADING]: Found valid mod file dynamiclights-v1.9-mc1.17-1.21.5-mod.jar with {dynamiclights} mods - versions {1.9+mod}
[01Mar2026 21:48:40.116] [main/DEBUG] [net.minecraftforge.fml.loading.moddiscovery.ModFileParser/LOADING]: Considering mod file candidate C:\ServerMine\mods\DynamicTrees-1.20.1-1.4.10.jar
[01Mar2026 21:48:40.117] [main/DEBUG] [net.minecraftforge.fml.loading.moddiscovery.ModFileInfo/LOADING]: Found valid mod file DynamicTrees-1.20.1-1.4.10.jar with {dynamictrees} mods - versions {1.20.1-1.4.10}
[01Mar2026 21:48:40.119] [main/DEBUG] [net.minecraftforge.fml.loading.moddiscovery.ModFileParser/LOADING]: Considering mod file candidate C:\ServerMine\mods\DynamicTreesCroptopia-1.20.1-1.0.0.jar
[01Mar2026 21:48:40.120] [main/DEBUG] [net.minecraftforge.fml.loading.moddiscovery.ModFileInfo/LOADING]: Found valid mod file DynamicTreesCroptopia-1.20.1-1.0.0.jar with {dtcroptopia} mods - versions {1.20.1-1.0.0}
[01Mar2026 21:48:40.122] [main/DEBUG] [net.minecraftforge.fml.loading.moddiscovery.ModFileParser/LOADING]: Considering mod file candidate C:\ServerMine\mods\DynamicTreesPlus-1.20.1-1.2.2.jar
[01Mar2026 21:48:40.123] [main/DEBUG] [net.minecraftforge.fml.loading.moddiscovery.ModFileInfo/LOADING]: Found valid mod file DynamicTreesPlus-1.20.1-1.2.2.jar with {dynamictreesplus} mods - versions {1.20.1-1.2.2}
[01Mar2026 21:48:40.125] [main/DEBUG] [net.minecraftforge.fml.loading.moddiscovery.ModFileParser/LOADING]: Considering mod file candidate C:\ServerMine\mods\DynamicTreesRU-1.20.1-1.0.1.jar
[01Mar2026 21:48:40.126] [main/DEBUG] [net.minecraftforge.fml.loading.moddiscovery.ModFileInfo/LOADING]: Found valid mod file DynamicTreesRU-1.20.1-1.0.1.jar with {dtru} mods - versions {1.20.1-1.0.1}
[01Mar2026 21:48:40.128] [main/DEBUG] [net.minecraftforge.fml.loading.moddiscovery.ModFileParser/LOADING]: Considering mod file candidate C:\ServerMine\mods\DynamicTreesSoilsCompat-1.0.1.jar
[01Mar2026 21:48:40.129] [main/DEBUG] [net.minecraftforge.fml.loading.moddiscovery.ModFileInfo/LOADING]: Found valid mod file DynamicTreesSoilsCompat-1.0.1.jar with {dtsoilscompat} mods - versions {1.0.1}
[01Mar2026 21:48:40.131] [main/DEBUG] [net.minecraftforge.fml.loading.moddiscovery.ModFileParser/LOADING]: Considering mod file candidate C:\ServerMine\mods\DynamicTreesTerralith-1.20.1-1.2.6.jar
[01Mar2026 21:48:40.132] [main/DEBUG] [net.minecraftforge.fml.loading.moddiscovery.ModFileInfo/LOADING]: Found valid mod file DynamicTreesTerralith-1.20.1-1.2.6.jar with {dtterralith} mods - versions {1.20.1-1.2.6}
[01Mar2026 21:48:40.134] [main/DEBUG] [net.minecraftforge.fml.loading.moddiscovery.ModFileParser/LOADING]: Considering mod file candidate C:\ServerMine\mods\eatinganimation-1.20.1-5.1.0.jar
[01Mar2026 21:48:40.135] [main/DEBUG] [net.minecraftforge.fml.loading.moddiscovery.ModFileInfo/LOADING]: Found valid mod file eatinganimation-1.20.1-5.1.0.jar with {eatinganimation} mods - versions {5.1.0}
[01Mar2026 21:48:40.136] [main/DEBUG] [net.minecraftforge.fml.loading.moddiscovery.ModFileParser/LOADING]: Considering mod file candidate C:\ServerMine\mods\ecologics-forge-1.20.1-2.2.4.jar
[01Mar2026 21:48:40.137] [main/DEBUG] [net.minecraftforge.fml.loading.moddiscovery.ModFileInfo/LOADING]: Found valid mod file ecologics-forge-1.20.1-2.2.4.jar with {ecologics} mods - versions {2.2.4}
[01Mar2026 21:48:40.138] [main/DEBUG] [net.minecraftforge.fml.loading.moddiscovery.ModFileParser/LOADING]: Considering mod file candidate C:\ServerMine\mods\eh1.3.1-1.20.1.jar
[01Mar2026 21:48:40.139] [main/DEBUG] [net.minecraftforge.fml.loading.moddiscovery.ModFileInfo/LOADING]: Found valid mod file eh1.3.1-1.20.1.jar with {horde_hoard} mods - versions {1.1.0}
[01Mar2026 21:48:40.140] [main/DEBUG] [net.minecraftforge.fml.loading.moddiscovery.ModFileParser/LOADING]: Considering mod file candidate C:\ServerMine\mods\embeddium-0.3.31+mc1.20.1.jar
[01Mar2026 21:48:40.141] [main/DEBUG] [net.minecraftforge.fml.loading.moddiscovery.ModFileInfo/LOADING]: Found valid mod file embeddium-0.3.31+mc1.20.1.jar with {embeddium,rubidium} mods - versions {0.3.31+mc1.20.1,0.7.1}
[01Mar2026 21:48:40.144] [main/DEBUG] [net.minecraftforge.fml.loading.moddiscovery.ModFileParser/LOADING]: Considering mod file candidate C:\ServerMine\mods\EnchantmentDescriptions-Forge-1.20.1-17.1.21.jar
[01Mar2026 21:48:40.144] [main/DEBUG] [net.minecraftforge.fml.loading.moddiscovery.ModFileInfo/LOADING]: Found valid mod file EnchantmentDescriptions-Forge-1.20.1-17.1.21.jar with {enchdesc} mods - versions {17.1.21}
[01Mar2026 21:48:40.147] [main/DEBUG] [net.minecraftforge.fml.loading.moddiscovery.ModFileParser/LOADING]: Considering mod file candidate C:\ServerMine\mods\Enhanced-Celestials-forge-1.20.1-5.0.3.1.jar
[01Mar2026 21:48:40.148] [main/DEBUG] [net.minecraftforge.fml.loading.moddiscovery.ModFileInfo/LOADING]: Found valid mod file Enhanced-Celestials-forge-1.20.1-5.0.3.1.jar with {enhancedcelestials} mods - versions {1.20.1-5.0.3.1}
[01Mar2026 21:48:40.149] [main/DEBUG] [net.minecraftforge.fml.loading.moddiscovery.ModFileParser/LOADING]: Considering mod file candidate C:\ServerMine\mods\EnhancedVisuals_FORGE_v1.8.2_mc1.20.1.jar
[01Mar2026 21:48:40.150] [main/DEBUG] [net.minecraftforge.fml.loading.moddiscovery.ModFileInfo/LOADING]: Found valid mod file EnhancedVisuals_FORGE_v1.8.2_mc1.20.1.jar with {enhancedvisuals} mods - versions {1.8.2}
[01Mar2026 21:48:40.151] [main/DEBUG] [net.minecraftforge.fml.loading.moddiscovery.ModFileParser/LOADING]: Considering mod file candidate C:\ServerMine\mods\entity_model_features_1.20.1-forge-3.0.12.jar
[01Mar2026 21:48:40.152] [main/DEBUG] [net.minecraftforge.fml.loading.moddiscovery.ModFileInfo/LOADING]: Found valid mod file entity_model_features_1.20.1-forge-3.0.12.jar with {entity_model_features} mods - versions {3.0.12}
[01Mar2026 21:48:40.154] [main/DEBUG] [net.minecraftforge.fml.loading.moddiscovery.ModFileParser/LOADING]: Considering mod file candidate C:\ServerMine\mods\entity_texture_features_1.20.1-forge-7.0.9.jar
[01Mar2026 21:48:40.154] [main/DEBUG] [net.minecraftforge.fml.loading.moddiscovery.ModFileInfo/LOADING]: Found valid mod file entity_texture_features_1.20.1-forge-7.0.9.jar with {entity_texture_features} mods - versions {7.0.9}
[01Mar2026 21:48:40.156] [main/DEBUG] [net.minecraftforge.fml.loading.moddiscovery.ModFileParser/LOADING]: Considering mod file candidate C:\ServerMine\mods\entityculling-forge-1.9.5-mc1.20.1.jar
[01Mar2026 21:48:40.157] [main/DEBUG] [net.minecraftforge.fml.loading.moddiscovery.ModFileInfo/LOADING]: Found valid mod file entityculling-forge-1.9.5-mc1.20.1.jar with {entityculling} mods - versions {1.9.5}
[01Mar2026 21:48:40.158] [main/DEBUG] [net.minecraftforge.fml.loading.moddiscovery.ModFileParser/LOADING]: Considering mod file candidate C:\ServerMine\mods\EpheroLib-1.20.1-FORGE-1.2.0.jar
[01Mar2026 21:48:40.159] [main/DEBUG] [net.minecraftforge.fml.loading.moddiscovery.ModFileInfo/LOADING]: Found valid mod file EpheroLib-1.20.1-FORGE-1.2.0.jar with {epherolib} mods - versions {0.1.2}
[01Mar2026 21:48:40.160] [main/DEBUG] [net.minecraftforge.fml.loading.moddiscovery.ModFileParser/LOADING]: Considering mod file candidate C:\ServerMine\mods\experimentalsettingsdisabler-1.20.1-3.0.jar
[01Mar2026 21:48:40.161] [main/DEBUG] [net.minecraftforge.fml.loading.moddiscovery.ModFileInfo/LOADING]: Found valid mod file experimentalsettingsdisabler-1.20.1-3.0.jar with {experimentalsettingsdisabler} mods - versions {3.0}
[01Mar2026 21:48:40.163] [main/DEBUG] [net.minecraftforge.fml.loading.moddiscovery.ModFileParser/LOADING]: Considering mod file candidate C:\ServerMine\mods\Explosion-Overhaul-0.1.6.9-a Forge-1.20.1.jar
[01Mar2026 21:48:40.164] [main/DEBUG] [net.minecraftforge.fml.loading.moddiscovery.ModFileInfo/LOADING]: Found valid mod file Explosion-Overhaul-0.1.6.9-a Forge-1.20.1.jar with {explosionoverhaul} mods - versions {0.1.6.9-a}
[01Mar2026 21:48:40.166] [main/DEBUG] [net.minecraftforge.fml.loading.moddiscovery.ModFileParser/LOADING]: Considering mod file candidate C:\ServerMine\mods\Extinction Z 1.20.1 1.1.3.jar
[01Mar2026 21:48:40.166] [main/DEBUG] [net.minecraftforge.fml.loading.moddiscovery.ModFileInfo/LOADING]: Found valid mod file Extinction Z 1.20.1 1.1.3.jar with {extinction} mods - versions {1.1.0}
[01Mar2026 21:48:40.168] [main/DEBUG] [net.minecraftforge.fml.loading.moddiscovery.ModFileParser/LOADING]: Considering mod file candidate C:\ServerMine\mods\extragore-1.20.1-5.2.3.1.jar
[01Mar2026 21:48:40.168] [main/DEBUG] [net.minecraftforge.fml.loading.moddiscovery.ModFileInfo/LOADING]: Found valid mod file extragore-1.20.1-5.2.3.1.jar with {extragore} mods - versions {5.2.3.1}
[01Mar2026 21:48:40.170] [main/DEBUG] [net.minecraftforge.fml.loading.moddiscovery.ModFileParser/LOADING]: Considering mod file candidate C:\ServerMine\mods\fallingleaves-1.20.1-2.1.2.jar
[01Mar2026 21:48:40.170] [main/DEBUG] [net.minecraftforge.fml.loading.moddiscovery.ModFileInfo/LOADING]: Found valid mod file fallingleaves-1.20.1-2.1.2.jar with {fallingleaves} mods - versions {2.1.2}
[01Mar2026 21:48:40.171] [main/DEBUG] [net.minecraftforge.fml.loading.moddiscovery.ModFileParser/LOADING]: Considering mod file candidate C:\ServerMine\mods\fallingtrees-forge-mc1.20-0.13.2-SNAPSHOT.jar
[01Mar2026 21:48:40.172] [main/DEBUG] [net.minecraftforge.fml.loading.moddiscovery.ModFileInfo/LOADING]: Found valid mod file fallingtrees-forge-mc1.20-0.13.2-SNAPSHOT.jar with {fallingtrees} mods - versions {0.13.2}
[01Mar2026 21:48:40.174] [main/DEBUG] [net.minecraftforge.fml.loading.moddiscovery.ModFileParser/LOADING]: Considering mod file candidate C:\ServerMine\mods\fancymenu_forge_3.8.1_MC_1.20.1.jar
[01Mar2026 21:48:40.174] [main/DEBUG] [net.minecraftforge.fml.loading.moddiscovery.ModFileInfo/LOADING]: Found valid mod file fancymenu_forge_3.8.1_MC_1.20.1.jar with {fancymenu} mods - versions {3.8.1}
[01Mar2026 21:48:40.176] [main/DEBUG] [net.minecraftforge.fml.loading.moddiscovery.ModFileParser/LOADING]: Considering mod file candidate C:\ServerMine\mods\farmers_croptopia-1.20.1-3.2.0.jar
[01Mar2026 21:48:40.177] [main/DEBUG] [net.minecraftforge.fml.loading.moddiscovery.ModFileInfo/LOADING]: Found valid mod file farmers_croptopia-1.20.1-3.2.0.jar with {farmers_croptopia} mods - versions {3.2.0}
[01Mar2026 21:48:40.179] [main/DEBUG] [net.minecraftforge.fml.loading.moddiscovery.ModFileParser/LOADING]: Considering mod file candidate C:\ServerMine\mods\FarmersDelight-1.20.1-1.2.10.jar
[01Mar2026 21:48:40.180] [main/DEBUG] [net.minecraftforge.fml.loading.moddiscovery.ModFileInfo/LOADING]: Found valid mod file FarmersDelight-1.20.1-1.2.10.jar with {farmersdelight} mods - versions {1.20.1-1.2.10}
[01Mar2026 21:48:40.181] [main/DEBUG] [net.minecraftforge.fml.loading.moddiscovery.ModFileParser/LOADING]: Considering mod file candidate C:\ServerMine\mods\farmersrespite-1.20.1-2.1.2.jar
[01Mar2026 21:48:40.182] [main/DEBUG] [net.minecraftforge.fml.loading.moddiscovery.ModFileInfo/LOADING]: Found valid mod file farmersrespite-1.20.1-2.1.2.jar with {farmersrespite} mods - versions {1.20.1-2.1}
[01Mar2026 21:48:40.183] [main/DEBUG] [net.minecraftforge.fml.loading.moddiscovery.ModFileParser/LOADING]: Considering mod file candidate C:\ServerMine\mods\FastFurnace-1.20.1-8.0.2.jar
[01Mar2026 21:48:40.183] [main/DEBUG] [net.minecraftforge.fml.loading.moddiscovery.ModFileInfo/LOADING]: Found valid mod file FastFurnace-1.20.1-8.0.2.jar with {fastfurnace} mods - versions {8.0.2}
[01Mar2026 21:48:40.184] [main/DEBUG] [net.minecraftforge.fml.loading.moddiscovery.ModFileParser/LOADING]: Considering mod file candidate C:\ServerMine\mods\fastpaintings-1.20-1.2.7.jar
[01Mar2026 21:48:40.186] [main/DEBUG] [net.minecraftforge.fml.loading.moddiscovery.ModFileInfo/LOADING]: Found valid mod file fastpaintings-1.20-1.2.7.jar with {fastpaintings} mods - versions {1.20-1.2.7}
[01Mar2026 21:48:40.187] [main/DEBUG] [net.minecraftforge.fml.loading.moddiscovery.ModFileParser/LOADING]: Considering mod file candidate C:\ServerMine\mods\FazRoleplayClothes-1.20.1-2.4.jar
[01Mar2026 21:48:40.188] [main/DEBUG] [net.minecraftforge.fml.loading.moddiscovery.ModFileInfo/LOADING]: Found valid mod file FazRoleplayClothes-1.20.1-2.4.jar with {faz_roleplay_plus} mods - versions {2.4}
[01Mar2026 21:48:40.191] [main/DEBUG] [net.minecraftforge.fml.loading.moddiscovery.ModFileParser/LOADING]: Considering mod file candidate C:\ServerMine\mods\ferritecore-6.0.1-forge.jar
[01Mar2026 21:48:40.192] [main/DEBUG] [net.minecraftforge.fml.loading.moddiscovery.ModFileInfo/LOADING]: Found valid mod file ferritecore-6.0.1-forge.jar with {ferritecore} mods - versions {6.0.1}
[01Mar2026 21:48:40.194] [main/DEBUG] [net.minecraftforge.fml.loading.moddiscovery.ModFileParser/LOADING]: Considering mod file candidate C:\ServerMine\mods\firstjoinmessage-1.20.1-3.8.jar
[01Mar2026 21:48:40.194] [main/DEBUG] [net.minecraftforge.fml.loading.moddiscovery.ModFileInfo/LOADING]: Found valid mod file firstjoinmessage-1.20.1-3.8.jar with {firstjoinmessage} mods - versions {3.8}
[01Mar2026 21:48:40.195] [main/DEBUG] [net.minecraftforge.fml.loading.moddiscovery.ModFileParser/LOADING]: Considering mod file candidate C:\ServerMine\mods\fishingoverhaul-1.20.1-1.2.0.jar
[01Mar2026 21:48:40.196] [main/DEBUG] [net.minecraftforge.fml.loading.moddiscovery.ModFileInfo/LOADING]: Found valid mod file fishingoverhaul-1.20.1-1.2.0.jar with {fishingoverhaul} mods - versions {1.20.1-1.2.0}
[01Mar2026 21:48:40.198] [main/DEBUG] [net.minecraftforge.fml.loading.moddiscovery.ModFileParser/LOADING]: Considering mod file candidate C:\ServerMine\mods\flan-1.20.1-1.11.15-forge.jar
[01Mar2026 21:48:40.199] [main/DEBUG] [net.minecraftforge.fml.loading.moddiscovery.ModFileInfo/LOADING]: Found valid mod file flan-1.20.1-1.11.15-forge.jar with {flan} mods - versions {1.20.1-1.11.15}
[01Mar2026 21:48:40.200] [main/DEBUG] [net.minecraftforge.fml.loading.moddiscovery.ModFileParser/LOADING]: Considering mod file candidate C:\ServerMine\mods\forgivingworld-1.20.1-4.7.jar
[01Mar2026 21:48:40.201] [main/DEBUG] [net.minecraftforge.fml.loading.moddiscovery.ModFileInfo/LOADING]: Found valid mod file forgivingworld-1.20.1-4.7.jar with {forgivingworld} mods - versions {1.20.1-4.7}
[01Mar2026 21:48:40.205] [main/DEBUG] [net.minecraftforge.fml.loading.moddiscovery.ModFileParser/LOADING]: Considering mod file candidate C:\ServerMine\mods\framework-forge-1.20.1-0.8.0.jar
[01Mar2026 21:48:40.205] [main/DEBUG] [net.minecraftforge.fml.loading.moddiscovery.ModFileInfo/LOADING]: Found valid mod file framework-forge-1.20.1-0.8.0.jar with {framework} mods - versions {0.8.0}
[01Mar2026 21:48:40.207] [main/DEBUG] [net.minecraftforge.fml.loading.moddiscovery.ModFileParser/LOADING]: Considering mod file candidate C:\ServerMine\mods\ftb-library-forge-2001.2.12.jar
[01Mar2026 21:48:40.207] [main/DEBUG] [net.minecraftforge.fml.loading.moddiscovery.ModFileInfo/LOADING]: Found valid mod file ftb-library-forge-2001.2.12.jar with {ftblibrary} mods - versions {2001.2.12}
[01Mar2026 21:48:40.209] [main/DEBUG] [net.minecraftforge.fml.loading.moddiscovery.ModFileParser/LOADING]: Considering mod file candidate C:\ServerMine\mods\ftb-teams-forge-2001.3.2.jar
[01Mar2026 21:48:40.209] [main/DEBUG] [net.minecraftforge.fml.loading.moddiscovery.ModFileInfo/LOADING]: Found valid mod file ftb-teams-forge-2001.3.2.jar with {ftbteams} mods - versions {2001.3.2}
[01Mar2026 21:48:40.211] [main/DEBUG] [net.minecraftforge.fml.loading.moddiscovery.ModFileParser/LOADING]: Considering mod file candidate C:\ServerMine\mods\gamemenuremovegfarb-forge-mc1.19.4-2.1.2.jar
[01Mar2026 21:48:40.212] [main/DEBUG] [net.minecraftforge.fml.loading.moddiscovery.ModFileInfo/LOADING]: Found valid mod file gamemenuremovegfarb-forge-mc1.19.4-2.1.2.jar with {gamemenuremovegfarb} mods - versions {2.1.2}
[01Mar2026 21:48:40.214] [main/DEBUG] [net.minecraftforge.fml.loading.moddiscovery.ModFileParser/LOADING]: Considering mod file candidate C:\ServerMine\mods\geckolib-forge-1.20.1-4.8.3.jar
[01Mar2026 21:48:40.214] [main/DEBUG] [net.minecraftforge.fml.loading.moddiscovery.ModFileInfo/LOADING]: Found valid mod file geckolib-forge-1.20.1-4.8.3.jar with {geckolib} mods - versions {4.8.3}
[01Mar2026 21:48:40.215] [main/DEBUG] [net.minecraftforge.fml.loading.moddiscovery.ModFileParser/LOADING]: Considering mod file candidate C:\ServerMine\mods\GeophilicReforged-v1.2.0.jar
[01Mar2026 21:48:40.216] [main/DEBUG] [net.minecraftforge.fml.loading.moddiscovery.ModFileInfo/LOADING]: Found valid mod file GeophilicReforged-v1.2.0.jar with {geophilic_reforged} mods - versions {1.2.0}
[01Mar2026 21:48:40.217] [main/DEBUG] [net.minecraftforge.fml.loading.moddiscovery.ModFileParser/LOADING]: Considering mod file candidate C:\ServerMine\mods\GlitchCore-forge-1.20.1-0.0.1.1.jar
[01Mar2026 21:48:40.217] [main/DEBUG] [net.minecraftforge.fml.loading.moddiscovery.ModFileInfo/LOADING]: Found valid mod file GlitchCore-forge-1.20.1-0.0.1.1.jar with {glitchcore} mods - versions {0.0.1.1}
[01Mar2026 21:48:40.237] [main/DEBUG] [net.minecraftforge.fml.loading.moddiscovery.ModFileParser/LOADING]: Considering mod file candidate C:\ServerMine\mods\golemsarefriends-1.20.0-1.0.1.jar
[01Mar2026 21:48:40.238] [main/DEBUG] [net.minecraftforge.fml.loading.moddiscovery.ModFileInfo/LOADING]: Found valid mod file golemsarefriends-1.20.0-1.0.1.jar with {golemsarefriends} mods - versions {1.20.0-1.0.1}
[01Mar2026 21:48:40.240] [main/DEBUG] [net.minecraftforge.fml.loading.moddiscovery.ModFileParser/LOADING]: Considering mod file candidate C:\ServerMine\mods\guardvillagers-1.20.1-1.6.15.jar
[01Mar2026 21:48:40.241] [main/DEBUG] [net.minecraftforge.fml.loading.moddiscovery.ModFileInfo/LOADING]: Found valid mod file guardvillagers-1.20.1-1.6.15.jar with {guardvillagers} mods - versions {1.20.1-1.6.15}
[01Mar2026 21:48:40.242] [main/DEBUG] [net.minecraftforge.fml.loading.moddiscovery.ModFileParser/LOADING]: Considering mod file candidate C:\ServerMine\mods\Gunfire Overhaul-0.1.5-a Forge-1.20.1.jar
[01Mar2026 21:48:40.243] [main/DEBUG] [net.minecraftforge.fml.loading.moddiscovery.ModFileInfo/LOADING]: Found valid mod file Gunfire Overhaul-0.1.5-a Forge-1.20.1.jar with {gunfireoverhaul} mods - versions {0.1.5-a}
[01Mar2026 21:48:40.249] [main/DEBUG] [net.minecraftforge.fml.loading.moddiscovery.ModFileParser/LOADING]: Considering mod file candidate C:\ServerMine\mods\handcrafted-forge-1.20.1-3.0.6.jar
[01Mar2026 21:48:40.249] [main/DEBUG] [net.minecraftforge.fml.loading.moddiscovery.ModFileInfo/LOADING]: Found valid mod file handcrafted-forge-1.20.1-3.0.6.jar with {handcrafted} mods - versions {3.0.6}
[01Mar2026 21:48:40.251] [main/DEBUG] [net.minecraftforge.fml.loading.moddiscovery.ModFileParser/LOADING]: Considering mod file candidate C:\ServerMine\mods\horror_element_mod-1.6.3-forge-1.20.1.jar
[01Mar2026 21:48:40.252] [main/DEBUG] [net.minecraftforge.fml.loading.moddiscovery.ModFileInfo/LOADING]: Found valid mod file horror_element_mod-1.6.3-forge-1.20.1.jar with {horror_element_mod} mods - versions {1.6.3}
[01Mar2026 21:48:40.254] [main/DEBUG] [net.minecraftforge.fml.loading.moddiscovery.ModFileParser/LOADING]: Considering mod file candidate C:\ServerMine\mods\Immersive Vehicles-1.20.1-23.0.0.jar
[01Mar2026 21:48:40.255] [main/DEBUG] [net.minecraftforge.fml.loading.moddiscovery.ModFileInfo/LOADING]: Found valid mod file Immersive Vehicles-1.20.1-23.0.0.jar with {mts} mods - versions {23.0.0}
[01Mar2026 21:48:40.257] [main/DEBUG] [net.minecraftforge.fml.loading.moddiscovery.ModFileParser/LOADING]: Considering mod file candidate C:\ServerMine\mods\immersive_aircraft-1.4.0+1.20.1-forge.jar
[01Mar2026 21:48:40.257] [main/DEBUG] [net.minecraftforge.fml.loading.moddiscovery.ModFileInfo/LOADING]: Found valid mod file immersive_aircraft-1.4.0+1.20.1-forge.jar with {immersive_aircraft} mods - versions {1.4.0+1.20.1}
[01Mar2026 21:48:40.259] [main/DEBUG] [net.minecraftforge.fml.loading.moddiscovery.ModFileParser/LOADING]: Considering mod file candidate C:\ServerMine\mods\immersive_cooking-v2.0.1.jar
[01Mar2026 21:48:40.260] [main/DEBUG] [net.minecraftforge.fml.loading.moddiscovery.ModFileInfo/LOADING]: Found valid mod file immersive_cooking-v2.0.1.jar with {immersive_cooking} mods - versions {2.0.1}
[01Mar2026 21:48:40.263] [main/DEBUG] [net.minecraftforge.fml.loading.moddiscovery.ModFileParser/LOADING]: Considering mod file candidate C:\ServerMine\mods\immersive_weathering-1.20.1-2.0.5-forge.jar
[01Mar2026 21:48:40.264] [main/DEBUG] [net.minecraftforge.fml.loading.moddiscovery.ModFileInfo/LOADING]: Found valid mod file immersive_weathering-1.20.1-2.0.5-forge.jar with {immersive_weathering} mods - versions {1.20.1-2.0.5}
[01Mar2026 21:48:40.305] [main/DEBUG] [net.minecraftforge.fml.loading.moddiscovery.ModFileParser/LOADING]: Considering mod file candidate C:\ServerMine\mods\ImmersiveEngineering-1.20.1-10.2.0-183.jar
[01Mar2026 21:48:40.306] [main/DEBUG] [net.minecraftforge.fml.loading.moddiscovery.ModFileInfo/LOADING]: Found valid mod file ImmersiveEngineering-1.20.1-10.2.0-183.jar with {immersiveengineering} mods - versions {1.20.1-10.2.0-183}
[01Mar2026 21:48:40.308] [main/DEBUG] [net.minecraftforge.fml.loading.moddiscovery.ModFileParser/LOADING]: Considering mod file candidate C:\ServerMine\mods\improvedmobs-1.20.1-1.13.2-forge.jar
[01Mar2026 21:48:40.309] [main/DEBUG] [net.minecraftforge.fml.loading.moddiscovery.ModFileInfo/LOADING]: Found valid mod file improvedmobs-1.20.1-1.13.2-forge.jar with {improvedmobs} mods - versions {1.20.1-1.13.2}
[01Mar2026 21:48:40.310] [main/DEBUG] [net.minecraftforge.fml.loading.moddiscovery.ModFileParser/LOADING]: Considering mod file candidate C:\ServerMine\mods\incontrol-1.20-9.4.1.jar
[01Mar2026 21:48:40.311] [main/DEBUG] [net.minecraftforge.fml.loading.moddiscovery.ModFileInfo/LOADING]: Found valid mod file incontrol-1.20-9.4.1.jar with {incontrol} mods - versions {1.20-9.4.1}
[01Mar2026 21:48:40.312] [main/DEBUG] [net.minecraftforge.fml.loading.moddiscovery.ModFileParser/LOADING]: Considering mod file candidate C:\ServerMine\mods\insanelib-1.23.4.0.jar
[01Mar2026 21:48:40.312] [main/DEBUG] [net.minecraftforge.fml.loading.moddiscovery.ModFileInfo/LOADING]: Found valid mod file insanelib-1.23.4.0.jar with {insanelib} mods - versions {1.23.4.0}
[01Mar2026 21:48:40.314] [main/DEBUG] [net.minecraftforge.fml.loading.moddiscovery.ModFileParser/LOADING]: Considering mod file candidate C:\ServerMine\mods\itemblacklist-1.20.1-1.1.5.jar
[01Mar2026 21:48:40.314] [main/DEBUG] [net.minecraftforge.fml.loading.moddiscovery.ModFileInfo/LOADING]: Found valid mod file itemblacklist-1.20.1-1.1.5.jar with {itemblacklist} mods - versions {1.20.1-1.1.5}
[01Mar2026 21:48:40.316] [main/DEBUG] [net.minecraftforge.fml.loading.moddiscovery.ModFileParser/LOADING]: Considering mod file candidate C:\ServerMine\mods\Jade-1.20.1-Forge-11.13.2.jar
[01Mar2026 21:48:40.317] [main/DEBUG] [net.minecraftforge.fml.loading.moddiscovery.ModFileInfo/LOADING]: Found valid mod file Jade-1.20.1-Forge-11.13.2.jar with {jade} mods - versions {11.13.2+forge}
[01Mar2026 21:48:40.318] [main/DEBUG] [net.minecraftforge.fml.loading.moddiscovery.ModFileParser/LOADING]: Considering mod file candidate C:\ServerMine\mods\jamlib-forge-1.3.5+1.20.1.jar
[01Mar2026 21:48:40.319] [main/DEBUG] [net.minecraftforge.fml.loading.moddiscovery.ModFileInfo/LOADING]: Found valid mod file jamlib-forge-1.3.5+1.20.1.jar with {jamlib} mods - versions {1.3.5+1.20.1}
[01Mar2026 21:48:40.320] [main/DEBUG] [net.minecraftforge.fml.loading.moddiscovery.ModFileParser/LOADING]: Considering mod file candidate C:\ServerMine\mods\jeffs_cursed_walking_structures-3.3.0-forge-1.20.1.jar
[01Mar2026 21:48:40.321] [main/DEBUG] [net.minecraftforge.fml.loading.moddiscovery.ModFileInfo/LOADING]: Found valid mod file jeffs_cursed_walking_structures-3.3.0-forge-1.20.1.jar with {jeffs_cursed_walking_structures} mods - versions {3.3.0}
[01Mar2026 21:48:40.322] [main/DEBUG] [net.minecraftforge.fml.loading.moddiscovery.ModFileParser/LOADING]: Considering mod file candidate C:\ServerMine\mods\jeffsgibbing-1.0.5-forge-1.20.1.jar
[01Mar2026 21:48:40.323] [main/DEBUG] [net.minecraftforge.fml.loading.moddiscovery.ModFileInfo/LOADING]: Found valid mod file jeffsgibbing-1.0.5-forge-1.20.1.jar with {jeffsgibbing} mods - versions {1.0.5}
[01Mar2026 21:48:40.324] [main/DEBUG] [net.minecraftforge.fml.loading.moddiscovery.ModFileParser/LOADING]: Considering mod file candidate C:\ServerMine\mods\jei-1.20.1-forge-15.20.0.129.jar
[01Mar2026 21:48:40.325] [main/DEBUG] [net.minecraftforge.fml.loading.moddiscovery.ModFileInfo/LOADING]: Found valid mod file jei-1.20.1-forge-15.20.0.129.jar with {jei} mods - versions {15.20.0.129}
[01Mar2026 21:48:40.327] [main/DEBUG] [net.minecraftforge.fml.loading.moddiscovery.ModFileParser/LOADING]: Considering mod file candidate C:\ServerMine\mods\JustEnoughResources-1.20.1-1.4.0.247.jar
[01Mar2026 21:48:40.327] [main/DEBUG] [net.minecraftforge.fml.loading.moddiscovery.ModFileInfo/LOADING]: Found valid mod file JustEnoughResources-1.20.1-1.4.0.247.jar with {jeresources} mods - versions {1.4.0.247}
[01Mar2026 21:48:40.328] [main/DEBUG] [net.minecraftforge.fml.loading.moddiscovery.ModFileParser/LOADING]: Considering mod file candidate C:\ServerMine\mods\justzoom_forge_2.1.1_MC_1.20.1.jar
[01Mar2026 21:48:40.329] [main/DEBUG] [net.minecraftforge.fml.loading.moddiscovery.ModFileInfo/LOADING]: Found valid mod file justzoom_forge_2.1.1_MC_1.20.1.jar with {justzoom} mods - versions {2.1.1}
[01Mar2026 21:48:40.331] [main/DEBUG] [net.minecraftforge.fml.loading.moddiscovery.ModFileParser/LOADING]: Considering mod file candidate C:\ServerMine\mods\K-Turrets-3.0.44-1.20.1.jar
[01Mar2026 21:48:40.332] [main/DEBUG] [net.minecraftforge.fml.loading.moddiscovery.ModFileInfo/LOADING]: Found valid mod file K-Turrets-3.0.44-1.20.1.jar with {k_turrets} mods - versions {3.0.44-1.20.1}
[01Mar2026 21:48:40.333] [main/DEBUG] [net.minecraftforge.fml.loading.moddiscovery.ModFileParser/LOADING]: Considering mod file candidate C:\ServerMine\mods\konkrete_forge_1.8.0_MC_1.20-1.20.1.jar
[01Mar2026 21:48:40.334] [main/DEBUG] [net.minecraftforge.fml.loading.moddiscovery.ModFileInfo/LOADING]: Found valid mod file konkrete_forge_1.8.0_MC_1.20-1.20.1.jar with {konkrete} mods - versions {1.8.0}
[01Mar2026 21:48:40.360] [main/DEBUG] [net.minecraftforge.fml.loading.moddiscovery.ModFileParser/LOADING]: Considering mod file candidate C:\ServerMine\mods\KryptonReforged-0.2.3.jar
[01Mar2026 21:48:40.360] [main/DEBUG] [net.minecraftforge.fml.loading.moddiscovery.ModFileInfo/LOADING]: Found valid mod file KryptonReforged-0.2.3.jar with {krypton} mods - versions {0.2.3}
[01Mar2026 21:48:40.362] [main/DEBUG] [net.minecraftforge.fml.loading.moddiscovery.ModFileParser/LOADING]: Considering mod file candidate C:\ServerMine\mods\kubejs-forge-2001.6.5-build.16.jar
[01Mar2026 21:48:40.363] [main/DEBUG] [net.minecraftforge.fml.loading.moddiscovery.ModFileInfo/LOADING]: Found valid mod file kubejs-forge-2001.6.5-build.16.jar with {kubejs} mods - versions {2001.6.5-build.16}
[01Mar2026 21:48:40.364] [main/DEBUG] [net.minecraftforge.fml.loading.moddiscovery.ModFileParser/LOADING]: Considering mod file candidate C:\ServerMine\mods\largemeals-1.20.1-1.3.0.jar
[01Mar2026 21:48:40.365] [main/DEBUG] [net.minecraftforge.fml.loading.moddiscovery.ModFileInfo/LOADING]: Found valid mod file largemeals-1.20.1-1.3.0.jar with {largemeals} mods - versions {1.20.1-1.3.0}
[01Mar2026 21:48:40.368] [main/DEBUG] [net.minecraftforge.fml.loading.moddiscovery.ModFileParser/LOADING]: Considering mod file candidate C:\ServerMine\mods\legendarysurvivaloverhaul-1.20.1-2.4.2.jar
[01Mar2026 21:48:40.368] [main/DEBUG] [net.minecraftforge.fml.loading.moddiscovery.ModFileInfo/LOADING]: Found valid mod file legendarysurvivaloverhaul-1.20.1-2.4.2.jar with {legendarysurvivaloverhaul} mods - versions {1.20.1-2.4.2}
[01Mar2026 21:48:40.370] [main/DEBUG] [net.minecraftforge.fml.loading.moddiscovery.ModFileParser/LOADING]: Considering mod file candidate C:\ServerMine\mods\letmedespawn-1.20.x-forge-1.5.0.jar
[01Mar2026 21:48:40.370] [main/DEBUG] [net.minecraftforge.fml.loading.moddiscovery.ModFileInfo/LOADING]: Found valid mod file letmedespawn-1.20.x-forge-1.5.0.jar with {letmedespawn} mods - versions {1.5.0}
[01Mar2026 21:48:40.373] [main/DEBUG] [net.minecraftforge.fml.loading.moddiscovery.ModFileParser/LOADING]: Considering mod file candidate C:\ServerMine\mods\letsdo-bloomingnature-forge-1.0.12.jar
[01Mar2026 21:48:40.374] [main/DEBUG] [net.minecraftforge.fml.loading.moddiscovery.ModFileInfo/LOADING]: Found valid mod file letsdo-bloomingnature-forge-1.0.12.jar with {bloomingnature} mods - versions {1.0.12}
[01Mar2026 21:48:40.376] [main/DEBUG] [net.minecraftforge.fml.loading.moddiscovery.ModFileParser/LOADING]: Considering mod file candidate C:\ServerMine\mods\lios_overhauled_villages-0.1.0.jar
[01Mar2026 21:48:40.376] [main/DEBUG] [net.minecraftforge.fml.loading.moddiscovery.ModFileInfo/LOADING]: Found valid mod file lios_overhauled_villages-0.1.0.jar with {lios_overhauled_villages} mods - versions {0.1.0}
[01Mar2026 21:48:40.378] [main/DEBUG] [net.minecraftforge.fml.loading.moddiscovery.ModFileParser/LOADING]: Considering mod file candidate C:\ServerMine\mods\loadingbackgrounds-2.0.0-forge-1.20.X.jar
[01Mar2026 21:48:40.378] [main/DEBUG] [net.minecraftforge.fml.loading.moddiscovery.ModFileInfo/LOADING]: Found valid mod file loadingbackgrounds-2.0.0-forge-1.20.X.jar with {loadingbackgrounds} mods - versions {2.0.0}
[01Mar2026 21:48:40.380] [main/DEBUG] [net.minecraftforge.fml.loading.moddiscovery.ModFileParser/LOADING]: Considering mod file candidate C:\ServerMine\mods\lootr-forge-1.20-0.7.35.94.jar
[01Mar2026 21:48:40.380] [main/DEBUG] [net.minecraftforge.fml.loading.moddiscovery.ModFileInfo/LOADING]: Found valid mod file lootr-forge-1.20-0.7.35.94.jar with {lootr} mods - versions {0.7.35.94}
[01Mar2026 21:48:40.382] [main/DEBUG] [net.minecraftforge.fml.loading.moddiscovery.ModFileParser/LOADING]: Considering mod file candidate C:\ServerMine\mods\lradd-1.20.1-0.3.0.jar
[01Mar2026 21:48:40.382] [main/DEBUG] [net.minecraftforge.fml.loading.moddiscovery.ModFileInfo/LOADING]: Found valid mod file lradd-1.20.1-0.3.0.jar with {lradd} mods - versions {0.3.0}
[01Mar2026 21:48:40.384] [main/DEBUG] [net.minecraftforge.fml.loading.moddiscovery.ModFileParser/LOADING]: Considering mod file candidate C:\ServerMine\mods\lrarmor-1.20.1-0.1.4.4.jar
[01Mar2026 21:48:40.384] [main/DEBUG] [net.minecraftforge.fml.loading.moddiscovery.ModFileInfo/LOADING]: Found valid mod file lrarmor-1.20.1-0.1.4.4.jar with {lrarmor} mods - versions {0.1.4.4}
[01Mar2026 21:48:40.387] [main/DEBUG] [net.minecraftforge.fml.loading.moddiscovery.ModFileParser/LOADING]: Considering mod file candidate C:\ServerMine\mods\lrtactical-1.20.1-0.3.0.jar
[01Mar2026 21:48:40.388] [main/DEBUG] [net.minecraftforge.fml.loading.moddiscovery.ModFileInfo/LOADING]: Found valid mod file lrtactical-1.20.1-0.3.0.jar with {lrtactical} mods - versions {0.3.0}
[01Mar2026 21:48:40.389] [main/DEBUG] [net.minecraftforge.fml.loading.moddiscovery.ModFileParser/LOADING]: Considering mod file candidate C:\ServerMine\mods\matmos_tct-7.4-forge-1.20.1.jar
[01Mar2026 21:48:40.389] [main/DEBUG] [net.minecraftforge.fml.loading.moddiscovery.ModFileInfo/LOADING]: Found valid mod file matmos_tct-7.4-forge-1.20.1.jar with {matmos_tct} mods - versions {7.4}
[01Mar2026 21:48:40.391] [main/DEBUG] [net.minecraftforge.fml.loading.moddiscovery.ModFileParser/LOADING]: Considering mod file candidate C:\ServerMine\mods\max_armory-1.3.0-forge-1.20.1.jar
[01Mar2026 21:48:40.392] [main/DEBUG] [net.minecraftforge.fml.loading.moddiscovery.ModFileInfo/LOADING]: Found valid mod file max_armory-1.3.0-forge-1.20.1.jar with {max_armory} mods - versions {1.3.0}
[01Mar2026 21:48:40.394] [main/DEBUG] [net.minecraftforge.fml.loading.moddiscovery.ModFileParser/LOADING]: Considering mod file candidate C:\ServerMine\mods\mcw-bridges-3.1.2-mc1.20.1forge.jar
[01Mar2026 21:48:40.394] [main/DEBUG] [net.minecraftforge.fml.loading.moddiscovery.ModFileInfo/LOADING]: Found valid mod file mcw-bridges-3.1.2-mc1.20.1forge.jar with {mcwbridges} mods - versions {3.1.2}
[01Mar2026 21:48:40.396] [main/DEBUG] [net.minecraftforge.fml.loading.moddiscovery.ModFileParser/LOADING]: Considering mod file candidate C:\ServerMine\mods\mcw-doors-1.1.5-mc1.20.1forge.jar
[01Mar2026 21:48:40.396] [main/DEBUG] [net.minecraftforge.fml.loading.moddiscovery.ModFileInfo/LOADING]: Found valid mod file mcw-doors-1.1.5-mc1.20.1forge.jar with {mcwdoors} mods - versions {1.1.5}
[01Mar2026 21:48:40.398] [main/DEBUG] [net.minecraftforge.fml.loading.moddiscovery.ModFileParser/LOADING]: Considering mod file candidate C:\ServerMine\mods\mcw-mcwfences-1.2.1-mc1.20.1forge.jar
[01Mar2026 21:48:40.399] [main/DEBUG] [net.minecraftforge.fml.loading.moddiscovery.ModFileInfo/LOADING]: Found valid mod file mcw-mcwfences-1.2.1-mc1.20.1forge.jar with {mcwfences} mods - versions {1.2.1}
[01Mar2026 21:48:40.401] [main/DEBUG] [net.minecraftforge.fml.loading.moddiscovery.ModFileParser/LOADING]: Considering mod file candidate C:\ServerMine\mods\mcw-trapdoors-1.1.5-mc1.20.1forge.jar
[01Mar2026 21:48:40.401] [main/DEBUG] [net.minecraftforge.fml.loading.moddiscovery.ModFileInfo/LOADING]: Found valid mod file mcw-trapdoors-1.1.5-mc1.20.1forge.jar with {mcwtrpdoors} mods - versions {1.1.5}
[01Mar2026 21:48:40.407] [main/DEBUG] [net.minecraftforge.fml.loading.moddiscovery.ModFileParser/LOADING]: Considering mod file candidate C:\ServerMine\mods\Mekanism-1.20.1-10.4.16.80.jar
[01Mar2026 21:48:40.407] [main/DEBUG] [net.minecraftforge.fml.loading.moddiscovery.ModFileInfo/LOADING]: Found valid mod file Mekanism-1.20.1-10.4.16.80.jar with {mekanism} mods - versions {10.4.16}
[01Mar2026 21:48:40.409] [main/DEBUG] [net.minecraftforge.fml.loading.moddiscovery.ModFileParser/LOADING]: Considering mod file candidate C:\ServerMine\mods\MekanismGenerators-1.20.1-10.4.16.80.jar
[01Mar2026 21:48:40.409] [main/DEBUG] [net.minecraftforge.fml.loading.moddiscovery.ModFileInfo/LOADING]: Found valid mod file MekanismGenerators-1.20.1-10.4.16.80.jar with {mekanismgenerators} mods - versions {10.4.16}
[01Mar2026 21:48:40.411] [main/DEBUG] [net.minecraftforge.fml.loading.moddiscovery.ModFileParser/LOADING]: Considering mod file candidate C:\ServerMine\mods\MekanismTools-1.20.1-10.4.16.80.jar
[01Mar2026 21:48:40.411] [main/DEBUG] [net.minecraftforge.fml.loading.moddiscovery.ModFileInfo/LOADING]: Found valid mod file MekanismTools-1.20.1-10.4.16.80.jar with {mekanismtools} mods - versions {10.4.16}
[01Mar2026 21:48:40.414] [main/DEBUG] [net.minecraftforge.fml.loading.moddiscovery.ModFileParser/LOADING]: Considering mod file candidate C:\ServerMine\mods\melody_forge_1.0.3_MC_1.20.1-1.20.4.jar
[01Mar2026 21:48:40.414] [main/DEBUG] [net.minecraftforge.fml.loading.moddiscovery.ModFileInfo/LOADING]: Found valid mod file melody_forge_1.0.3_MC_1.20.1-1.20.4.jar with {melody} mods - versions {1.0.2}
[01Mar2026 21:48:40.415] [main/DEBUG] [net.minecraftforge.fml.loading.moddiscovery.ModFileParser/LOADING]: Considering mod file candidate C:\ServerMine\mods\MineTraps-1.20.2-(v.2.3.0a).jar
[01Mar2026 21:48:40.415] [main/DEBUG] [net.minecraftforge.fml.loading.moddiscovery.ModFileInfo/LOADING]: Found valid mod file MineTraps-1.20.2-(v.2.3.0a).jar with {minetraps} mods - versions {2.3.0a}
[01Mar2026 21:48:40.417] [main/DEBUG] [net.minecraftforge.fml.loading.moddiscovery.ModFileParser/LOADING]: Considering mod file candidate C:\ServerMine\mods\mobsunscreen-forge-1.20.1-3.1.1.jar
[01Mar2026 21:48:40.417] [main/DEBUG] [net.minecraftforge.fml.loading.moddiscovery.ModFileInfo/LOADING]: Found valid mod file mobsunscreen-forge-1.20.1-3.1.1.jar with {mobsunscreen} mods - versions {3.1.1}
[01Mar2026 21:48:40.418] [main/DEBUG] [net.minecraftforge.fml.loading.moddiscovery.ModFileParser/LOADING]: Considering mod file candidate C:\ServerMine\mods\mobtimizations-forge-1.20.1-1.0.0.jar
[01Mar2026 21:48:40.419] [main/DEBUG] [net.minecraftforge.fml.loading.moddiscovery.ModFileInfo/LOADING]: Found valid mod file mobtimizations-forge-1.20.1-1.0.0.jar with {mobtimizations} mods - versions {1.20.1-1.0.0}
[01Mar2026 21:48:40.421] [main/DEBUG] [net.minecraftforge.fml.loading.moddiscovery.ModFileParser/LOADING]: Considering mod file candidate C:\ServerMine\mods\modernfix-forge-5.26.2+mc1.20.1.jar
[01Mar2026 21:48:40.421] [main/DEBUG] [net.minecraftforge.fml.loading.moddiscovery.ModFileInfo/LOADING]: Found valid mod file modernfix-forge-5.26.2+mc1.20.1.jar with {modernfix} mods - versions {5.26.2+mc1.20.1}
[01Mar2026 21:48:40.423] [main/DEBUG] [net.minecraftforge.fml.loading.moddiscovery.ModFileParser/LOADING]: Considering mod file candidate C:\ServerMine\mods\modernworldcreation_forge_2.0.2_MC_1.20.1.jar
[01Mar2026 21:48:40.423] [main/DEBUG] [net.minecraftforge.fml.loading.moddiscovery.ModFileInfo/LOADING]: Found valid mod file modernworldcreation_forge_2.0.2_MC_1.20.1.jar with {modernworldcreation} mods - versions {2.0.2}
[01Mar2026 21:48:40.425] [main/DEBUG] [net.minecraftforge.fml.loading.moddiscovery.ModFileParser/LOADING]: Considering mod file candidate C:\ServerMine\mods\moonlight-1.20-2.16.28-forge.jar
[01Mar2026 21:48:40.425] [main/DEBUG] [net.minecraftforge.fml.loading.moddiscovery.ModFileInfo/LOADING]: Found valid mod file moonlight-1.20-2.16.28-forge.jar with {moonlight} mods - versions {1.20-2.16.28}
[01Mar2026 21:48:40.426] [main/DEBUG] [net.minecraftforge.fml.loading.moddiscovery.ModFileParser/LOADING]: Considering mod file candidate C:\ServerMine\mods\MouseTweaks-forge-mc1.20.1-2.25.1.jar
[01Mar2026 21:48:40.427] [main/DEBUG] [net.minecraftforge.fml.loading.moddiscovery.ModFileInfo/LOADING]: Found valid mod file MouseTweaks-forge-mc1.20.1-2.25.1.jar with {mousetweaks} mods - versions {2.25.1}
[01Mar2026 21:48:40.430] [main/DEBUG] [net.minecraftforge.fml.loading.moddiscovery.ModFileParser/LOADING]: Considering mod file candidate C:\ServerMine\mods\MTS Official Pack-1.20.1-V28.2.jar
[01Mar2026 21:48:40.430] [main/DEBUG] [net.minecraftforge.fml.loading.moddiscovery.ModFileInfo/LOADING]: Found valid mod file MTS Official Pack-1.20.1-V28.2.jar with {mtsofficialpack} mods - versions {28}
[01Mar2026 21:48:40.434] [main/DEBUG] [net.minecraftforge.fml.loading.moddiscovery.ModFileParser/LOADING]: Considering mod file candidate C:\ServerMine\mods\MutantMonsters-v8.0.8-1.20.1-Forge.jar
[01Mar2026 21:48:40.434] [main/DEBUG] [net.minecraftforge.fml.loading.moddiscovery.ModFileInfo/LOADING]: Found valid mod file MutantMonsters-v8.0.8-1.20.1-Forge.jar with {mutantmonsters} mods - versions {8.0.8}
[01Mar2026 21:48:40.437] [main/DEBUG] [net.minecraftforge.fml.loading.moddiscovery.ModFileParser/LOADING]: Considering mod file candidate C:\ServerMine\mods\MutantsZombies-1.3.2-Forge-mc1.20.1.jar
[01Mar2026 21:48:40.437] [main/DEBUG] [net.minecraftforge.fml.loading.moddiscovery.ModFileInfo/LOADING]: Found valid mod file MutantsZombies-1.3.2-Forge-mc1.20.1.jar with {mutantszombies} mods - versions {1.3.2-Forge-mc1.20.1}
[01Mar2026 21:48:40.439] [main/DEBUG] [net.minecraftforge.fml.loading.moddiscovery.ModFileParser/LOADING]: Considering mod file candidate C:\ServerMine\mods\MyServerIsCompatible-1.20-1.0.jar
[01Mar2026 21:48:40.439] [main/DEBUG] [net.minecraftforge.fml.loading.moddiscovery.ModFileInfo/LOADING]: Found valid mod file MyServerIsCompatible-1.20-1.0.jar with {myserveriscompatible} mods - versions {1.0}
[01Mar2026 21:48:40.440] [main/DEBUG] [net.minecraftforge.fml.loading.moddiscovery.ModFileParser/LOADING]: Considering mod file candidate C:\ServerMine\mods\nobz-1.3.jar
[01Mar2026 21:48:40.441] [main/DEBUG] [net.minecraftforge.fml.loading.moddiscovery.ModFileInfo/LOADING]: Found valid mod file nobz-1.3.jar with {nobz} mods - versions {1.3}
[01Mar2026 21:48:40.442] [main/DEBUG] [net.minecraftforge.fml.loading.moddiscovery.ModFileParser/LOADING]: Considering mod file candidate C:\ServerMine\mods\noisium-forge-2.3.0+mc1.20-1.20.1.jar
[01Mar2026 21:48:40.442] [main/DEBUG] [net.minecraftforge.fml.loading.moddiscovery.ModFileInfo/LOADING]: Found valid mod file noisium-forge-2.3.0+mc1.20-1.20.1.jar with {noisium} mods - versions {2.3.0+mc1.20-1.20.1}
[01Mar2026 21:48:40.444] [main/DEBUG] [net.minecraftforge.fml.loading.moddiscovery.ModFileParser/LOADING]: Considering mod file candidate C:\ServerMine\mods\nostartupmessages-1.0.1.jar
[01Mar2026 21:48:40.444] [main/DEBUG] [net.minecraftforge.fml.loading.moddiscovery.ModFileInfo/LOADING]: Found valid mod file nostartupmessages-1.0.1.jar with {nostartupmessages} mods - versions {1.0.1}
[01Mar2026 21:48:40.445] [main/DEBUG] [net.minecraftforge.fml.loading.moddiscovery.ModFileParser/LOADING]: Considering mod file candidate C:\ServerMine\mods\Not Enough Recipe Book-FORGE-0.4.1+1.20.1.jar
[01Mar2026 21:48:40.446] [main/DEBUG] [net.minecraftforge.fml.loading.moddiscovery.ModFileInfo/LOADING]: Found valid mod file Not Enough Recipe Book-FORGE-0.4.1+1.20.1.jar with {nerb} mods - versions {0.4.1}
[01Mar2026 21:48:40.447] [main/DEBUG] [net.minecraftforge.fml.loading.moddiscovery.ModFileParser/LOADING]: Considering mod file candidate C:\ServerMine\mods\notenoughanimations-forge-1.11.1-mc1.20.1.jar
[01Mar2026 21:48:40.448] [main/DEBUG] [net.minecraftforge.fml.loading.moddiscovery.ModFileInfo/LOADING]: Found valid mod file notenoughanimations-forge-1.11.1-mc1.20.1.jar with {notenoughanimations} mods - versions {1.11.1}
[01Mar2026 21:48:40.449] [main/DEBUG] [net.minecraftforge.fml.loading.moddiscovery.ModFileParser/LOADING]: Considering mod file candidate C:\ServerMine\mods\OctoLib-FORGE-0.5.0.1+1.20.1.jar
[01Mar2026 21:48:40.449] [main/DEBUG] [net.minecraftforge.fml.loading.moddiscovery.ModFileInfo/LOADING]: Found valid mod file OctoLib-FORGE-0.5.0.1+1.20.1.jar with {octolib} mods - versions {0.5.0.1}
[01Mar2026 21:48:40.451] [main/DEBUG] [net.minecraftforge.fml.loading.moddiscovery.ModFileParser/LOADING]: Considering mod file candidate C:\ServerMine\mods\oculus-mc1.20.1-1.8.0.jar
[01Mar2026 21:48:40.452] [main/DEBUG] [net.minecraftforge.fml.loading.moddiscovery.ModFileInfo/LOADING]: Found valid mod file oculus-mc1.20.1-1.8.0.jar with {oculus} mods - versions {1.8.0}
[01Mar2026 21:48:40.454] [main/DEBUG] [net.minecraftforge.fml.loading.moddiscovery.ModFileParser/LOADING]: Considering mod file candidate C:\ServerMine\mods\OpenLoader-Forge-1.20.1-19.0.5.jar
[01Mar2026 21:48:40.454] [main/DEBUG] [net.minecraftforge.fml.loading.moddiscovery.ModFileInfo/LOADING]: Found valid mod file OpenLoader-Forge-1.20.1-19.0.5.jar with {openloader} mods - versions {19.0.5}
[01Mar2026 21:48:40.456] [main/DEBUG] [net.minecraftforge.fml.loading.moddiscovery.ModFileParser/LOADING]: Considering mod file candidate C:\ServerMine\mods\packetfixer-3.3.1-1.18-1.20.4-merged.jar
[01Mar2026 21:48:40.457] [main/DEBUG] [net.minecraftforge.fml.loading.moddiscovery.ModFileInfo/LOADING]: Found valid mod file packetfixer-3.3.1-1.18-1.20.4-merged.jar with {packetfixer} mods - versions {3.3.1}
[01Mar2026 21:48:40.458] [main/DEBUG] [net.minecraftforge.fml.loading.moddiscovery.ModFileParser/LOADING]: Considering mod file candidate C:\ServerMine\mods\pandalib-forge-mc1.20-0.5.2-SNAPSHOT.jar
[01Mar2026 21:48:40.458] [main/DEBUG] [net.minecraftforge.fml.loading.moddiscovery.ModFileInfo/LOADING]: Found valid mod file pandalib-forge-mc1.20-0.5.2-SNAPSHOT.jar with {pandalib} mods - versions {0.5.2}
[01Mar2026 21:48:40.460] [main/DEBUG] [net.minecraftforge.fml.loading.moddiscovery.ModFileParser/LOADING]: Considering mod file candidate C:\ServerMine\mods\Patchouli-1.20.1-84.1-FORGE.jar
[01Mar2026 21:48:40.461] [main/DEBUG] [net.minecraftforge.fml.loading.moddiscovery.ModFileInfo/LOADING]: Found valid mod file Patchouli-1.20.1-84.1-FORGE.jar with {patchouli} mods - versions {1.20.1-84.1-FORGE}
[01Mar2026 21:48:40.462] [main/DEBUG] [net.minecraftforge.fml.loading.moddiscovery.ModFileParser/LOADING]: Considering mod file candidate C:\ServerMine\mods\Pehkui-3.8.2+1.20.1-forge.jar
[01Mar2026 21:48:40.463] [main/DEBUG] [net.minecraftforge.fml.loading.moddiscovery.ModFileInfo/LOADING]: Found valid mod file Pehkui-3.8.2+1.20.1-forge.jar with {pehkui} mods - versions {3.8.2+1.20.1-forge}
[01Mar2026 21:48:40.464] [main/DEBUG] [net.minecraftforge.fml.loading.moddiscovery.ModFileParser/LOADING]: Considering mod file candidate C:\ServerMine\mods\PhilipsRuins1.20.1-5.7.jar
[01Mar2026 21:48:40.464] [main/DEBUG] [net.minecraftforge.fml.loading.moddiscovery.ModFileInfo/LOADING]: Found valid mod file PhilipsRuins1.20.1-5.7.jar with {philipsruins} mods - versions {5.6}
[01Mar2026 21:48:40.467] [main/DEBUG] [net.minecraftforge.fml.loading.moddiscovery.ModFileParser/LOADING]: Considering mod file candidate C:\ServerMine\mods\Pillagers Gun-1.20.1-forge-3.2.0.jar
[01Mar2026 21:48:40.467] [main/DEBUG] [net.minecraftforge.fml.loading.moddiscovery.ModFileInfo/LOADING]: Found valid mod file Pillagers Gun-1.20.1-forge-3.2.0.jar with {pillagers_gun} mods - versions {3.2.0}
[01Mar2026 21:48:40.469] [main/DEBUG] [net.minecraftforge.fml.loading.moddiscovery.ModFileParser/LOADING]: Considering mod file candidate C:\ServerMine\mods\Placebo-1.20.1-8.6.3.jar
[01Mar2026 21:48:40.469] [main/DEBUG] [net.minecraftforge.fml.loading.moddiscovery.ModFileInfo/LOADING]: Found valid mod file Placebo-1.20.1-8.6.3.jar with {placebo} mods - versions {8.6.3}
[01Mar2026 21:48:40.470] [main/DEBUG] [net.minecraftforge.fml.loading.moddiscovery.ModFileParser/LOADING]: Considering mod file candidate C:\ServerMine\mods\player-animation-lib-forge-1.0.2-rc1+1.20.jar
[01Mar2026 21:48:40.471] [main/DEBUG] [net.minecraftforge.fml.loading.moddiscovery.ModFileInfo/LOADING]: Found valid mod file player-animation-lib-forge-1.0.2-rc1+1.20.jar with {playeranimator} mods - versions {1.0.2-rc1+1.20}
[01Mar2026 21:48:40.472] [main/DEBUG] [net.minecraftforge.fml.loading.moddiscovery.ModFileParser/LOADING]: Considering mod file candidate C:\ServerMine\mods\PlayerRevive_FORGE_v2.0.31_mc1.20.1.jar
[01Mar2026 21:48:40.472] [main/DEBUG] [net.minecraftforge.fml.loading.moddiscovery.ModFileInfo/LOADING]: Found valid mod file PlayerRevive_FORGE_v2.0.31_mc1.20.1.jar with {playerrevive} mods - versions {2.0.31}
[01Mar2026 21:48:40.474] [main/DEBUG] [net.minecraftforge.fml.loading.moddiscovery.ModFileParser/LOADING]: Considering mod file candidate C:\ServerMine\mods\pointblank-forge-1.20.1-1.11.1.jar
[01Mar2026 21:48:40.474] [main/DEBUG] [net.minecraftforge.fml.loading.moddiscovery.ModFileInfo/LOADING]: Found valid mod file pointblank-forge-1.20.1-1.11.1.jar with {pointblank} mods - versions {1.11.1}
[01Mar2026 21:48:40.476] [main/DEBUG] [net.minecraftforge.fml.loading.moddiscovery.ModFileParser/LOADING]: Considering mod file candidate C:\ServerMine\mods\polymorph-forge-0.49.10+1.20.1.jar
[01Mar2026 21:48:40.476] [main/DEBUG] [net.minecraftforge.fml.loading.moddiscovery.ModFileInfo/LOADING]: Found valid mod file polymorph-forge-0.49.10+1.20.1.jar with {polymorph} mods - versions {0.49.10+1.20.1}
[01Mar2026 21:48:40.478] [main/DEBUG] [net.minecraftforge.fml.loading.moddiscovery.ModFileParser/LOADING]: Considering mod file candidate C:\ServerMine\mods\PresenceFootsteps-1.20.1-1.9.1-beta.1.jar
[01Mar2026 21:48:40.478] [main/DEBUG] [net.minecraftforge.fml.loading.moddiscovery.ModFileInfo/LOADING]: Found valid mod file PresenceFootsteps-1.20.1-1.9.1-beta.1.jar with {presencefootsteps} mods - versions {1.20.1-1.9.1-beta.1}
[01Mar2026 21:48:40.480] [main/DEBUG] [net.minecraftforge.fml.loading.moddiscovery.ModFileParser/LOADING]: Considering mod file candidate C:\ServerMine\mods\projectvibrantjourneys-1.20.1-6.2.0.jar
[01Mar2026 21:48:40.480] [main/DEBUG] [net.minecraftforge.fml.loading.moddiscovery.ModFileInfo/LOADING]: Found valid mod file projectvibrantjourneys-1.20.1-6.2.0.jar with {projectvibrantjourneys} mods - versions {1.20.1-6.2.0}
[01Mar2026 21:48:40.481] [main/DEBUG] [net.minecraftforge.fml.loading.moddiscovery.ModFileParser/LOADING]: Considering mod file candidate C:\ServerMine\mods\propertymodifier-1.20.1-0.1-all.jar
[01Mar2026 21:48:40.482] [main/DEBUG] [net.minecraftforge.fml.loading.moddiscovery.ModFileInfo/LOADING]: Found valid mod file propertymodifier-1.20.1-0.1-all.jar with {propertymodifier} mods - versions {0.3.3}
[01Mar2026 21:48:40.483] [main/DEBUG] [net.minecraftforge.fml.loading.moddiscovery.ModFileParser/LOADING]: Considering mod file candidate C:\ServerMine\mods\psg-5.7.0d-forge-1.20.1.jar
[01Mar2026 21:48:40.483] [main/DEBUG] [net.minecraftforge.fml.loading.moddiscovery.ModFileInfo/LOADING]: Found valid mod file psg-5.7.0d-forge-1.20.1.jar with {psg} mods - versions {5.7.0}
[01Mar2026 21:48:40.490] [main/DEBUG] [net.minecraftforge.fml.loading.moddiscovery.ModFileParser/LOADING]: Considering mod file candidate C:\ServerMine\mods\PuzzlesLib-v8.1.33-1.20.1-Forge.jar
[01Mar2026 21:48:40.491] [main/DEBUG] [net.minecraftforge.fml.loading.moddiscovery.ModFileInfo/LOADING]: Found valid mod file PuzzlesLib-v8.1.33-1.20.1-Forge.jar with {puzzleslib} mods - versions {8.1.33}
[01Mar2026 21:48:40.493] [main/DEBUG] [net.minecraftforge.fml.loading.moddiscovery.ModFileParser/LOADING]: Considering mod file candidate C:\ServerMine\mods\quantified api-forge-1.20.1-1.2.1.jar
[01Mar2026 21:48:40.493] [main/DEBUG] [net.minecraftforge.fml.loading.moddiscovery.ModFileInfo/LOADING]: Found valid mod file quantified api-forge-1.20.1-1.2.1.jar with {quantified} mods - versions {1.2.1}
[01Mar2026 21:48:40.494] [main/DEBUG] [net.minecraftforge.fml.loading.moddiscovery.ModFileParser/LOADING]: Considering mod file candidate C:\ServerMine\mods\RapidLeafDecay-1.20.1-2.0.2.jar
[01Mar2026 21:48:40.495] [main/DEBUG] [net.minecraftforge.fml.loading.moddiscovery.ModFileInfo/LOADING]: Found valid mod file RapidLeafDecay-1.20.1-2.0.2.jar with {rapid_leaf_decay} mods - versions {2.0.2}
[01Mar2026 21:48:40.524] [main/DEBUG] [net.minecraftforge.fml.loading.moddiscovery.ModFileParser/LOADING]: Considering mod file candidate C:\ServerMine\mods\refurbished_furniture-forge-1.20.1-1.0.20.jar
[01Mar2026 21:48:40.525] [main/DEBUG] [net.minecraftforge.fml.loading.moddiscovery.ModFileInfo/LOADING]: Found valid mod file refurbished_furniture-forge-1.20.1-1.0.20.jar with {refurbished_furniture} mods - versions {1.0.20}
[01Mar2026 21:48:40.528] [main/DEBUG] [net.minecraftforge.fml.loading.moddiscovery.ModFileParser/LOADING]: Considering mod file candidate C:\ServerMine\mods\RegionsUnexploredForge-0.5.6+1.20.1.jar
[01Mar2026 21:48:40.529] [main/DEBUG] [net.minecraftforge.fml.loading.moddiscovery.ModFileInfo/LOADING]: Found valid mod file RegionsUnexploredForge-0.5.6+1.20.1.jar with {regions_unexplored} mods - versions {0.5.6}
[01Mar2026 21:48:40.530] [main/DEBUG] [net.minecraftforge.fml.loading.moddiscovery.ModFileParser/LOADING]: Considering mod file candidate C:\ServerMine\mods\regrowth-1.20-46.32.1.jar
[01Mar2026 21:48:40.531] [main/DEBUG] [net.minecraftforge.fml.loading.moddiscovery.ModFileInfo/LOADING]: Found valid mod file regrowth-1.20-46.32.1.jar with {regrowth} mods - versions {46.32.1}
[01Mar2026 21:48:40.532] [main/DEBUG] [net.minecraftforge.fml.loading.moddiscovery.ModFileParser/LOADING]: Considering mod file candidate C:\ServerMine\mods\resourcefullib-forge-1.20.1-2.1.29.jar
[01Mar2026 21:48:40.533] [main/DEBUG] [net.minecraftforge.fml.loading.moddiscovery.ModFileInfo/LOADING]: Found valid mod file resourcefullib-forge-1.20.1-2.1.29.jar with {resourcefullib} mods - versions {2.1.29}
[01Mar2026 21:48:40.534] [main/DEBUG] [net.minecraftforge.fml.loading.moddiscovery.ModFileParser/LOADING]: Considering mod file candidate C:\ServerMine\mods\responsiveshields-2.3-mc1.18-19-20.x.jar
[01Mar2026 21:48:40.535] [main/DEBUG] [net.minecraftforge.fml.loading.moddiscovery.ModFileInfo/LOADING]: Found valid mod file responsiveshields-2.3-mc1.18-19-20.x.jar with {responsiveshields} mods - versions {2.3}
[01Mar2026 21:48:40.536] [main/DEBUG] [net.minecraftforge.fml.loading.moddiscovery.ModFileParser/LOADING]: Considering mod file candidate C:\ServerMine\mods\rhino-forge-2001.2.3-build.10.jar
[01Mar2026 21:48:40.537] [main/DEBUG] [net.minecraftforge.fml.loading.moddiscovery.ModFileInfo/LOADING]: Found valid mod file rhino-forge-2001.2.3-build.10.jar with {rhino} mods - versions {2001.2.3-build.10}
[01Mar2026 21:48:40.538] [main/DEBUG] [net.minecraftforge.fml.loading.moddiscovery.ModFileParser/LOADING]: Considering mod file candidate C:\ServerMine\mods\rightclickharvest-forge-4.6.1+1.20.1.jar
[01Mar2026 21:48:40.539] [main/DEBUG] [net.minecraftforge.fml.loading.moddiscovery.ModFileInfo/LOADING]: Found valid mod file rightclickharvest-forge-4.6.1+1.20.1.jar with {rightclickharvest} mods - versions {4.6.1+1.20.1}
[01Mar2026 21:48:40.540] [main/DEBUG] [net.minecraftforge.fml.loading.moddiscovery.ModFileParser/LOADING]: Considering mod file candidate C:\ServerMine\mods\ritchiesprojectilelib-2.1.1-mc.1.20.1-forge.jar
[01Mar2026 21:48:40.541] [main/DEBUG] [net.minecraftforge.fml.loading.moddiscovery.ModFileInfo/LOADING]: Found valid mod file ritchiesprojectilelib-2.1.1-mc.1.20.1-forge.jar with {ritchiesprojectilelib} mods - versions {2.1.1}
[01Mar2026 21:48:40.542] [main/DEBUG] [net.minecraftforge.fml.loading.moddiscovery.ModFileParser/LOADING]: Considering mod file candidate C:\ServerMine\mods\rrls-4.0.6.1+mc1.20.1-forge.jar
[01Mar2026 21:48:40.542] [main/DEBUG] [net.minecraftforge.fml.loading.moddiscovery.ModFileInfo/LOADING]: Found valid mod file rrls-4.0.6.1+mc1.20.1-forge.jar with {rrls} mods - versions {4.0.6.1+mc1.20.1-forge}
[01Mar2026 21:48:40.544] [main/DEBUG] [net.minecraftforge.fml.loading.moddiscovery.ModFileParser/LOADING]: Considering mod file candidate C:\ServerMine\mods\Satako-7.0.33-1.20.1.jar
[01Mar2026 21:48:40.544] [main/DEBUG] [net.minecraftforge.fml.loading.moddiscovery.ModFileInfo/LOADING]: Found valid mod file Satako-7.0.33-1.20.1.jar with {satako} mods - versions {7.0.33-1.20.1}
[01Mar2026 21:48:40.546] [main/DEBUG] [net.minecraftforge.fml.loading.moddiscovery.ModFileParser/LOADING]: Considering mod file candidate C:\ServerMine\mods\ScalingMobs-2.2.2.jar
[01Mar2026 21:48:40.546] [main/DEBUG] [net.minecraftforge.fml.loading.moddiscovery.ModFileInfo/LOADING]: Found valid mod file ScalingMobs-2.2.2.jar with {scalingmobs} mods - versions {2.2.2}
[01Mar2026 21:48:40.547] [main/DEBUG] [net.minecraftforge.fml.loading.moddiscovery.ModFileParser/LOADING]: Considering mod file candidate C:\ServerMine\mods\Searchables-forge-1.20.1-1.0.3.jar
[01Mar2026 21:48:40.548] [main/DEBUG] [net.minecraftforge.fml.loading.moddiscovery.ModFileInfo/LOADING]: Found valid mod file Searchables-forge-1.20.1-1.0.3.jar with {searchables} mods - versions {1.0.3}
[01Mar2026 21:48:40.549] [main/DEBUG] [net.minecraftforge.fml.loading.moddiscovery.ModFileParser/LOADING]: Considering mod file candidate C:\ServerMine\mods\SereneSeasons-forge-1.20.1-9.1.0.2.jar
[01Mar2026 21:48:40.550] [main/DEBUG] [net.minecraftforge.fml.loading.moddiscovery.ModFileInfo/LOADING]: Found valid mod file SereneSeasons-forge-1.20.1-9.1.0.2.jar with {sereneseasons} mods - versions {9.1.0.2}
[01Mar2026 21:48:40.551] [main/DEBUG] [net.minecraftforge.fml.loading.moddiscovery.ModFileParser/LOADING]: Considering mod file candidate C:\ServerMine\mods\set_things_up-1.0.jar
[01Mar2026 21:48:40.551] [main/DEBUG] [net.minecraftforge.fml.loading.moddiscovery.ModFileInfo/LOADING]: Found valid mod file set_things_up-1.0.jar with {set_things_up} mods - versions {1.0.0}
[01Mar2026 21:48:40.553] [main/DEBUG] [net.minecraftforge.fml.loading.moddiscovery.ModFileParser/LOADING]: Considering mod file candidate C:\ServerMine\mods\ShoulderSurfing-Forge-1.20.1-4.14.3.jar
[01Mar2026 21:48:40.553] [main/DEBUG] [net.minecraftforge.fml.loading.moddiscovery.ModFileInfo/LOADING]: Found valid mod file ShoulderSurfing-Forge-1.20.1-4.14.3.jar with {shouldersurfing} mods - versions {1.20.1-4.14.3}
[01Mar2026 21:48:40.555] [main/DEBUG] [net.minecraftforge.fml.loading.moddiscovery.ModFileParser/LOADING]: Considering mod file candidate C:\ServerMine\mods\simpleshops-1.2.2.jar
[01Mar2026 21:48:40.555] [main/DEBUG] [net.minecraftforge.fml.loading.moddiscovery.ModFileInfo/LOADING]: Found valid mod file simpleshops-1.2.2.jar with {simpleshops} mods - versions {1.2.2}
[01Mar2026 21:48:40.556] [main/DEBUG] [net.minecraftforge.fml.loading.moddiscovery.ModFileParser/LOADING]: Considering mod file candidate C:\ServerMine\mods\simply_traps-1.7-forge-1.20.1.jar
[01Mar2026 21:48:40.557] [main/DEBUG] [net.minecraftforge.fml.loading.moddiscovery.ModFileInfo/LOADING]: Found valid mod file simply_traps-1.7-forge-1.20.1.jar with {simply_traps} mods - versions {1.7}
[01Mar2026 21:48:40.558] [main/DEBUG] [net.minecraftforge.fml.loading.moddiscovery.ModFileParser/LOADING]: Considering mod file candidate C:\ServerMine\mods\sit-1.20.1-1.3.5.jar
[01Mar2026 21:48:40.559] [main/DEBUG] [net.minecraftforge.fml.loading.moddiscovery.ModFileInfo/LOADING]: Found valid mod file sit-1.20.1-1.3.5.jar with {sit} mods - versions {1.3.5}
[01Mar2026 21:48:40.560] [main/DEBUG] [net.minecraftforge.fml.loading.moddiscovery.ModFileParser/LOADING]: Considering mod file candidate C:\ServerMine\mods\Sky's Overworld Netherite 2.8 1.20.1 Forge.jar
[01Mar2026 21:48:40.561] [main/DEBUG] [net.minecraftforge.fml.loading.moddiscovery.ModFileInfo/LOADING]: Found valid mod file Sky's Overworld Netherite 2.8 1.20.1 Forge.jar with {overworld_netherite_ore} mods - versions {2.8}
[01Mar2026 21:48:40.562] [main/DEBUG] [net.minecraftforge.fml.loading.moddiscovery.ModFileParser/LOADING]: Considering mod file candidate C:\ServerMine\mods\sliceanddice-forge-3.6.0.jar
[01Mar2026 21:48:40.562] [main/DEBUG] [net.minecraftforge.fml.loading.moddiscovery.ModFileInfo/LOADING]: Found valid mod file sliceanddice-forge-3.6.0.jar with {sliceanddice} mods - versions {3.6.0}
[01Mar2026 21:48:40.563] [main/DEBUG] [net.minecraftforge.fml.loading.moddiscovery.ModFileParser/LOADING]: Considering mod file candidate C:\ServerMine\mods\SmartBrainLib-forge-1.20.1-1.15.jar
[01Mar2026 21:48:40.564] [main/DEBUG] [net.minecraftforge.fml.loading.moddiscovery.ModFileInfo/LOADING]: Found valid mod file SmartBrainLib-forge-1.20.1-1.15.jar with {smartbrainlib} mods - versions {1.15}
[01Mar2026 21:48:40.565] [main/DEBUG] [net.minecraftforge.fml.loading.moddiscovery.ModFileParser/LOADING]: Considering mod file candidate C:\ServerMine\mods\smoothboot(reloaded)-mc1.20.1-0.0.4.jar
[01Mar2026 21:48:40.565] [main/DEBUG] [net.minecraftforge.fml.loading.moddiscovery.ModFileInfo/LOADING]: Found valid mod file smoothboot(reloaded)-mc1.20.1-0.0.4.jar with {smoothboot} mods - versions {0.0.4}
[01Mar2026 21:48:40.566] [main/DEBUG] [net.minecraftforge.fml.loading.moddiscovery.ModFileParser/LOADING]: Considering mod file candidate C:\ServerMine\mods\smoothchunk-1.20.1-4.1.jar
[01Mar2026 21:48:40.567] [main/DEBUG] [net.minecraftforge.fml.loading.moddiscovery.ModFileInfo/LOADING]: Found valid mod file smoothchunk-1.20.1-4.1.jar with {smoothchunk} mods - versions {1.20.1-4.1}
[01Mar2026 21:48:40.568] [main/DEBUG] [net.minecraftforge.fml.loading.moddiscovery.ModFileParser/LOADING]: Considering mod file candidate C:\ServerMine\mods\SoLOnion_FORGE_v1.4.5_mc1.20.1.jar
[01Mar2026 21:48:40.569] [main/DEBUG] [net.minecraftforge.fml.loading.moddiscovery.ModFileInfo/LOADING]: Found valid mod file SoLOnion_FORGE_v1.4.5_mc1.20.1.jar with {solonion} mods - versions {1.4.5}
[01Mar2026 21:48:40.570] [main/DEBUG] [net.minecraftforge.fml.loading.moddiscovery.ModFileParser/LOADING]: Considering mod file candidate C:\ServerMine\mods\sophisticatedbackpacks-1.20.1-3.24.24.1538.jar
[01Mar2026 21:48:40.570] [main/DEBUG] [net.minecraftforge.fml.loading.moddiscovery.ModFileInfo/LOADING]: Found valid mod file sophisticatedbackpacks-1.20.1-3.24.24.1538.jar with {sophisticatedbackpacks} mods - versions {3.24.24.1538}
[01Mar2026 21:48:40.572] [main/DEBUG] [net.minecraftforge.fml.loading.moddiscovery.ModFileParser/LOADING]: Considering mod file candidate C:\ServerMine\mods\sophisticatedcore-1.20.1-1.3.5.1505.jar
[01Mar2026 21:48:40.573] [main/DEBUG] [net.minecraftforge.fml.loading.moddiscovery.ModFileInfo/LOADING]: Found valid mod file sophisticatedcore-1.20.1-1.3.5.1505.jar with {sophisticatedcore} mods - versions {1.3.5.1505}
[01Mar2026 21:48:40.574] [main/DEBUG] [net.minecraftforge.fml.loading.moddiscovery.ModFileParser/LOADING]: Considering mod file candidate C:\ServerMine\mods\sound-physics-remastered-forge-1.20.1-1.5.1.jar
[01Mar2026 21:48:40.574] [main/DEBUG] [net.minecraftforge.fml.loading.moddiscovery.ModFileInfo/LOADING]: Found valid mod file sound-physics-remastered-forge-1.20.1-1.5.1.jar with {sound_physics_remastered} mods - versions {1.20.1-1.5.1}
[01Mar2026 21:48:40.577] [main/DEBUG] [net.minecraftforge.fml.loading.moddiscovery.ModFileParser/LOADING]: Considering mod file candidate C:\ServerMine\mods\spark-1.10.53-forge.jar
[01Mar2026 21:48:40.578] [main/DEBUG] [net.minecraftforge.fml.loading.moddiscovery.ModFileInfo/LOADING]: Found valid mod file spark-1.10.53-forge.jar with {spark} mods - versions {1.10.53}
[01Mar2026 21:48:40.579] [main/DEBUG] [net.minecraftforge.fml.loading.moddiscovery.ModFileParser/LOADING]: Considering mod file candidate C:\ServerMine\mods\starterkit-1.20.1-7.4.jar
[01Mar2026 21:48:40.580] [main/DEBUG] [net.minecraftforge.fml.loading.moddiscovery.ModFileInfo/LOADING]: Found valid mod file starterkit-1.20.1-7.4.jar with {starterkit} mods - versions {7.4}
[01Mar2026 21:48:40.585] [main/DEBUG] [net.minecraftforge.fml.loading.moddiscovery.ModFileParser/LOADING]: Considering mod file candidate C:\ServerMine\mods\Steam_Rails-1.6.15-beta+forge-mc1.20.1.jar
[01Mar2026 21:48:40.586] [main/DEBUG] [net.minecraftforge.fml.loading.moddiscovery.ModFileInfo/LOADING]: Found valid mod file Steam_Rails-1.6.15-beta+forge-mc1.20.1.jar with {railways} mods - versions {1.6.15-beta+forge-mc1.20.1}
[01Mar2026 21:48:40.588] [main/DEBUG] [net.minecraftforge.fml.loading.moddiscovery.ModFileParser/LOADING]: Considering mod file candidate C:\ServerMine\mods\strayed-fates-forsaken-v1.1.3.2.jar
[01Mar2026 21:48:40.588] [main/DEBUG] [net.minecraftforge.fml.loading.moddiscovery.ModFileInfo/LOADING]: Found valid mod file strayed-fates-forsaken-v1.1.3.2.jar with {strayed_fates_forsaken} mods - versions {1.1.3.2}
[01Mar2026 21:48:40.590] [main/DEBUG] [net.minecraftforge.fml.loading.moddiscovery.ModFileParser/LOADING]: Considering mod file candidate C:\ServerMine\mods\Structory_1.20.x_v1.3.5.jar
[01Mar2026 21:48:40.590] [main/DEBUG] [net.minecraftforge.fml.loading.moddiscovery.ModFileInfo/LOADING]: Found valid mod file Structory_1.20.x_v1.3.5.jar with {structory} mods - versions {1.3.5}
[01Mar2026 21:48:40.593] [main/DEBUG] [net.minecraftforge.fml.loading.moddiscovery.ModFileParser/LOADING]: Considering mod file candidate C:\ServerMine\mods\superbwarfare-1.20.1-0.8.8-final-6a6b54795.jar
[01Mar2026 21:48:40.593] [main/DEBUG] [net.minecraftforge.fml.loading.moddiscovery.ModFileInfo/LOADING]: Found valid mod file superbwarfare-1.20.1-0.8.8-final-6a6b54795.jar with {superbwarfare} mods - versions {0.8.8}
[01Mar2026 21:48:40.595] [main/DEBUG] [net.minecraftforge.fml.loading.moddiscovery.ModFileParser/LOADING]: Considering mod file candidate C:\ServerMine\mods\survival_instinct-1.0.2-forge-1.20.1.jar
[01Mar2026 21:48:40.596] [main/DEBUG] [net.minecraftforge.fml.loading.moddiscovery.ModFileInfo/LOADING]: Found valid mod file survival_instinct-1.0.2-forge-1.20.1.jar with {survival_instinct} mods - versions {1.0.2}
[01Mar2026 21:48:40.597] [main/DEBUG] [net.minecraftforge.fml.loading.moddiscovery.ModFileParser/LOADING]: Considering mod file candidate C:\ServerMine\mods\table_top_craft-1.20.1-6.1.2.jar
[01Mar2026 21:48:40.598] [main/DEBUG] [net.minecraftforge.fml.loading.moddiscovery.ModFileInfo/LOADING]: Found valid mod file table_top_craft-1.20.1-6.1.2.jar with {table_top_craft} mods - versions {1.20.1-6.1.2}
[01Mar2026 21:48:40.601] [main/DEBUG] [net.minecraftforge.fml.loading.moddiscovery.ModFileParser/LOADING]: Considering mod file candidate C:\ServerMine\mods\tacz-1.20.1-1.1.7-hotfix.jar
[01Mar2026 21:48:40.601] [main/DEBUG] [net.minecraftforge.fml.loading.moddiscovery.ModFileInfo/LOADING]: Found valid mod file tacz-1.20.1-1.1.7-hotfix.jar with {tacz} mods - versions {1.1.7-hotfix}
[01Mar2026 21:48:40.603] [main/DEBUG] [net.minecraftforge.fml.loading.moddiscovery.ModFileParser/LOADING]: Considering mod file candidate C:\ServerMine\mods\tacz-tweaks-2.11.2-all.jar
[01Mar2026 21:48:40.603] [main/DEBUG] [net.minecraftforge.fml.loading.moddiscovery.ModFileInfo/LOADING]: Found valid mod file tacz-tweaks-2.11.2-all.jar with {tacztweaks} mods - versions {2.11.2}
[01Mar2026 21:48:40.604] [main/DEBUG] [net.minecraftforge.fml.loading.moddiscovery.ModFileParser/LOADING]: Considering mod file candidate C:\ServerMine\mods\tacz_npc-1.2.0.jar
[01Mar2026 21:48:40.606] [main/DEBUG] [net.minecraftforge.fml.loading.moddiscovery.ModFileInfo/LOADING]: Found valid mod file tacz_npc-1.2.0.jar with {tacz_npc} mods - versions {1.0.0}
[01Mar2026 21:48:40.608] [main/DEBUG] [net.minecraftforge.fml.loading.moddiscovery.ModFileParser/LOADING]: Considering mod file candidate C:\ServerMine\mods\TCTcore-1.20.1.jar
[01Mar2026 21:48:40.608] [main/DEBUG] [net.minecraftforge.fml.loading.moddiscovery.ModFileInfo/LOADING]: Found valid mod file TCTcore-1.20.1.jar with {tctcore} mods - versions {2.2}
[01Mar2026 21:48:40.610] [main/DEBUG] [net.minecraftforge.fml.loading.moddiscovery.ModFileParser/LOADING]: Considering mod file candidate C:\ServerMine\mods\tectonic-forge-1.20.1-2.4.1.jar
[01Mar2026 21:48:40.610] [main/DEBUG] [net.minecraftforge.fml.loading.moddiscovery.ModFileInfo/LOADING]: Found valid mod file tectonic-forge-1.20.1-2.4.1.jar with {tectonic} mods - versions {2.4.1}
[01Mar2026 21:48:40.612] [main/DEBUG] [net.minecraftforge.fml.loading.moddiscovery.ModFileParser/LOADING]: Considering mod file candidate C:\ServerMine\mods\tenshilib-1.20.1-1.7.6-forge.jar
[01Mar2026 21:48:40.612] [main/DEBUG] [net.minecraftforge.fml.loading.moddiscovery.ModFileInfo/LOADING]: Found valid mod file tenshilib-1.20.1-1.7.6-forge.jar with {tenshilib} mods - versions {1.20.1-1.7.6}
[01Mar2026 21:48:40.613] [main/DEBUG] [net.minecraftforge.fml.loading.moddiscovery.ModFileParser/LOADING]: Considering mod file candidate C:\ServerMine\mods\TerraBlender-forge-1.20.1-3.0.1.10.jar
[01Mar2026 21:48:40.613] [main/DEBUG] [net.minecraftforge.fml.loading.moddiscovery.ModFileInfo/LOADING]: Found valid mod file TerraBlender-forge-1.20.1-3.0.1.10.jar with {terrablender} mods - versions {3.0.1.10}
[01Mar2026 21:48:40.616] [main/DEBUG] [net.minecraftforge.fml.loading.moddiscovery.ModFileParser/LOADING]: Considering mod file candidate C:\ServerMine\mods\Terralith_1.20.x_v2.5.4.jar
[01Mar2026 21:48:40.617] [main/DEBUG] [net.minecraftforge.fml.loading.moddiscovery.ModFileInfo/LOADING]: Found valid mod file Terralith_1.20.x_v2.5.4.jar with {terralith} mods - versions {2.5.4}
[01Mar2026 21:48:40.618] [main/DEBUG] [net.minecraftforge.fml.loading.moddiscovery.ModFileParser/LOADING]: Considering mod file candidate C:\ServerMine\mods\The-Hordes-1.20.1-1.5.4c.jar
[01Mar2026 21:48:40.619] [main/DEBUG] [net.minecraftforge.fml.loading.moddiscovery.ModFileInfo/LOADING]: Found valid mod file The-Hordes-1.20.1-1.5.4c.jar with {hordes} mods - versions {1.5.4c}
[01Mar2026 21:48:40.620] [main/DEBUG] [net.minecraftforge.fml.loading.moddiscovery.ModFileParser/LOADING]: Considering mod file candidate C:\ServerMine\mods\ToolBelt-1.20.1-1.20.02.jar
[01Mar2026 21:48:40.620] [main/DEBUG] [net.minecraftforge.fml.loading.moddiscovery.ModFileInfo/LOADING]: Found valid mod file ToolBelt-1.20.1-1.20.02.jar with {toolbelt} mods - versions {1.20.02}
[01Mar2026 21:48:40.626] [main/DEBUG] [net.minecraftforge.fml.loading.moddiscovery.ModFileParser/LOADING]: Considering mod file candidate C:\ServerMine\mods\u_team_core-forge-1.20.1-5.1.4.382.jar
[01Mar2026 21:48:40.627] [main/DEBUG] [net.minecraftforge.fml.loading.moddiscovery.ModFileInfo/LOADING]: Found valid mod file u_team_core-forge-1.20.1-5.1.4.382.jar with {uteamcore} mods - versions {5.1.4.382}
[01Mar2026 21:48:40.628] [main/DEBUG] [net.minecraftforge.fml.loading.moddiscovery.ModFileParser/LOADING]: Considering mod file candidate C:\ServerMine\mods\UndergroundBunkers-1.0.5-1.20.x-forge.jar
[01Mar2026 21:48:40.629] [main/DEBUG] [net.minecraftforge.fml.loading.moddiscovery.ModFileInfo/LOADING]: Found valid mod file UndergroundBunkers-1.0.5-1.20.x-forge.jar with {underground_bunkers} mods - versions {1.0.5}
[01Mar2026 21:48:40.631] [main/DEBUG] [net.minecraftforge.fml.loading.moddiscovery.ModFileParser/LOADING]: Considering mod file candidate C:\ServerMine\mods\UniLib-1.2.0+1.20.1-forge.jar
[01Mar2026 21:48:40.633] [main/DEBUG] [net.minecraftforge.fml.loading.moddiscovery.ModFileInfo/LOADING]: Found valid mod file UniLib-1.2.0+1.20.1-forge.jar with {unilib} mods - versions {1.2.0}
[01Mar2026 21:48:40.635] [main/DEBUG] [net.minecraftforge.fml.loading.moddiscovery.ModFileParser/LOADING]: Considering mod file candidate C:\ServerMine\mods\visuality-forge-2.0.2.jar
[01Mar2026 21:48:40.636] [main/DEBUG] [net.minecraftforge.fml.loading.moddiscovery.ModFileInfo/LOADING]: Found valid mod file visuality-forge-2.0.2.jar with {visuality} mods - versions {2.0.2}
[01Mar2026 21:48:40.638] [main/DEBUG] [net.minecraftforge.fml.loading.moddiscovery.ModFileParser/LOADING]: Considering mod file candidate C:\ServerMine\mods\voicechat-forge-1.20.1-2.6.12.jar
[01Mar2026 21:48:40.639] [main/DEBUG] [net.minecraftforge.fml.loading.moddiscovery.ModFileInfo/LOADING]: Found valid mod file voicechat-forge-1.20.1-2.6.12.jar with {voicechat,voicechat_api} mods - versions {1.20.1-2.6.12,2.6.0}
[01Mar2026 21:48:40.640] [main/DEBUG] [net.minecraftforge.fml.loading.moddiscovery.ModFileParser/LOADING]: Considering mod file candidate C:\ServerMine\mods\VoidFog-1.20.1-2.0.23.jar
[01Mar2026 21:48:40.641] [main/DEBUG] [net.minecraftforge.fml.loading.moddiscovery.ModFileInfo/LOADING]: Found valid mod file VoidFog-1.20.1-2.0.23.jar with {voidfog} mods - versions {1.20.1-2.0.23}
[01Mar2026 21:48:40.642] [main/DEBUG] [net.minecraftforge.fml.loading.moddiscovery.ModFileParser/LOADING]: Considering mod file candidate C:\ServerMine\mods\walkietalkie-forge-1.20.1-1.3.0.jar
[01Mar2026 21:48:40.643] [main/DEBUG] [net.minecraftforge.fml.loading.moddiscovery.ModFileInfo/LOADING]: Found valid mod file walkietalkie-forge-1.20.1-1.3.0.jar with {walkietalkie} mods - versions {1.3.0}
[01Mar2026 21:48:40.644] [main/DEBUG] [net.minecraftforge.fml.loading.moddiscovery.ModFileParser/LOADING]: Considering mod file candidate C:\ServerMine\mods\warborn-1.20.1-2.3.3.jar
[01Mar2026 21:48:40.647] [main/DEBUG] [net.minecraftforge.fml.loading.moddiscovery.ModFileInfo/LOADING]: Found valid mod file warborn-1.20.1-2.3.3.jar with {warborn} mods - versions {2.3.3}
[01Mar2026 21:48:40.649] [main/DEBUG] [net.minecraftforge.fml.loading.moddiscovery.ModFileParser/LOADING]: Considering mod file candidate C:\ServerMine\mods\warborn_recipes-1.0.1.jar
[01Mar2026 21:48:40.650] [main/DEBUG] [net.minecraftforge.fml.loading.moddiscovery.ModFileInfo/LOADING]: Found valid mod file warborn_recipes-1.0.1.jar with {warborn_recipes} mods - versions {1.0.1}
[01Mar2026 21:48:40.652] [main/DEBUG] [net.minecraftforge.fml.loading.moddiscovery.ModFileParser/LOADING]: Considering mod file candidate C:\ServerMine\mods\warrior-1.20.1-3.jar
[01Mar2026 21:48:40.654] [main/DEBUG] [net.minecraftforge.fml.loading.moddiscovery.ModFileInfo/LOADING]: Found valid mod file warrior-1.20.1-3.jar with {warrior} mods - versions {1.20.1-3}
[01Mar2026 21:48:40.656] [main/DEBUG] [net.minecraftforge.fml.loading.moddiscovery.ModFileParser/LOADING]: Considering mod file candidate C:\ServerMine\mods\wegotrunnners-0.7.1.1.20.1[SPANISH TRANSLATION UPDATE].jar
[01Mar2026 21:48:40.657] [main/DEBUG] [net.minecraftforge.fml.loading.moddiscovery.ModFileInfo/LOADING]: Found valid mod file wegotrunnners-0.7.1.1.20.1[SPANISH TRANSLATION UPDATE].jar with {wegotrunnners} mods - versions {1.0.0}
[01Mar2026 21:48:40.658] [main/DEBUG] [net.minecraftforge.fml.loading.moddiscovery.ModFileParser/LOADING]: Considering mod file candidate C:\ServerMine\mods\yet_another_config_lib_v3-3.6.6+1.20.1-forge.jar
[01Mar2026 21:48:40.659] [main/DEBUG] [net.minecraftforge.fml.loading.moddiscovery.ModFileInfo/LOADING]: Found valid mod file yet_another_config_lib_v3-3.6.6+1.20.1-forge.jar with {yet_another_config_lib_v3} mods - versions {3.6.6+1.20.1-forge}
[01Mar2026 21:48:40.661] [main/DEBUG] [net.minecraftforge.fml.loading.moddiscovery.ModFileParser/LOADING]: Considering mod file candidate C:\ServerMine\mods\YungsApi-1.20-Forge-4.0.6.jar
[01Mar2026 21:48:40.661] [main/DEBUG] [net.minecraftforge.fml.loading.moddiscovery.ModFileInfo/LOADING]: Found valid mod file YungsApi-1.20-Forge-4.0.6.jar with {yungsapi} mods - versions {1.20-Forge-4.0.6}
[01Mar2026 21:48:40.663] [main/DEBUG] [net.minecraftforge.fml.loading.moddiscovery.ModFileParser/LOADING]: Considering mod file candidate C:\ServerMine\mods\YungsBetterDungeons-1.20-Forge-4.0.4.jar
[01Mar2026 21:48:40.663] [main/DEBUG] [net.minecraftforge.fml.loading.moddiscovery.ModFileInfo/LOADING]: Found valid mod file YungsBetterDungeons-1.20-Forge-4.0.4.jar with {betterdungeons} mods - versions {1.20-Forge-4.0.4}
[01Mar2026 21:48:40.665] [main/DEBUG] [net.minecraftforge.fml.loading.moddiscovery.ModFileParser/LOADING]: Considering mod file candidate C:\ServerMine\mods\YungsBetterMineshafts-1.20-Forge-4.0.4.jar
[01Mar2026 21:48:40.666] [main/DEBUG] [net.minecraftforge.fml.loading.moddiscovery.ModFileInfo/LOADING]: Found valid mod file YungsBetterMineshafts-1.20-Forge-4.0.4.jar with {bettermineshafts} mods - versions {1.20-Forge-4.0.4}
[01Mar2026 21:48:40.668] [main/DEBUG] [net.minecraftforge.fml.loading.moddiscovery.ModFileParser/LOADING]: Considering mod file candidate C:\ServerMine\mods\YungsBetterStrongholds-1.20-Forge-4.0.3.jar
[01Mar2026 21:48:40.668] [main/DEBUG] [net.minecraftforge.fml.loading.moddiscovery.ModFileInfo/LOADING]: Found valid mod file YungsBetterStrongholds-1.20-Forge-4.0.3.jar with {betterstrongholds} mods - versions {1.20-Forge-4.0.3}
[01Mar2026 21:48:40.670] [main/DEBUG] [net.minecraftforge.fml.loading.moddiscovery.ModFileParser/LOADING]: Considering mod file candidate C:\ServerMine\mods\zombieawareness-1.20.1-1.13.1.jar
[01Mar2026 21:48:40.670] [main/DEBUG] [net.minecraftforge.fml.loading.moddiscovery.ModFileInfo/LOADING]: Found valid mod file zombieawareness-1.20.1-1.13.1.jar with {zombieawareness} mods - versions {1.20.1-1.13.1}
[01Mar2026 21:48:40.673] [main/WARN] [net.minecraftforge.fml.loading.moddiscovery.ModDiscoverer/SCAN]: Locator {mods folder locator at C:\ServerMine\mods} returned 2 files which are client-side-only mods, but we're on a dedicated server. They will be skipped!
[01Mar2026 21:48:40.750] [main/DEBUG] [net.minecraftforge.fml.loading.moddiscovery.ModFileInfo/LOADING]: Found valid mod file server-1.20.1-20230612.114412-srg.jar with {minecraft} mods - versions {1.20.1}
[01Mar2026 21:48:40.753] [main/DEBUG] [net.minecraftforge.fml.loading.moddiscovery.ModFileParser/LOADING]: Considering mod file candidate C:\ServerMine\libraries\net\minecraftforge\fmlcore\1.20.1-47.4.16\fmlcore-1.20.1-47.4.16.jar
[01Mar2026 21:48:40.754] [main/WARN] [net.minecraftforge.fml.loading.moddiscovery.ModFileParser/LOADING]: Mod file C:\ServerMine\libraries\net\minecraftforge\fmlcore\1.20.1-47.4.16\fmlcore-1.20.1-47.4.16.jar is missing mods.toml file
[01Mar2026 21:48:40.756] [main/DEBUG] [net.minecraftforge.fml.loading.moddiscovery.ModFileParser/LOADING]: Considering mod file candidate C:\ServerMine\libraries\net\minecraftforge\javafmllanguage\1.20.1-47.4.16\javafmllanguage-1.20.1-47.4.16.jar
[01Mar2026 21:48:40.756] [main/WARN] [net.minecraftforge.fml.loading.moddiscovery.ModFileParser/LOADING]: Mod file C:\ServerMine\libraries\net\minecraftforge\javafmllanguage\1.20.1-47.4.16\javafmllanguage-1.20.1-47.4.16.jar is missing mods.toml file
[01Mar2026 21:48:40.759] [main/DEBUG] [net.minecraftforge.fml.loading.moddiscovery.ModFileParser/LOADING]: Considering mod file candidate C:\ServerMine\libraries\net\minecraftforge\lowcodelanguage\1.20.1-47.4.16\lowcodelanguage-1.20.1-47.4.16.jar
[01Mar2026 21:48:40.759] [main/WARN] [net.minecraftforge.fml.loading.moddiscovery.ModFileParser/LOADING]: Mod file C:\ServerMine\libraries\net\minecraftforge\lowcodelanguage\1.20.1-47.4.16\lowcodelanguage-1.20.1-47.4.16.jar is missing mods.toml file
[01Mar2026 21:48:40.762] [main/DEBUG] [net.minecraftforge.fml.loading.moddiscovery.ModFileParser/LOADING]: Considering mod file candidate C:\ServerMine\libraries\net\minecraftforge\mclanguage\1.20.1-47.4.16\mclanguage-1.20.1-47.4.16.jar
[01Mar2026 21:48:40.762] [main/WARN] [net.minecraftforge.fml.loading.moddiscovery.ModFileParser/LOADING]: Mod file C:\ServerMine\libraries\net\minecraftforge\mclanguage\1.20.1-47.4.16\mclanguage-1.20.1-47.4.16.jar is missing mods.toml file
[01Mar2026 21:48:40.767] [main/DEBUG] [net.minecraftforge.fml.loading.moddiscovery.ModFileParser/LOADING]: Considering mod file candidate C:\ServerMine\libraries\net\minecraftforge\forge\1.20.1-47.4.16\forge-1.20.1-47.4.16-universal.jar
[01Mar2026 21:48:40.768] [main/DEBUG] [net.minecraftforge.fml.loading.moddiscovery.ModFileInfo/LOADING]: Found valid mod file forge-1.20.1-47.4.16-universal.jar with {forge} mods - versions {47.4.16}
[01Mar2026 21:48:40.781] [main/DEBUG] [net.minecraftforge.fml.loading.moddiscovery.AbstractJarFileDependencyLocator/]: Failed to load resource META-INF\jarjar\metadata.json from YungsBetterDungeons-1.20-Forge-4.0.4.jar, it does not contain dependency information.
[01Mar2026 21:48:40.782] [main/DEBUG] [net.minecraftforge.fml.loading.moddiscovery.AbstractJarFileDependencyLocator/]: Failed to load resource META-INF\jarjar\metadata.json from auudio_forge_1.0.3_MC_1.19.3.jar, it does not contain dependency information.
[01Mar2026 21:48:40.782] [main/DEBUG] [net.minecraftforge.fml.loading.moddiscovery.AbstractJarFileDependencyLocator/]: Failed to load resource META-INF\jarjar\metadata.json from almanac-1.20.x-forge-1.0.2.jar, it does not contain dependency information.
[01Mar2026 21:48:40.782] [main/DEBUG] [net.minecraftforge.fml.loading.moddiscovery.AbstractJarFileDependencyLocator/]: Failed to load resource META-INF\jarjar\metadata.json from alexsmobs-1.22.9.jar, it does not contain dependency information.
[01Mar2026 21:48:40.782] [main/DEBUG] [net.minecraftforge.fml.loading.moddiscovery.AbstractJarFileDependencyLocator/]: Failed to load resource META-INF\jarjar\metadata.json from createdeco-2.0.3-1.20.1-forge.jar, it does not contain dependency information.
[01Mar2026 21:48:40.782] [main/DEBUG] [net.minecraftforge.fml.loading.moddiscovery.AbstractJarFileDependencyLocator/]: Failed to load resource META-INF\jarjar\metadata.json from player-animation-lib-forge-1.0.2-rc1+1.20.jar, it does not contain dependency information.
[01Mar2026 21:48:40.782] [main/DEBUG] [net.minecraftforge.fml.loading.moddiscovery.AbstractJarFileDependencyLocator/]: Failed to load resource META-INF\jarjar\metadata.json from apocalypticarsenal-1.0.1.jar, it does not contain dependency information.
[01Mar2026 21:48:40.782] [main/DEBUG] [net.minecraftforge.fml.loading.moddiscovery.AbstractJarFileDependencyLocator/]: Failed to load resource META-INF\jarjar\metadata.json from Not Enough Recipe Book-FORGE-0.4.1+1.20.1.jar, it does not contain dependency information.
[01Mar2026 21:48:40.782] [main/DEBUG] [net.minecraftforge.fml.loading.moddiscovery.AbstractJarFileDependencyLocator/]: Failed to load resource META-INF\jarjar\metadata.json from loadingbackgrounds-2.0.0-forge-1.20.X.jar, it does not contain dependency information.
[01Mar2026 21:48:40.782] [main/DEBUG] [net.minecraftforge.fml.loading.moddiscovery.AbstractJarFileDependencyLocator/]: Failed to load resource META-INF\jarjar\metadata.json from gamemenuremovegfarb-forge-mc1.19.4-2.1.2.jar, it does not contain dependency information.
[01Mar2026 21:48:40.782] [main/DEBUG] [net.minecraftforge.fml.loading.moddiscovery.AbstractJarFileDependencyLocator/]: Failed to load resource META-INF\jarjar\metadata.json from Satako-7.0.33-1.20.1.jar, it does not contain dependency information.
[01Mar2026 21:48:40.782] [main/DEBUG] [net.minecraftforge.fml.loading.moddiscovery.AbstractJarFileDependencyLocator/]: Failed to load resource META-INF\jarjar\metadata.json from UndergroundBunkers-1.0.5-1.20.x-forge.jar, it does not contain dependency information.
[01Mar2026 21:48:40.782] [main/DEBUG] [net.minecraftforge.fml.loading.moddiscovery.AbstractJarFileDependencyLocator/]: Failed to load resource META-INF\jarjar\metadata.json from sound-physics-remastered-forge-1.20.1-1.5.1.jar, it does not contain dependency information.
[01Mar2026 21:48:40.782] [main/DEBUG] [net.minecraftforge.fml.loading.moddiscovery.AbstractJarFileDependencyLocator/]: Failed to load resource META-INF\jarjar\metadata.json from horror_element_mod-1.6.3-forge-1.20.1.jar, it does not contain dependency information.
[01Mar2026 21:48:40.782] [main/DEBUG] [net.minecraftforge.fml.loading.moddiscovery.AbstractJarFileDependencyLocator/]: Failed to load resource META-INF\jarjar\metadata.json from YungsApi-1.20-Forge-4.0.6.jar, it does not contain dependency information.
[01Mar2026 21:48:40.782] [main/DEBUG] [net.minecraftforge.fml.loading.moddiscovery.AbstractJarFileDependencyLocator/]: Failed to load resource META-INF\jarjar\metadata.json from guardvillagers-1.20.1-1.6.15.jar, it does not contain dependency information.
[01Mar2026 21:48:40.782] [main/DEBUG] [net.minecraftforge.fml.loading.moddiscovery.AbstractJarFileDependencyLocator/]: Failed to load resource META-INF\jarjar\metadata.json from DynamicTreesPlus-1.20.1-1.2.2.jar, it does not contain dependency information.
[01Mar2026 21:48:40.782] [main/DEBUG] [net.minecraftforge.fml.loading.moddiscovery.AbstractJarFileDependencyLocator/]: Failed to load resource META-INF\jarjar\metadata.json from createdieselgenerators-1.20.1-1.3.8.jar, it does not contain dependency information.
[01Mar2026 21:48:40.783] [main/DEBUG] [net.minecraftforge.fml.loading.moddiscovery.AbstractJarFileDependencyLocator/]: Failed to load resource META-INF\jarjar\metadata.json from warborn_recipes-1.0.1.jar, it does not contain dependency information.
[01Mar2026 21:48:40.783] [main/DEBUG] [net.minecraftforge.fml.loading.moddiscovery.AbstractJarFileDependencyLocator/]: Failed to load resource META-INF\jarjar\metadata.json from MineTraps-1.20.2-(v.2.3.0a).jar, it does not contain dependency information.
[01Mar2026 21:48:40.783] [main/DEBUG] [net.minecraftforge.fml.loading.moddiscovery.AbstractJarFileDependencyLocator/]: Failed to load resource META-INF\jarjar\metadata.json from K-Turrets-3.0.44-1.20.1.jar, it does not contain dependency information.
[01Mar2026 21:48:40.783] [main/DEBUG] [net.minecraftforge.fml.loading.moddiscovery.AbstractJarFileDependencyLocator/]: Failed to load resource META-INF\jarjar\metadata.json from JustEnoughResources-1.20.1-1.4.0.247.jar, it does not contain dependency information.
[01Mar2026 21:48:40.783] [main/DEBUG] [net.minecraftforge.fml.loading.moddiscovery.AbstractJarFileDependencyLocator/]: Failed to load resource META-INF\jarjar\metadata.json from bbs-1.20.1-0.1.3-forge.jar, it does not contain dependency information.
[01Mar2026 21:48:40.783] [main/DEBUG] [net.minecraftforge.fml.loading.moddiscovery.AbstractJarFileDependencyLocator/]: Failed to load resource META-INF\jarjar\metadata.json from cloth-config-11.1.136-forge.jar, it does not contain dependency information.
[01Mar2026 21:48:40.783] [main/DEBUG] [net.minecraftforge.fml.loading.moddiscovery.AbstractJarFileDependencyLocator/]: Failed to load resource META-INF\jarjar\metadata.json from DynamicTreesSoilsCompat-1.0.1.jar, it does not contain dependency information.
[01Mar2026 21:48:40.783] [main/DEBUG] [net.minecraftforge.fml.loading.moddiscovery.AbstractJarFileDependencyLocator/]: Failed to load resource META-INF\jarjar\metadata.json from cw_additions-1.1.6b-RELEASE-1.0-forge-1.20.1.jar, it does not contain dependency information.
[01Mar2026 21:48:40.783] [main/DEBUG] [net.minecraftforge.fml.loading.moddiscovery.AbstractJarFileDependencyLocator/]: Failed to load resource META-INF\jarjar\metadata.json from athena-forge-1.20.1-3.1.2.jar, it does not contain dependency information.
[01Mar2026 21:48:40.783] [main/DEBUG] [net.minecraftforge.fml.loading.moddiscovery.AbstractJarFileDependencyLocator/]: Failed to load resource META-INF\jarjar\metadata.json from GeophilicReforged-v1.2.0.jar, it does not contain dependency information.
[01Mar2026 21:48:40.783] [main/DEBUG] [net.minecraftforge.fml.loading.moddiscovery.AbstractJarFileDependencyLocator/]: Failed to load resource META-INF\jarjar\metadata.json from corpse-forge-1.20.1-1.0.23.jar, it does not contain dependency information.
[01Mar2026 21:48:40.783] [main/DEBUG] [net.minecraftforge.fml.loading.moddiscovery.AbstractJarFileDependencyLocator/]: Failed to load resource META-INF\jarjar\metadata.json from DynamicTreesTerralith-1.20.1-1.2.6.jar, it does not contain dependency information.
[01Mar2026 21:48:40.783] [main/DEBUG] [net.minecraftforge.fml.loading.moddiscovery.AbstractJarFileDependencyLocator/]: Failed to load resource META-INF\jarjar\metadata.json from tenshilib-1.20.1-1.7.6-forge.jar, it does not contain dependency information.
[01Mar2026 21:48:40.783] [main/DEBUG] [net.minecraftforge.fml.loading.moddiscovery.AbstractJarFileDependencyLocator/]: Failed to load resource META-INF\jarjar\metadata.json from handcrafted-forge-1.20.1-3.0.6.jar, it does not contain dependency information.
[01Mar2026 21:48:40.783] [main/DEBUG] [net.minecraftforge.fml.loading.moddiscovery.AbstractJarFileDependencyLocator/]: Failed to load resource META-INF\jarjar\metadata.json from combatroll-forge-1.3.3+1.20.1.jar, it does not contain dependency information.
[01Mar2026 21:48:40.783] [main/DEBUG] [net.minecraftforge.fml.loading.moddiscovery.AbstractJarFileDependencyLocator/]: Failed to load resource META-INF\jarjar\metadata.json from warrior-1.20.1-3.jar, it does not contain dependency information.
[01Mar2026 21:48:40.783] [main/DEBUG] [net.minecraftforge.fml.loading.moddiscovery.AbstractJarFileDependencyLocator/]: Failed to load resource META-INF\jarjar\metadata.json from alekiNiftyShips-FORGE-1.20.1-1.0.14.jar, it does not contain dependency information.
[01Mar2026 21:48:40.783] [main/DEBUG] [net.minecraftforge.fml.loading.moddiscovery.AbstractJarFileDependencyLocator/]: Failed to load resource META-INF\jarjar\metadata.json from lrarmor-1.20.1-0.1.4.4.jar, it does not contain dependency information.
[01Mar2026 21:48:40.783] [main/DEBUG] [net.minecraftforge.fml.loading.moddiscovery.AbstractJarFileDependencyLocator/]: Failed to load resource META-INF\jarjar\metadata.json from fishingoverhaul-1.20.1-1.2.0.jar, it does not contain dependency information.
[01Mar2026 21:48:40.783] [main/DEBUG] [net.minecraftforge.fml.loading.moddiscovery.AbstractJarFileDependencyLocator/]: Failed to load resource META-INF\jarjar\metadata.json from mcw-trapdoors-1.1.5-mc1.20.1forge.jar, it does not contain dependency information.
[01Mar2026 21:48:40.783] [main/DEBUG] [net.minecraftforge.fml.loading.moddiscovery.AbstractJarFileDependencyLocator/]: Failed to load resource META-INF\jarjar\metadata.json from Extinction Z 1.20.1 1.1.3.jar, it does not contain dependency information.
[01Mar2026 21:48:40.783] [main/DEBUG] [net.minecraftforge.fml.loading.moddiscovery.AbstractJarFileDependencyLocator/]: Failed to load resource META-INF\jarjar\metadata.json from spark-1.10.53-forge.jar, it does not contain dependency information.
[01Mar2026 21:48:40.783] [main/DEBUG] [net.minecraftforge.fml.loading.moddiscovery.AbstractJarFileDependencyLocator/]: Failed to load resource META-INF\jarjar\metadata.json from PhilipsRuins1.20.1-5.7.jar, it does not contain dependency information.
[01Mar2026 21:48:40.784] [main/DEBUG] [net.minecraftforge.fml.loading.moddiscovery.AbstractJarFileDependencyLocator/]: Failed to load resource META-INF\jarjar\metadata.json from Sky's Overworld Netherite 2.8 1.20.1 Forge.jar, it does not contain dependency information.
[01Mar2026 21:48:40.784] [main/DEBUG] [net.minecraftforge.fml.loading.moddiscovery.AbstractJarFileDependencyLocator/]: Failed to load resource META-INF\jarjar\metadata.json from Gunfire Overhaul-0.1.5-a Forge-1.20.1.jar, it does not contain dependency information.
[01Mar2026 21:48:40.784] [main/DEBUG] [net.minecraftforge.fml.loading.moddiscovery.AbstractJarFileDependencyLocator/]: Failed to load resource META-INF\jarjar\metadata.json from curios-forge-5.14.1+1.20.1.jar, it does not contain dependency information.
[01Mar2026 21:48:40.784] [main/DEBUG] [net.minecraftforge.fml.loading.moddiscovery.AbstractJarFileDependencyLocator/]: Failed to load resource META-INF\jarjar\metadata.json from rightclickharvest-forge-4.6.1+1.20.1.jar, it does not contain dependency information.
[01Mar2026 21:48:40.784] [main/DEBUG] [net.minecraftforge.fml.loading.moddiscovery.AbstractJarFileDependencyLocator/]: Failed to load resource META-INF\jarjar\metadata.json from itemblacklist-1.20.1-1.1.5.jar, it does not contain dependency information.
[01Mar2026 21:48:40.784] [main/DEBUG] [net.minecraftforge.fml.loading.moddiscovery.AbstractJarFileDependencyLocator/]: Failed to load resource META-INF\jarjar\metadata.json from Searchables-forge-1.20.1-1.0.3.jar, it does not contain dependency information.
[01Mar2026 21:48:40.784] [main/DEBUG] [net.minecraftforge.fml.loading.moddiscovery.AbstractJarFileDependencyLocator/]: Failed to load resource META-INF\jarjar\metadata.json from ApothicAttributes-1.20.1-1.3.7.jar, it does not contain dependency information.
[01Mar2026 21:48:40.784] [main/DEBUG] [net.minecraftforge.fml.loading.moddiscovery.AbstractJarFileDependencyLocator/]: Failed to load resource META-INF\jarjar\metadata.json from pointblank-forge-1.20.1-1.11.1.jar, it does not contain dependency information.
[01Mar2026 21:48:40.784] [main/DEBUG] [net.minecraftforge.fml.loading.moddiscovery.AbstractJarFileDependencyLocator/]: Failed to load resource META-INF\jarjar\metadata.json from Chunk-Pregenerator-1.20-4.4.5.1.jar, it does not contain dependency information.
[01Mar2026 21:48:40.784] [main/DEBUG] [net.minecraftforge.fml.loading.moddiscovery.AbstractJarFileDependencyLocator/]: Failed to load resource META-INF\jarjar\metadata.json from max_armory-1.3.0-forge-1.20.1.jar, it does not contain dependency information.
[01Mar2026 21:48:40.784] [main/DEBUG] [net.minecraftforge.fml.loading.moddiscovery.AbstractJarFileDependencyLocator/]: Failed to load resource META-INF\jarjar\metadata.json from Atlas Lib-1.20.1-1.1.12.jar, it does not contain dependency information.
[01Mar2026 21:48:40.784] [main/DEBUG] [net.minecraftforge.fml.loading.moddiscovery.AbstractJarFileDependencyLocator/]: Failed to load resource META-INF\jarjar\metadata.json from Butchersdelight beta 1.20.1 2.1.0.jar, it does not contain dependency information.
[01Mar2026 21:48:40.784] [main/DEBUG] [net.minecraftforge.fml.loading.moddiscovery.AbstractJarFileDependencyLocator/]: Failed to load resource META-INF\jarjar\metadata.json from cfm-forge-1.20.1-7.0.0-pre36.jar, it does not contain dependency information.
[01Mar2026 21:48:40.784] [main/DEBUG] [net.minecraftforge.fml.loading.moddiscovery.AbstractJarFileDependencyLocator/]: Failed to load resource META-INF\jarjar\metadata.json from UniLib-1.2.0+1.20.1-forge.jar, it does not contain dependency information.
[01Mar2026 21:48:40.784] [main/DEBUG] [net.minecraftforge.fml.loading.moddiscovery.AbstractJarFileDependencyLocator/]: Failed to load resource META-INF\jarjar\metadata.json from doomsday_decoration-1.1.3-forge-1.20.1.jar, it does not contain dependency information.
[01Mar2026 21:48:40.784] [main/DEBUG] [net.minecraftforge.fml.loading.moddiscovery.AbstractJarFileDependencyLocator/]: Failed to load resource META-INF\jarjar\metadata.json from strayed-fates-forsaken-v1.1.3.2.jar, it does not contain dependency information.
[01Mar2026 21:48:40.784] [main/DEBUG] [net.minecraftforge.fml.loading.moddiscovery.AbstractJarFileDependencyLocator/]: Failed to load resource META-INF\jarjar\metadata.json from KryptonReforged-0.2.3.jar, it does not contain dependency information.
[01Mar2026 21:48:40.784] [main/DEBUG] [net.minecraftforge.fml.loading.moddiscovery.AbstractJarFileDependencyLocator/]: Failed to load resource META-INF\jarjar\metadata.json from mobtimizations-forge-1.20.1-1.0.0.jar, it does not contain dependency information.
[01Mar2026 21:48:40.785] [main/DEBUG] [net.minecraftforge.fml.loading.moddiscovery.AbstractJarFileDependencyLocator/]: Failed to load resource META-INF\jarjar\metadata.json from YungsBetterMineshafts-1.20-Forge-4.0.4.jar, it does not contain dependency information.
[01Mar2026 21:48:40.785] [main/DEBUG] [net.minecraftforge.fml.loading.moddiscovery.AbstractJarFileDependencyLocator/]: Failed to load resource META-INF\jarjar\metadata.json from DynamicTrees-1.20.1-1.4.10.jar, it does not contain dependency information.
[01Mar2026 21:48:40.785] [main/DEBUG] [net.minecraftforge.fml.loading.moddiscovery.AbstractJarFileDependencyLocator/]: Failed to load resource META-INF\jarjar\metadata.json from PlayerRevive_FORGE_v2.0.31_mc1.20.1.jar, it does not contain dependency information.
[01Mar2026 21:48:40.785] [main/DEBUG] [net.minecraftforge.fml.loading.moddiscovery.AbstractJarFileDependencyLocator/]: Failed to load resource META-INF\jarjar\metadata.json from SmartBrainLib-forge-1.20.1-1.15.jar, it does not contain dependency information.
[01Mar2026 21:48:40.785] [main/DEBUG] [net.minecraftforge.fml.loading.moddiscovery.AbstractJarFileDependencyLocator/]: Failed to load resource META-INF\jarjar\metadata.json from DripSounds-1.19.4-0.3.2.jar, it does not contain dependency information.
[01Mar2026 21:48:40.785] [main/DEBUG] [net.minecraftforge.fml.loading.moddiscovery.AbstractJarFileDependencyLocator/]: Failed to load resource META-INF\jarjar\metadata.json from ftb-library-forge-2001.2.12.jar, it does not contain dependency information.
[01Mar2026 21:48:40.785] [main/DEBUG] [net.minecraftforge.fml.loading.moddiscovery.AbstractJarFileDependencyLocator/]: Failed to load resource META-INF\jarjar\metadata.json from jei-1.20.1-forge-15.20.0.129.jar, it does not contain dependency information.
[01Mar2026 21:48:40.785] [main/DEBUG] [net.minecraftforge.fml.loading.moddiscovery.AbstractJarFileDependencyLocator/]: Failed to load resource META-INF\jarjar\metadata.json from Mekanism-1.20.1-10.4.16.80.jar, it does not contain dependency information.
[01Mar2026 21:48:40.785] [main/DEBUG] [net.minecraftforge.fml.loading.moddiscovery.AbstractJarFileDependencyLocator/]: Failed to load resource META-INF\jarjar\metadata.json from immersive_weathering-1.20.1-2.0.5-forge.jar, it does not contain dependency information.
[01Mar2026 21:48:40.785] [main/DEBUG] [net.minecraftforge.fml.loading.moddiscovery.AbstractJarFileDependencyLocator/]: Failed to load resource META-INF\jarjar\metadata.json from fallingleaves-1.20.1-2.1.2.jar, it does not contain dependency information.
[01Mar2026 21:48:40.785] [main/DEBUG] [net.minecraftforge.fml.loading.moddiscovery.AbstractJarFileDependencyLocator/]: Failed to load resource META-INF\jarjar\metadata.json from berezka_api-1.2.8.3-forge-1.20.1.jar, it does not contain dependency information.
[01Mar2026 21:48:40.785] [main/DEBUG] [net.minecraftforge.fml.loading.moddiscovery.AbstractJarFileDependencyLocator/]: Failed to load resource META-INF\jarjar\metadata.json from forgivingworld-1.20.1-4.7.jar, it does not contain dependency information.
[01Mar2026 21:48:40.785] [main/DEBUG] [net.minecraftforge.fml.loading.moddiscovery.AbstractJarFileDependencyLocator/]: Failed to load resource META-INF\jarjar\metadata.json from EpheroLib-1.20.1-FORGE-1.2.0.jar, it does not contain dependency information.
[01Mar2026 21:48:40.785] [main/DEBUG] [net.minecraftforge.fml.loading.moddiscovery.AbstractJarFileDependencyLocator/]: Failed to load resource META-INF\jarjar\metadata.json from SereneSeasons-forge-1.20.1-9.1.0.2.jar, it does not contain dependency information.
[01Mar2026 21:48:40.785] [main/DEBUG] [net.minecraftforge.fml.loading.moddiscovery.AbstractJarFileDependencyLocator/]: Failed to load resource META-INF\jarjar\metadata.json from GlitchCore-forge-1.20.1-0.0.1.1.jar, it does not contain dependency information.
[01Mar2026 21:48:40.785] [main/DEBUG] [net.minecraftforge.fml.loading.moddiscovery.AbstractJarFileDependencyLocator/]: Failed to load resource META-INF\jarjar\metadata.json from farmers_croptopia-1.20.1-3.2.0.jar, it does not contain dependency information.
[01Mar2026 21:48:40.785] [main/DEBUG] [net.minecraftforge.fml.loading.moddiscovery.AbstractJarFileDependencyLocator/]: Failed to load resource META-INF\jarjar\metadata.json from cofh_core-1.20.1-11.0.2.56.jar, it does not contain dependency information.
[01Mar2026 21:48:40.785] [main/DEBUG] [net.minecraftforge.fml.loading.moddiscovery.AbstractJarFileDependencyLocator/]: Failed to load resource META-INF\jarjar\metadata.json from MutantsZombies-1.3.2-Forge-mc1.20.1.jar, it does not contain dependency information.
[01Mar2026 21:48:40.785] [main/DEBUG] [net.minecraftforge.fml.loading.moddiscovery.AbstractJarFileDependencyLocator/]: Failed to load resource META-INF\jarjar\metadata.json from wegotrunnners-0.7.1.1.20.1[SPANISH TRANSLATION UPDATE].jar, it does not contain dependency information.
[01Mar2026 21:48:40.785] [main/DEBUG] [net.minecraftforge.fml.loading.moddiscovery.AbstractJarFileDependencyLocator/]: Failed to load resource META-INF\jarjar\metadata.json from table_top_craft-1.20.1-6.1.2.jar, it does not contain dependency information.
[01Mar2026 21:48:40.785] [main/DEBUG] [net.minecraftforge.fml.loading.moddiscovery.AbstractJarFileDependencyLocator/]: Failed to load resource META-INF\jarjar\metadata.json from SoLOnion_FORGE_v1.4.5_mc1.20.1.jar, it does not contain dependency information.
[01Mar2026 21:48:40.786] [main/DEBUG] [net.minecraftforge.fml.loading.moddiscovery.AbstractJarFileDependencyLocator/]: Failed to load resource META-INF\jarjar\metadata.json from CraftTweaker-forge-1.20.1-14.0.59.jar, it does not contain dependency information.
[01Mar2026 21:48:40.786] [main/DEBUG] [net.minecraftforge.fml.loading.moddiscovery.AbstractJarFileDependencyLocator/]: Failed to load resource META-INF\jarjar\metadata.json from forge-1.20.1-47.4.16-universal.jar, it does not contain dependency information.
[01Mar2026 21:48:40.786] [main/DEBUG] [net.minecraftforge.fml.loading.moddiscovery.AbstractJarFileDependencyLocator/]: Failed to load resource META-INF\jarjar\metadata.json from tectonic-forge-1.20.1-2.4.1.jar, it does not contain dependency information.
[01Mar2026 21:48:40.787] [main/DEBUG] [net.minecraftforge.fml.loading.moddiscovery.AbstractJarFileDependencyLocator/]: Failed to load resource META-INF\jarjar\metadata.json from server-1.20.1-20230612.114412-srg.jar, it does not contain dependency information.
[01Mar2026 21:48:40.787] [main/DEBUG] [net.minecraftforge.fml.loading.moddiscovery.AbstractJarFileDependencyLocator/]: Failed to load resource META-INF\jarjar\metadata.json from smoothchunk-1.20.1-4.1.jar, it does not contain dependency information.
[01Mar2026 21:48:40.787] [main/DEBUG] [net.minecraftforge.fml.loading.moddiscovery.AbstractJarFileDependencyLocator/]: Failed to load resource META-INF\jarjar\metadata.json from voicechat-forge-1.20.1-2.6.12.jar, it does not contain dependency information.
[01Mar2026 21:48:40.787] [main/DEBUG] [net.minecraftforge.fml.loading.moddiscovery.AbstractJarFileDependencyLocator/]: Failed to load resource META-INF\jarjar\metadata.json from TerraBlender-forge-1.20.1-3.0.1.10.jar, it does not contain dependency information.
[01Mar2026 21:48:40.787] [main/DEBUG] [net.minecraftforge.fml.loading.moddiscovery.AbstractJarFileDependencyLocator/]: Failed to load resource META-INF\jarjar\metadata.json from immersive_cooking-v2.0.1.jar, it does not contain dependency information.
[01Mar2026 21:48:40.787] [main/DEBUG] [net.minecraftforge.fml.loading.moddiscovery.AbstractJarFileDependencyLocator/]: Failed to load resource META-INF\jarjar\metadata.json from psg-5.7.0d-forge-1.20.1.jar, it does not contain dependency information.
[01Mar2026 21:48:40.787] [main/DEBUG] [net.minecraftforge.fml.loading.moddiscovery.AbstractJarFileDependencyLocator/]: Failed to load resource META-INF\jarjar\metadata.json from MouseTweaks-forge-mc1.20.1-2.25.1.jar, it does not contain dependency information.
[01Mar2026 21:48:40.787] [main/DEBUG] [net.minecraftforge.fml.loading.moddiscovery.AbstractJarFileDependencyLocator/]: Failed to load resource META-INF\jarjar\metadata.json from ImmersiveEngineering-1.20.1-10.2.0-183.jar, it does not contain dependency information.
[01Mar2026 21:48:40.787] [main/DEBUG] [net.minecraftforge.fml.loading.moddiscovery.AbstractJarFileDependencyLocator/]: Failed to load resource META-INF\jarjar\metadata.json from ShoulderSurfing-Forge-1.20.1-4.14.3.jar, it does not contain dependency information.
[01Mar2026 21:48:40.787] [main/DEBUG] [net.minecraftforge.fml.loading.moddiscovery.AbstractJarFileDependencyLocator/]: Failed to load resource META-INF\jarjar\metadata.json from cleanswing-1.20-1.8.jar, it does not contain dependency information.
[01Mar2026 21:48:40.787] [main/DEBUG] [net.minecraftforge.fml.loading.moddiscovery.AbstractJarFileDependencyLocator/]: Failed to load resource META-INF\jarjar\metadata.json from Corgilib-Forge-1.20.1-4.0.3.4.jar, it does not contain dependency information.
[01Mar2026 21:48:40.787] [main/DEBUG] [net.minecraftforge.fml.loading.moddiscovery.AbstractJarFileDependencyLocator/]: Failed to load resource META-INF\jarjar\metadata.json from survival_instinct-1.0.2-forge-1.20.1.jar, it does not contain dependency information.
[01Mar2026 21:48:40.787] [main/DEBUG] [net.minecraftforge.fml.loading.moddiscovery.AbstractJarFileDependencyLocator/]: Failed to load resource META-INF\jarjar\metadata.json from ceilingtorch-1.20.1-1.32.1.jar, it does not contain dependency information.
[01Mar2026 21:48:40.787] [main/DEBUG] [net.minecraftforge.fml.loading.moddiscovery.AbstractJarFileDependencyLocator/]: Failed to load resource META-INF\jarjar\metadata.json from CreateTweaker-forge-1.20.1-4.0.15.jar, it does not contain dependency information.
[01Mar2026 21:48:40.787] [main/DEBUG] [net.minecraftforge.fml.loading.moddiscovery.AbstractJarFileDependencyLocator/]: Failed to load resource META-INF\jarjar\metadata.json from walkietalkie-forge-1.20.1-1.3.0.jar, it does not contain dependency information.
[01Mar2026 21:48:40.787] [main/DEBUG] [net.minecraftforge.fml.loading.moddiscovery.AbstractJarFileDependencyLocator/]: Failed to load resource META-INF\jarjar\metadata.json from lrtactical-1.20.1-0.3.0.jar, it does not contain dependency information.
[01Mar2026 21:48:40.787] [main/DEBUG] [net.minecraftforge.fml.loading.moddiscovery.AbstractJarFileDependencyLocator/]: Failed to load resource META-INF\jarjar\metadata.json from betterfpsdist-1.20.1-6.0.jar, it does not contain dependency information.
[01Mar2026 21:48:40.787] [main/DEBUG] [net.minecraftforge.fml.loading.moddiscovery.AbstractJarFileDependencyLocator/]: Failed to load resource META-INF\jarjar\metadata.json from farmersrespite-1.20.1-2.1.2.jar, it does not contain dependency information.
[01Mar2026 21:48:40.787] [main/DEBUG] [net.minecraftforge.fml.loading.moddiscovery.AbstractJarFileDependencyLocator/]: Failed to load resource META-INF\jarjar\metadata.json from ecologics-forge-1.20.1-2.2.4.jar, it does not contain dependency information.
[01Mar2026 21:48:40.787] [main/DEBUG] [net.minecraftforge.fml.loading.moddiscovery.AbstractJarFileDependencyLocator/]: Failed to load resource META-INF\jarjar\metadata.json from decoration-delight-1.20.1.jar, it does not contain dependency information.
[01Mar2026 21:48:40.788] [main/DEBUG] [net.minecraftforge.fml.loading.moddiscovery.AbstractJarFileDependencyLocator/]: Failed to load resource META-INF\jarjar\metadata.json from Croptopia-1.20.1-FORGE-3.0.4.jar, it does not contain dependency information.
[01Mar2026 21:48:40.788] [main/DEBUG] [net.minecraftforge.fml.loading.moddiscovery.AbstractJarFileDependencyLocator/]: Failed to load resource META-INF\jarjar\metadata.json from tacz_npc-1.2.0.jar, it does not contain dependency information.
[01Mar2026 21:48:40.788] [main/DEBUG] [net.minecraftforge.fml.loading.moddiscovery.AbstractJarFileDependencyLocator/]: Failed to load resource META-INF\jarjar\metadata.json from [1.20.1] SecurityCraft v1.10.1.jar, it does not contain dependency information.
[01Mar2026 21:48:40.788] [main/DEBUG] [net.minecraftforge.fml.loading.moddiscovery.AbstractJarFileDependencyLocator/]: Failed to load resource META-INF\jarjar\metadata.json from sit-1.20.1-1.3.5.jar, it does not contain dependency information.
[01Mar2026 21:48:40.788] [main/DEBUG] [net.minecraftforge.fml.loading.moddiscovery.AbstractJarFileDependencyLocator/]: Failed to load resource META-INF\jarjar\metadata.json from chaoszproject-bandits-1.0.0-1.20.1.jar, it does not contain dependency information.
[01Mar2026 21:48:40.788] [main/DEBUG] [net.minecraftforge.fml.loading.moddiscovery.AbstractJarFileDependencyLocator/]: Failed to load resource META-INF\jarjar\metadata.json from regrowth-1.20-46.32.1.jar, it does not contain dependency information.
[01Mar2026 21:48:40.788] [main/DEBUG] [net.minecraftforge.fml.loading.moddiscovery.AbstractJarFileDependencyLocator/]: Failed to load resource META-INF\jarjar\metadata.json from Pillagers Gun-1.20.1-forge-3.2.0.jar, it does not contain dependency information.
[01Mar2026 21:48:40.788] [main/DEBUG] [net.minecraftforge.fml.loading.moddiscovery.AbstractJarFileDependencyLocator/]: Failed to load resource META-INF\jarjar\metadata.json from AmbientEnvironment-forge-1.20.1-11.0.0.1.jar, it does not contain dependency information.
[01Mar2026 21:48:40.788] [main/DEBUG] [net.minecraftforge.fml.loading.moddiscovery.AbstractJarFileDependencyLocator/]: Failed to load resource META-INF\jarjar\metadata.json from FastFurnace-1.20.1-8.0.2.jar, it does not contain dependency information.
[01Mar2026 21:48:40.788] [main/DEBUG] [net.minecraftforge.fml.loading.moddiscovery.AbstractJarFileDependencyLocator/]: Failed to load resource META-INF\jarjar\metadata.json from appleskin-forge-mc1.20.1-2.5.1.jar, it does not contain dependency information.
[01Mar2026 21:48:40.788] [main/DEBUG] [net.minecraftforge.fml.loading.moddiscovery.AbstractJarFileDependencyLocator/]: Failed to load resource META-INF\jarjar\metadata.json from lootr-forge-1.20-0.7.35.94.jar, it does not contain dependency information.
[01Mar2026 21:48:40.788] [main/DEBUG] [net.minecraftforge.fml.loading.moddiscovery.AbstractJarFileDependencyLocator/]: Failed to load resource META-INF\jarjar\metadata.json from DynamicTreesCroptopia-1.20.1-1.0.0.jar, it does not contain dependency information.
[01Mar2026 21:48:40.788] [main/DEBUG] [net.minecraftforge.fml.loading.moddiscovery.AbstractJarFileDependencyLocator/]: Failed to load resource META-INF\jarjar\metadata.json from largemeals-1.20.1-1.3.0.jar, it does not contain dependency information.
[01Mar2026 21:48:40.788] [main/DEBUG] [net.minecraftforge.fml.loading.moddiscovery.AbstractJarFileDependencyLocator/]: Failed to load resource META-INF\jarjar\metadata.json from DynamicTreesRU-1.20.1-1.0.1.jar, it does not contain dependency information.
[01Mar2026 21:48:40.788] [main/DEBUG] [net.minecraftforge.fml.loading.moddiscovery.AbstractJarFileDependencyLocator/]: Failed to load resource META-INF\jarjar\metadata.json from responsiveshields-2.3-mc1.18-19-20.x.jar, it does not contain dependency information.
[01Mar2026 21:48:40.788] [main/DEBUG] [net.minecraftforge.fml.loading.moddiscovery.AbstractJarFileDependencyLocator/]: Failed to load resource META-INF\jarjar\metadata.json from Explosion-Overhaul-0.1.6.9-a Forge-1.20.1.jar, it does not contain dependency information.
[01Mar2026 21:48:40.788] [main/DEBUG] [net.minecraftforge.fml.loading.moddiscovery.AbstractJarFileDependencyLocator/]: Failed to load resource META-INF\jarjar\metadata.json from incontrol-1.20-9.4.1.jar, it does not contain dependency information.
[01Mar2026 21:48:40.788] [main/DEBUG] [net.minecraftforge.fml.loading.moddiscovery.AbstractJarFileDependencyLocator/]: Failed to load resource META-INF\jarjar\metadata.json from dynamiclights-v1.9-mc1.17-1.21.5-mod.jar, it does not contain dependency information.
[01Mar2026 21:48:40.788] [main/DEBUG] [net.minecraftforge.fml.loading.moddiscovery.AbstractJarFileDependencyLocator/]: Failed to load resource META-INF\jarjar\metadata.json from sophisticatedcore-1.20.1-1.3.5.1505.jar, it does not contain dependency information.
[01Mar2026 21:48:40.789] [main/DEBUG] [net.minecraftforge.fml.loading.moddiscovery.AbstractJarFileDependencyLocator/]: Failed to load resource META-INF\jarjar\metadata.json from ritchiesprojectilelib-2.1.1-mc.1.20.1-forge.jar, it does not contain dependency information.
[01Mar2026 21:48:40.789] [main/DEBUG] [net.minecraftforge.fml.loading.moddiscovery.AbstractJarFileDependencyLocator/]: Failed to load resource META-INF\jarjar\metadata.json from golemsarefriends-1.20.0-1.0.1.jar, it does not contain dependency information.
[01Mar2026 21:48:40.789] [main/DEBUG] [net.minecraftforge.fml.loading.moddiscovery.AbstractJarFileDependencyLocator/]: Failed to load resource META-INF\jarjar\metadata.json from darkness-forge-1.20.1-2.0.103-fork.jar, it does not contain dependency information.
[01Mar2026 21:48:40.789] [main/DEBUG] [net.minecraftforge.fml.loading.moddiscovery.AbstractJarFileDependencyLocator/]: Failed to load resource META-INF\jarjar\metadata.json from configurableextramobdrops-1.20.1-3.5.jar, it does not contain dependency information.
[01Mar2026 21:48:40.789] [main/DEBUG] [net.minecraftforge.fml.loading.moddiscovery.AbstractJarFileDependencyLocator/]: Failed to load resource META-INF\jarjar\metadata.json from EnhancedVisuals_FORGE_v1.8.2_mc1.20.1.jar, it does not contain dependency information.
[01Mar2026 21:48:40.789] [main/DEBUG] [net.minecraftforge.fml.loading.moddiscovery.AbstractJarFileDependencyLocator/]: Failed to load resource META-INF\jarjar\metadata.json from Controlling-forge-1.20.1-12.0.2.jar, it does not contain dependency information.
[01Mar2026 21:48:40.789] [main/DEBUG] [net.minecraftforge.fml.loading.moddiscovery.AbstractJarFileDependencyLocator/]: Failed to load resource META-INF\jarjar\metadata.json from Placebo-1.20.1-8.6.3.jar, it does not contain dependency information.
[01Mar2026 21:48:40.789] [main/DEBUG] [net.minecraftforge.fml.loading.moddiscovery.AbstractJarFileDependencyLocator/]: Failed to load resource META-INF\jarjar\metadata.json from citadel-2.6.3-1.20.1.jar, it does not contain dependency information.
[01Mar2026 21:48:40.789] [main/DEBUG] [net.minecraftforge.fml.loading.moddiscovery.AbstractJarFileDependencyLocator/]: Failed to load resource META-INF\jarjar\metadata.json from zombieawareness-1.20.1-1.13.1.jar, it does not contain dependency information.
[01Mar2026 21:48:40.789] [main/DEBUG] [net.minecraftforge.fml.loading.moddiscovery.AbstractJarFileDependencyLocator/]: Failed to load resource META-INF\jarjar\metadata.json from Bookshelf-Forge-1.20.1-20.2.15.jar, it does not contain dependency information.
[01Mar2026 21:48:40.789] [main/DEBUG] [net.minecraftforge.fml.loading.moddiscovery.AbstractJarFileDependencyLocator/]: Failed to load resource META-INF\jarjar\metadata.json from sophisticatedbackpacks-1.20.1-3.24.24.1538.jar, it does not contain dependency information.
[01Mar2026 21:48:40.789] [main/DEBUG] [net.minecraftforge.fml.loading.moddiscovery.AbstractJarFileDependencyLocator/]: Failed to load resource META-INF\jarjar\metadata.json from u_team_core-forge-1.20.1-5.1.4.382.jar, it does not contain dependency information.
[01Mar2026 21:48:40.789] [main/DEBUG] [net.minecraftforge.fml.loading.moddiscovery.AbstractJarFileDependencyLocator/]: Failed to load resource META-INF\jarjar\metadata.json from mcw-doors-1.1.5-mc1.20.1forge.jar, it does not contain dependency information.
[01Mar2026 21:48:40.789] [main/DEBUG] [net.minecraftforge.fml.loading.moddiscovery.AbstractJarFileDependencyLocator/]: Failed to load resource META-INF\jarjar\metadata.json from superbwarfare-1.20.1-0.8.8-final-6a6b54795.jar, it does not contain dependency information.
[01Mar2026 21:48:40.789] [main/DEBUG] [net.minecraftforge.fml.loading.moddiscovery.AbstractJarFileDependencyLocator/]: Failed to load resource META-INF\jarjar\metadata.json from MekanismGenerators-1.20.1-10.4.16.80.jar, it does not contain dependency information.
[01Mar2026 21:48:40.789] [main/DEBUG] [net.minecraftforge.fml.loading.moddiscovery.AbstractJarFileDependencyLocator/]: Failed to load resource META-INF\jarjar\metadata.json from warborn-1.20.1-2.3.3.jar, it does not contain dependency information.
[01Mar2026 21:48:40.789] [main/DEBUG] [net.minecraftforge.fml.loading.moddiscovery.AbstractJarFileDependencyLocator/]: Failed to load resource META-INF\jarjar\metadata.json from doomsday_translations-1.0.7.jar, it does not contain dependency information.
[01Mar2026 21:48:40.789] [main/DEBUG] [net.minecraftforge.fml.loading.moddiscovery.AbstractJarFileDependencyLocator/]: Failed to load resource META-INF\jarjar\metadata.json from ftb-teams-forge-2001.3.2.jar, it does not contain dependency information.
[01Mar2026 21:48:40.789] [main/DEBUG] [net.minecraftforge.fml.loading.moddiscovery.AbstractJarFileDependencyLocator/]: Failed to load resource META-INF\jarjar\metadata.json from konkrete_forge_1.8.0_MC_1.20-1.20.1.jar, it does not contain dependency information.
[01Mar2026 21:48:40.789] [main/DEBUG] [net.minecraftforge.fml.loading.moddiscovery.AbstractJarFileDependencyLocator/]: Failed to load resource META-INF\jarjar\metadata.json from letsdo-bloomingnature-forge-1.0.12.jar, it does not contain dependency information.
[01Mar2026 21:48:40.789] [main/DEBUG] [net.minecraftforge.fml.loading.moddiscovery.AbstractJarFileDependencyLocator/]: Failed to load resource META-INF\jarjar\metadata.json from daffas_arsenal-3.2.0.jar, it does not contain dependency information.
[01Mar2026 21:48:40.789] [main/DEBUG] [net.minecraftforge.fml.loading.moddiscovery.AbstractJarFileDependencyLocator/]: Failed to load resource META-INF\jarjar\metadata.json from mcw-bridges-3.1.2-mc1.20.1forge.jar, it does not contain dependency information.
[01Mar2026 21:48:40.789] [main/DEBUG] [net.minecraftforge.fml.loading.moddiscovery.AbstractJarFileDependencyLocator/]: Failed to load resource META-INF\jarjar\metadata.json from FarmersDelight-1.20.1-1.2.10.jar, it does not contain dependency information.
[01Mar2026 21:48:40.790] [main/DEBUG] [net.minecraftforge.fml.loading.moddiscovery.AbstractJarFileDependencyLocator/]: Failed to load resource META-INF\jarjar\metadata.json from MTS Official Pack-1.20.1-V28.2.jar, it does not contain dependency information.
[01Mar2026 21:48:40.790] [main/DEBUG] [net.minecraftforge.fml.loading.moddiscovery.AbstractJarFileDependencyLocator/]: Failed to load resource META-INF\jarjar\metadata.json from DustrialDecor-1.3.5-1.20.jar, it does not contain dependency information.
[01Mar2026 21:48:40.790] [main/DEBUG] [net.minecraftforge.fml.loading.moddiscovery.AbstractJarFileDependencyLocator/]: Failed to load resource META-INF\jarjar\metadata.json from AmbientSounds_FORGE_v6.3.4_mc1.20.1.jar, it does not contain dependency information.
[01Mar2026 21:48:40.790] [main/DEBUG] [net.minecraftforge.fml.loading.moddiscovery.AbstractJarFileDependencyLocator/]: Failed to load resource META-INF\jarjar\metadata.json from crashutilities-8.1.4.jar, it does not contain dependency information.
[01Mar2026 21:48:40.790] [main/DEBUG] [net.minecraftforge.fml.loading.moddiscovery.AbstractJarFileDependencyLocator/]: Failed to load resource META-INF\jarjar\metadata.json from simpleshops-1.2.2.jar, it does not contain dependency information.
[01Mar2026 21:48:40.790] [main/DEBUG] [net.minecraftforge.fml.loading.moddiscovery.AbstractJarFileDependencyLocator/]: Failed to load resource META-INF\jarjar\metadata.json from projectvibrantjourneys-1.20.1-6.2.0.jar, it does not contain dependency information.
[01Mar2026 21:48:40.790] [main/DEBUG] [net.minecraftforge.fml.loading.moddiscovery.AbstractJarFileDependencyLocator/]: Failed to load resource META-INF\jarjar\metadata.json from nostartupmessages-1.0.1.jar, it does not contain dependency information.
[01Mar2026 21:48:40.790] [main/DEBUG] [net.minecraftforge.fml.loading.moddiscovery.AbstractJarFileDependencyLocator/]: Failed to load resource META-INF\jarjar\metadata.json from mcw-mcwfences-1.2.1-mc1.20.1forge.jar, it does not contain dependency information.
[01Mar2026 21:48:40.790] [main/DEBUG] [net.minecraftforge.fml.loading.moddiscovery.AbstractJarFileDependencyLocator/]: Failed to load resource META-INF\jarjar\metadata.json from pandalib-forge-mc1.20-0.5.2-SNAPSHOT.jar, it does not contain dependency information.
[01Mar2026 21:48:40.790] [main/DEBUG] [net.minecraftforge.fml.loading.moddiscovery.AbstractJarFileDependencyLocator/]: Failed to load resource META-INF\jarjar\metadata.json from apocalypsenow-3.0.5-forge-1.20.1.jar, it does not contain dependency information.
[01Mar2026 21:48:40.790] [main/DEBUG] [net.minecraftforge.fml.loading.moddiscovery.AbstractJarFileDependencyLocator/]: Failed to load resource META-INF\jarjar\metadata.json from FazRoleplayClothes-1.20.1-2.4.jar, it does not contain dependency information.
[01Mar2026 21:48:40.790] [main/DEBUG] [net.minecraftforge.fml.loading.moddiscovery.AbstractJarFileDependencyLocator/]: Failed to load resource META-INF\jarjar\metadata.json from jeffs_cursed_walking_structures-3.3.0-forge-1.20.1.jar, it does not contain dependency information.
[01Mar2026 21:48:40.790] [main/DEBUG] [net.minecraftforge.fml.loading.moddiscovery.AbstractJarFileDependencyLocator/]: Failed to load resource META-INF\jarjar\metadata.json from Patchouli-1.20.1-84.1-FORGE.jar, it does not contain dependency information.
[01Mar2026 21:48:40.790] [main/DEBUG] [net.minecraftforge.fml.loading.moddiscovery.AbstractJarFileDependencyLocator/]: Failed to load resource META-INF\jarjar\metadata.json from collective-1.20.1-8.13.jar, it does not contain dependency information.
[01Mar2026 21:48:40.790] [main/DEBUG] [net.minecraftforge.fml.loading.moddiscovery.AbstractJarFileDependencyLocator/]: Failed to load resource META-INF\jarjar\metadata.json from YungsBetterStrongholds-1.20-Forge-4.0.3.jar, it does not contain dependency information.
[01Mar2026 21:48:40.790] [main/DEBUG] [net.minecraftforge.fml.loading.moddiscovery.AbstractJarFileDependencyLocator/]: Failed to load resource META-INF\jarjar\metadata.json from legendarysurvivaloverhaul-1.20.1-2.4.2.jar, it does not contain dependency information.
[01Mar2026 21:48:40.790] [main/DEBUG] [net.minecraftforge.fml.loading.moddiscovery.AbstractJarFileDependencyLocator/]: Failed to load resource META-INF\jarjar\metadata.json from starterkit-1.20.1-7.4.jar, it does not contain dependency information.
[01Mar2026 21:48:40.791] [main/DEBUG] [net.minecraftforge.fml.loading.moddiscovery.AbstractJarFileDependencyLocator/]: Failed to load resource META-INF\jarjar\metadata.json from ScalingMobs-2.2.2.jar, it does not contain dependency information.
[01Mar2026 21:48:40.791] [main/DEBUG] [net.minecraftforge.fml.loading.moddiscovery.AbstractJarFileDependencyLocator/]: Failed to load resource META-INF\jarjar\metadata.json from eatinganimation-1.20.1-5.1.0.jar, it does not contain dependency information.
[01Mar2026 21:48:40.791] [main/DEBUG] [net.minecraftforge.fml.loading.moddiscovery.AbstractJarFileDependencyLocator/]: Failed to load resource META-INF\jarjar\metadata.json from MekanismTools-1.20.1-10.4.16.80.jar, it does not contain dependency information.
[01Mar2026 21:48:40.791] [main/DEBUG] [net.minecraftforge.fml.loading.moddiscovery.AbstractJarFileDependencyLocator/]: Failed to load resource META-INF\jarjar\metadata.json from architectury-9.2.14-forge.jar, it does not contain dependency information.
[01Mar2026 21:48:40.791] [main/DEBUG] [net.minecraftforge.fml.loading.moddiscovery.AbstractJarFileDependencyLocator/]: Failed to load resource META-INF\jarjar\metadata.json from cupboard-1.20.1-3.0.jar, it does not contain dependency information.
[01Mar2026 21:48:40.791] [main/DEBUG] [net.minecraftforge.fml.loading.moddiscovery.AbstractJarFileDependencyLocator/]: Failed to load resource META-INF\jarjar\metadata.json from firstjoinmessage-1.20.1-3.8.jar, it does not contain dependency information.
[01Mar2026 21:48:40.791] [main/DEBUG] [net.minecraftforge.fml.loading.moddiscovery.AbstractJarFileDependencyLocator/]: Failed to load resource META-INF\jarjar\metadata.json from chaoszpack_structures-1.0.2-1.20.1.jar, it does not contain dependency information.
[01Mar2026 21:48:40.791] [main/DEBUG] [net.minecraftforge.fml.loading.moddiscovery.AbstractJarFileDependencyLocator/]: Failed to load resource META-INF\jarjar\metadata.json from refurbished_furniture-forge-1.20.1-1.0.20.jar, it does not contain dependency information.
[01Mar2026 21:48:40.791] [main/DEBUG] [net.minecraftforge.fml.loading.moddiscovery.AbstractJarFileDependencyLocator/]: Failed to load resource META-INF\jarjar\metadata.json from framework-forge-1.20.1-0.8.0.jar, it does not contain dependency information.
[01Mar2026 21:48:40.791] [main/DEBUG] [net.minecraftforge.fml.loading.moddiscovery.AbstractJarFileDependencyLocator/]: Failed to load resource META-INF\jarjar\metadata.json from simply_traps-1.7-forge-1.20.1.jar, it does not contain dependency information.
[01Mar2026 21:48:40.791] [main/DEBUG] [net.minecraftforge.fml.loading.moddiscovery.AbstractJarFileDependencyLocator/]: Failed to load resource META-INF\jarjar\metadata.json from letmedespawn-1.20.x-forge-1.5.0.jar, it does not contain dependency information.
[01Mar2026 21:48:40.791] [main/DEBUG] [net.minecraftforge.fml.loading.moddiscovery.AbstractJarFileDependencyLocator/]: Failed to load resource META-INF\jarjar\metadata.json from crawlondemand-1.20-1.0.1.jar, it does not contain dependency information.
[01Mar2026 21:48:40.791] [main/DEBUG] [net.minecraftforge.fml.loading.moddiscovery.AbstractJarFileDependencyLocator/]: Failed to load resource META-INF\jarjar\metadata.json from Data_Anchor-forge-1.20.1-1.0.0.20.jar, it does not contain dependency information.
[01Mar2026 21:48:40.791] [main/DEBUG] [net.minecraftforge.fml.loading.moddiscovery.AbstractJarFileDependencyLocator/]: Failed to load resource META-INF\jarjar\metadata.json from lradd-1.20.1-0.3.0.jar, it does not contain dependency information.
[01Mar2026 21:48:40.791] [main/DEBUG] [net.minecraftforge.fml.loading.moddiscovery.AbstractJarFileDependencyLocator/]: Failed to load resource META-INF\jarjar\metadata.json from fallingtrees-forge-mc1.20-0.13.2-SNAPSHOT.jar, it does not contain dependency information.
[01Mar2026 21:48:40.791] [main/DEBUG] [net.minecraftforge.fml.loading.moddiscovery.AbstractJarFileDependencyLocator/]: Failed to load resource META-INF\jarjar\metadata.json from CraftPresence-2.7.0+1.20.1-forge.jar, it does not contain dependency information.
[01Mar2026 21:48:40.791] [main/DEBUG] [net.minecraftforge.fml.loading.moddiscovery.AbstractJarFileDependencyLocator/]: Failed to load resource META-INF\jarjar\metadata.json from rhino-forge-2001.2.3-build.10.jar, it does not contain dependency information.
[01Mar2026 21:48:40.791] [main/DEBUG] [net.minecraftforge.fml.loading.moddiscovery.AbstractJarFileDependencyLocator/]: Failed to load resource META-INF\jarjar\metadata.json from DreamCasLib 1.0.1 - 1.20.1.jar, it does not contain dependency information.
[01Mar2026 21:48:40.791] [main/DEBUG] [net.minecraftforge.fml.loading.moddiscovery.AbstractJarFileDependencyLocator/]: Failed to load resource META-INF\jarjar\metadata.json from Structory_1.20.x_v1.3.5.jar, it does not contain dependency information.
[01Mar2026 21:48:40.792] [main/DEBUG] [net.minecraftforge.fml.loading.moddiscovery.AbstractJarFileDependencyLocator/]: Failed to load resource META-INF\jarjar\metadata.json from decorative_blocks-forge-1.20.1-4.1.3.jar, it does not contain dependency information.
[01Mar2026 21:48:40.792] [main/DEBUG] [net.minecraftforge.fml.loading.moddiscovery.AbstractJarFileDependencyLocator/]: Failed to load resource META-INF\jarjar\metadata.json from MyServerIsCompatible-1.20-1.0.jar, it does not contain dependency information.
[01Mar2026 21:48:40.792] [main/DEBUG] [net.minecraftforge.fml.loading.moddiscovery.AbstractJarFileDependencyLocator/]: Failed to load resource META-INF\jarjar\metadata.json from BadMobs-1.20.1-19.0.4.jar, it does not contain dependency information.
[01Mar2026 21:48:40.792] [main/DEBUG] [net.minecraftforge.fml.loading.moddiscovery.AbstractJarFileDependencyLocator/]: Failed to load resource META-INF\jarjar\metadata.json from access_denied-6.2.1.jar, it does not contain dependency information.
[01Mar2026 21:48:40.792] [main/DEBUG] [net.minecraftforge.fml.loading.moddiscovery.AbstractJarFileDependencyLocator/]: Failed to load resource META-INF\jarjar\metadata.json from Immersive Vehicles-1.20.1-23.0.0.jar, it does not contain dependency information.
[01Mar2026 21:48:40.792] [main/DEBUG] [net.minecraftforge.fml.loading.moddiscovery.AbstractJarFileDependencyLocator/]: Failed to load resource META-INF\jarjar\metadata.json from Terralith_1.20.x_v2.5.4.jar, it does not contain dependency information.
[01Mar2026 21:48:40.792] [main/DEBUG] [net.minecraftforge.fml.loading.moddiscovery.AbstractJarFileDependencyLocator/]: Failed to load resource META-INF\jarjar\metadata.json from jeffsgibbing-1.0.5-forge-1.20.1.jar, it does not contain dependency information.
[01Mar2026 21:48:40.792] [main/DEBUG] [net.minecraftforge.fml.loading.moddiscovery.AbstractJarFileDependencyLocator/]: Failed to load resource META-INF\jarjar\metadata.json from experimentalsettingsdisabler-1.20.1-3.0.jar, it does not contain dependency information.
[01Mar2026 21:48:40.792] [main/DEBUG] [net.minecraftforge.fml.loading.moddiscovery.AbstractJarFileDependencyLocator/]: Failed to load resource META-INF\jarjar\metadata.json from EnchantmentDescriptions-Forge-1.20.1-17.1.21.jar, it does not contain dependency information.
[01Mar2026 21:48:40.792] [main/DEBUG] [net.minecraftforge.fml.loading.moddiscovery.AbstractJarFileDependencyLocator/]: Failed to load resource META-INF\jarjar\metadata.json from extragore-1.20.1-5.2.3.1.jar, it does not contain dependency information.
[01Mar2026 21:48:40.792] [main/DEBUG] [net.minecraftforge.fml.loading.moddiscovery.AbstractJarFileDependencyLocator/]: Failed to load resource META-INF\jarjar\metadata.json from ToolBelt-1.20.1-1.20.02.jar, it does not contain dependency information.
[01Mar2026 21:48:40.792] [main/DEBUG] [net.minecraftforge.fml.loading.moddiscovery.AbstractJarFileDependencyLocator/]: Failed to load resource META-INF\jarjar\metadata.json from RegionsUnexploredForge-0.5.6+1.20.1.jar, it does not contain dependency information.
[01Mar2026 21:48:40.792] [main/DEBUG] [net.minecraftforge.fml.loading.moddiscovery.AbstractJarFileDependencyLocator/]: Failed to load resource META-INF\jarjar\metadata.json from Jade-1.20.1-Forge-11.13.2.jar, it does not contain dependency information.
[01Mar2026 21:48:40.792] [main/DEBUG] [net.minecraftforge.fml.loading.moddiscovery.AbstractJarFileDependencyLocator/]: Failed to load resource META-INF\jarjar\metadata.json from CreativeCore_FORGE_v2.12.35_mc1.20.1.jar, it does not contain dependency information.
[01Mar2026 21:48:40.792] [main/DEBUG] [net.minecraftforge.fml.loading.moddiscovery.AbstractJarFileDependencyLocator/]: Failed to load resource META-INF\jarjar\metadata.json from dweller_dweller-3.13.1.jar, it does not contain dependency information.
[01Mar2026 21:48:40.792] [main/DEBUG] [net.minecraftforge.fml.loading.moddiscovery.AbstractJarFileDependencyLocator/]: Failed to load resource META-INF\jarjar\metadata.json from smoothboot(reloaded)-mc1.20.1-0.0.4.jar, it does not contain dependency information.
[01Mar2026 21:48:40.792] [main/DEBUG] [net.minecraftforge.fml.loading.moddiscovery.AbstractJarFileDependencyLocator/]: Failed to load resource META-INF\jarjar\metadata.json from VoidFog-1.20.1-2.0.23.jar, it does not contain dependency information.
[01Mar2026 21:48:40.792] [main/DEBUG] [net.minecraftforge.fml.loading.moddiscovery.AbstractJarFileDependencyLocator/]: Failed to load resource META-INF\jarjar\metadata.json from mobsunscreen-forge-1.20.1-3.1.1.jar, it does not contain dependency information.
[01Mar2026 21:48:40.792] [main/DEBUG] [net.minecraftforge.fml.loading.moddiscovery.AbstractJarFileDependencyLocator/]: Failed to load resource META-INF\jarjar\metadata.json from lios_overhauled_villages-0.1.0.jar, it does not contain dependency information.
[01Mar2026 21:48:40.792] [main/DEBUG] [net.minecraftforge.fml.loading.moddiscovery.AbstractJarFileDependencyLocator/]: Failed to load resource META-INF\jarjar\metadata.json from coroutil-forge-1.20.1-1.3.7.jar, it does not contain dependency information.
[01Mar2026 21:48:40.792] [main/DEBUG] [net.minecraftforge.fml.loading.moddiscovery.AbstractJarFileDependencyLocator/]: Failed to load resource META-INF\jarjar\metadata.json from nobz-1.3.jar, it does not contain dependency information.
[01Mar2026 21:48:40.792] [main/DEBUG] [net.minecraftforge.fml.loading.moddiscovery.AbstractJarFileDependencyLocator/]: Failed to load resource META-INF\jarjar\metadata.json from ferritecore-6.0.1-forge.jar, it does not contain dependency information.
[01Mar2026 21:48:40.793] [main/DEBUG] [net.minecraftforge.fml.loading.moddiscovery.AbstractJarFileDependencyLocator/]: Failed to load resource META-INF\jarjar\metadata.json from Enhanced-Celestials-forge-1.20.1-5.0.3.1.jar, it does not contain dependency information.
[01Mar2026 21:48:40.793] [main/DEBUG] [net.minecraftforge.fml.loading.moddiscovery.AbstractJarFileDependencyLocator/]: Failed to load resource META-INF\jarjar\metadata.json from quantified api-forge-1.20.1-1.2.1.jar, it does not contain dependency information.
[01Mar2026 21:48:40.793] [main/DEBUG] [net.minecraftforge.fml.loading.moddiscovery.AbstractJarFileDependencyLocator/]: Failed to load resource META-INF\jarjar\metadata.json from create_furnitures-1.1.2-forge-1.20.1.jar, it does not contain dependency information.
[01Mar2026 21:48:40.793] [main/DEBUG] [net.minecraftforge.fml.loading.moddiscovery.AbstractJarFileDependencyLocator/]: Failed to load resource META-INF\jarjar\metadata.json from packetfixer-3.3.1-1.18-1.20.4-merged.jar, it does not contain dependency information.
[01Mar2026 21:48:40.793] [main/DEBUG] [net.minecraftforge.fml.loading.moddiscovery.AbstractJarFileDependencyLocator/]: Failed to load resource META-INF\jarjar\metadata.json from eh1.3.1-1.20.1.jar, it does not contain dependency information.
[01Mar2026 21:48:40.793] [main/DEBUG] [net.minecraftforge.fml.loading.moddiscovery.AbstractJarFileDependencyLocator/]: Failed to load resource META-INF\jarjar\metadata.json from improvedmobs-1.20.1-1.13.2-forge.jar, it does not contain dependency information.
[01Mar2026 21:48:40.793] [main/DEBUG] [net.minecraftforge.fml.loading.moddiscovery.AbstractJarFileDependencyLocator/]: Failed to load resource META-INF\jarjar\metadata.json from OpenLoader-Forge-1.20.1-19.0.5.jar, it does not contain dependency information.
[01Mar2026 21:48:40.793] [main/DEBUG] [net.minecraftforge.fml.loading.moddiscovery.AbstractJarFileDependencyLocator/]: Failed to load resource META-INF\jarjar\metadata.json from PresenceFootsteps-1.20.1-1.9.1-beta.1.jar, it does not contain dependency information.
[01Mar2026 21:48:40.793] [main/DEBUG] [net.minecraftforge.fml.loading.moddiscovery.AbstractJarFileDependencyLocator/]: Failed to load resource META-INF\jarjar\metadata.json from mclanguage-1.20.1-47.4.16.jar, it does not contain dependency information.
[01Mar2026 21:48:40.793] [main/DEBUG] [net.minecraftforge.fml.loading.moddiscovery.AbstractJarFileDependencyLocator/]: Failed to load resource META-INF\jarjar\metadata.json from javafmllanguage-1.20.1-47.4.16.jar, it does not contain dependency information.
[01Mar2026 21:48:40.793] [main/DEBUG] [net.minecraftforge.fml.loading.moddiscovery.AbstractJarFileDependencyLocator/]: Failed to load resource META-INF\jarjar\metadata.json from fmlcore-1.20.1-47.4.16.jar, it does not contain dependency information.
[01Mar2026 21:48:40.793] [main/DEBUG] [net.minecraftforge.fml.loading.moddiscovery.AbstractJarFileDependencyLocator/]: Failed to load resource META-INF\jarjar\metadata.json from lowcodelanguage-1.20.1-47.4.16.jar, it does not contain dependency information.
[01Mar2026 21:48:40.844] [main/DEBUG] [net.minecraftforge.fml.loading.moddiscovery.ModFileParser/LOADING]: Considering mod file candidate 
[01Mar2026 21:48:40.844] [main/DEBUG] [net.minecraftforge.fml.loading.moddiscovery.ModFileInfo/LOADING]: Found valid mod file mixinextras-forge-0.4.1.jar with {mixinextras} mods - versions {0.4.1}
[01Mar2026 21:48:40.846] [main/DEBUG] [net.minecraftforge.fml.loading.moddiscovery.ModFileParser/LOADING]: Considering mod file candidate 
[01Mar2026 21:48:40.846] [main/DEBUG] [net.minecraftforge.fml.loading.moddiscovery.ModFileInfo/LOADING]: Found valid mod file midnightlib-1.4.2-forge.jar with {midnightlib} mods - versions {1.4.2}
[01Mar2026 21:48:40.848] [main/DEBUG] [net.minecraftforge.fml.loading.moddiscovery.ModFileParser/LOADING]: Considering mod file candidate 
[01Mar2026 21:48:40.848] [main/DEBUG] [net.minecraftforge.fml.loading.moddiscovery.ModFileInfo/LOADING]: Found valid mod file mixinextras-forge-0.4.1.jar with {mixinextras} mods - versions {0.4.1}
[01Mar2026 21:48:40.849] [main/DEBUG] [net.minecraftforge.fml.loading.moddiscovery.ModFileParser/LOADING]: Considering mod file candidate 
[01Mar2026 21:48:40.850] [main/DEBUG] [net.minecraftforge.fml.loading.moddiscovery.ModFileInfo/LOADING]: Found valid mod file mixinextras-forge-0.4.1.jar with {mixinextras} mods - versions {0.4.1}
[01Mar2026 21:48:40.851] [main/DEBUG] [net.minecraftforge.fml.loading.moddiscovery.ModFileParser/LOADING]: Considering mod file candidate 
[01Mar2026 21:48:40.851] [main/DEBUG] [net.minecraftforge.fml.loading.moddiscovery.ModFileInfo/LOADING]: Found valid mod file mixinextras-forge-0.2.1-beta.2.jar with {mixinextras} mods - versions {0.2.1-beta.2}
[01Mar2026 21:48:40.857] [main/DEBUG] [net.minecraftforge.fml.loading.moddiscovery.ModFileParser/LOADING]: Considering mod file candidate 
[01Mar2026 21:48:40.858] [main/DEBUG] [net.minecraftforge.fml.loading.moddiscovery.ModFileInfo/LOADING]: Found valid mod file mixinextras-forge-0.3.6.jar with {mixinextras} mods - versions {0.3.6}
[01Mar2026 21:48:40.858] [main/DEBUG] [net.minecraftforge.fml.loading.moddiscovery.ModFileParser/LOADING]: Considering mod file candidate 
[01Mar2026 21:48:40.858] [main/DEBUG] [net.minecraftforge.fml.loading.moddiscovery.ModFileInfo/LOADING]: Found valid mod file mixinsquared-forge-0.1.1.jar with {mixinsquared} mods - versions {0.1.1}
[01Mar2026 21:48:40.868] [main/DEBUG] [net.minecraftforge.fml.loading.moddiscovery.ModFileParser/LOADING]: Considering mod file candidate 
[01Mar2026 21:48:40.868] [main/DEBUG] [net.minecraftforge.fml.loading.moddiscovery.ModFileInfo/LOADING]: Found valid mod file mixinextras-forge-0.2.0-beta.6.jar with {mixinextras} mods - versions {0.2.0-beta.6}
[01Mar2026 21:48:40.870] [main/DEBUG] [net.minecraftforge.fml.loading.moddiscovery.ModFileParser/LOADING]: Considering mod file candidate 
[01Mar2026 21:48:40.870] [main/DEBUG] [net.minecraftforge.fml.loading.moddiscovery.ModFileInfo/LOADING]: Found valid mod file mixinextras-forge-0.4.1.jar with {mixinextras} mods - versions {0.4.1}
[01Mar2026 21:48:40.892] [main/DEBUG] [net.minecraftforge.fml.loading.moddiscovery.ModFileParser/LOADING]: Considering mod file candidate 
[01Mar2026 21:48:40.893] [main/DEBUG] [net.minecraftforge.fml.loading.moddiscovery.ModFileInfo/LOADING]: Found valid mod file cgl-1.20-forge-0.3.3.jar with {commongroovylibrary} mods - versions {0.3.3}
[01Mar2026 21:48:40.894] [main/DEBUG] [net.minecraftforge.fml.loading.moddiscovery.ModFileParser/LOADING]: Considering mod file candidate 
[01Mar2026 21:48:40.894] [main/DEBUG] [net.minecraftforge.fml.loading.moddiscovery.ModFileInfo/LOADING]: Found valid mod file mod-4.0.11.jar with {gml} mods - versions {4.0.11}
[01Mar2026 21:48:40.939] [main/DEBUG] [net.minecraftforge.fml.loading.moddiscovery.ModFileParser/LOADING]: Considering mod file candidate 
[01Mar2026 21:48:40.939] [main/DEBUG] [net.minecraftforge.fml.loading.moddiscovery.ModFileInfo/LOADING]: Found valid mod file mixinextras-forge-0.4.1.jar with {mixinextras} mods - versions {0.4.1}
[01Mar2026 21:48:40.941] [main/DEBUG] [net.minecraftforge.fml.loading.moddiscovery.ModFileParser/LOADING]: Considering mod file candidate 
[01Mar2026 21:48:40.941] [main/DEBUG] [net.minecraftforge.fml.loading.moddiscovery.ModFileInfo/LOADING]: Found valid mod file mixinextras-forge-0.4.1.jar with {mixinextras} mods - versions {0.4.1}
[01Mar2026 21:48:40.942] [main/DEBUG] [net.minecraftforge.fml.loading.moddiscovery.ModFileParser/LOADING]: Considering mod file candidate 
[01Mar2026 21:48:40.942] [main/DEBUG] [net.minecraftforge.fml.loading.moddiscovery.ModFileInfo/LOADING]: Found valid mod file mixinextras-forge-0.2.0-beta.8.jar with {mixinextras} mods - versions {0.2.0-beta.8}
[01Mar2026 21:48:40.971] [main/DEBUG] [net.minecraftforge.fml.loading.moddiscovery.ModFileParser/LOADING]: Considering mod file candidate 
[01Mar2026 21:48:40.971] [main/DEBUG] [net.minecraftforge.fml.loading.moddiscovery.ModFileInfo/LOADING]: Found valid mod file mixinextras-forge-0.4.1.jar with {mixinextras} mods - versions {0.4.1}
[01Mar2026 21:48:40.974] [main/DEBUG] [net.minecraftforge.fml.loading.moddiscovery.ModFileParser/LOADING]: Considering mod file candidate 
[01Mar2026 21:48:40.974] [main/DEBUG] [net.minecraftforge.fml.loading.moddiscovery.ModFileInfo/LOADING]: Found valid mod file mixinextras-forge-0.4.1.jar with {mixinextras} mods - versions {0.4.1}
[01Mar2026 21:48:40.976] [main/DEBUG] [net.minecraftforge.fml.loading.moddiscovery.ModFileParser/LOADING]: Considering mod file candidate 
[01Mar2026 21:48:40.977] [main/DEBUG] [net.minecraftforge.fml.loading.moddiscovery.ModFileInfo/LOADING]: Found valid mod file mixinextras-forge-0.4.1.jar with {mixinextras} mods - versions {0.4.1}
[01Mar2026 21:48:40.978] [main/DEBUG] [net.minecraftforge.fml.loading.moddiscovery.ModFileParser/LOADING]: Considering mod file candidate 
[01Mar2026 21:48:40.979] [main/DEBUG] [net.minecraftforge.fml.loading.moddiscovery.ModFileInfo/LOADING]: Found valid mod file mixinextras-forge-0.4.1.jar with {mixinextras} mods - versions {0.4.1}
[01Mar2026 21:48:40.980] [main/DEBUG] [net.minecraftforge.fml.loading.moddiscovery.ModFileParser/LOADING]: Considering mod file candidate 
[01Mar2026 21:48:40.980] [main/DEBUG] [net.minecraftforge.fml.loading.moddiscovery.ModFileInfo/LOADING]: Found valid mod file mixinextras-forge-0.4.1.jar with {mixinextras} mods - versions {0.4.1}
[01Mar2026 21:48:40.991] [main/DEBUG] [net.minecraftforge.fml.loading.moddiscovery.ModFileParser/LOADING]: Considering mod file candidate 
[01Mar2026 21:48:40.991] [main/DEBUG] [net.minecraftforge.fml.loading.moddiscovery.ModFileInfo/LOADING]: Found valid mod file mixinextras-forge-0.3.5.jar with {mixinextras} mods - versions {0.3.5}
[01Mar2026 21:48:40.993] [main/DEBUG] [net.minecraftforge.fml.loading.moddiscovery.ModFileParser/LOADING]: Considering mod file candidate 
[01Mar2026 21:48:40.994] [main/DEBUG] [net.minecraftforge.fml.loading.moddiscovery.ModFileInfo/LOADING]: Found valid mod file mixinextras-forge-0.3.5.jar with {mixinextras} mods - versions {0.3.5}
[01Mar2026 21:48:41.002] [main/DEBUG] [net.minecraftforge.fml.loading.moddiscovery.ModFileParser/LOADING]: Considering mod file candidate 
[01Mar2026 21:48:41.003] [main/DEBUG] [net.minecraftforge.fml.loading.moddiscovery.ModFileInfo/LOADING]: Found valid mod file mixinextras-forge-0.2.0-beta.6.jar with {mixinextras} mods - versions {0.2.0-beta.6}
[01Mar2026 21:48:41.010] [main/DEBUG] [net.minecraftforge.fml.loading.moddiscovery.ModFileParser/LOADING]: Considering mod file candidate 
[01Mar2026 21:48:41.010] [main/DEBUG] [net.minecraftforge.fml.loading.moddiscovery.ModFileInfo/LOADING]: Found valid mod file puzzlesaccessapi-forge-20.1.1.jar with {puzzlesaccessapi} mods - versions {20.1.1}
[01Mar2026 21:48:41.012] [main/DEBUG] [net.minecraftforge.fml.loading.moddiscovery.ModFileParser/LOADING]: Considering mod file candidate 
[01Mar2026 21:48:41.012] [main/DEBUG] [net.minecraftforge.fml.loading.moddiscovery.ModFileInfo/LOADING]: Found valid mod file mixinextras-forge-0.4.1.jar with {mixinextras} mods - versions {0.4.1}
[01Mar2026 21:48:41.013] [main/DEBUG] [net.minecraftforge.fml.loading.moddiscovery.ModFileParser/LOADING]: Considering mod file candidate 
[01Mar2026 21:48:41.013] [main/DEBUG] [net.minecraftforge.fml.loading.moddiscovery.ModFileInfo/LOADING]: Found valid mod file lingua_bib-1.20.1-1.0.6-forge.jar with {lingua_bib} mods - versions {1.20.1-1.0.6}
[01Mar2026 21:48:41.069] [main/DEBUG] [net.minecraftforge.fml.loading.moddiscovery.ModFileParser/LOADING]: Considering mod file candidate 
[01Mar2026 21:48:41.069] [main/DEBUG] [net.minecraftforge.fml.loading.moddiscovery.ModFileInfo/LOADING]: Found valid mod file mixinextras-forge-0.3.6.jar with {mixinextras} mods - versions {0.3.6}
[01Mar2026 21:48:41.074] [main/DEBUG] [net.minecraftforge.fml.loading.moddiscovery.ModFileParser/LOADING]: Considering mod file candidate 
[01Mar2026 21:48:41.074] [main/DEBUG] [net.minecraftforge.fml.loading.moddiscovery.ModFileInfo/LOADING]: Found valid mod file mixinextras-forge-0.3.6.jar with {mixinextras} mods - versions {0.3.6}
[01Mar2026 21:48:41.078] [main/DEBUG] [net.minecraftforge.fml.loading.moddiscovery.ModFileParser/LOADING]: Considering mod file candidate 
[01Mar2026 21:48:41.078] [main/DEBUG] [net.minecraftforge.fml.loading.moddiscovery.ModFileInfo/LOADING]: Found valid mod file kffmod-4.12.0.jar with {kotlinforforge} mods - versions {4.12.0}
[01Mar2026 21:48:41.079] [main/DEBUG] [net.minecraftforge.fml.loading.moddiscovery.ModFileParser/LOADING]: Considering mod file candidate 
[01Mar2026 21:48:41.080] [main/DEBUG] [net.minecraftforge.fml.loading.moddiscovery.ModFileInfo/LOADING]: Found valid mod file mixinextras-forge-0.2.0-rc.2.jar with {mixinextras} mods - versions {0.2.0-rc.2}
[01Mar2026 21:48:41.082] [main/DEBUG] [net.minecraftforge.fml.loading.moddiscovery.ModFileParser/LOADING]: Considering mod file candidate 
[01Mar2026 21:48:41.082] [main/DEBUG] [net.minecraftforge.fml.loading.moddiscovery.ModFileInfo/LOADING]: Found valid mod file spectrelib-forge-0.13.17+1.20.1.jar with {spectrelib} mods - versions {0.13.17+1.20.1}
[01Mar2026 21:48:41.083] [main/DEBUG] [net.minecraftforge.fml.loading.moddiscovery.ModFileParser/LOADING]: Considering mod file candidate 
[01Mar2026 21:48:41.083] [main/DEBUG] [net.minecraftforge.fml.loading.moddiscovery.ModFileInfo/LOADING]: Found valid mod file mixinextras-forge-0.4.1.jar with {mixinextras} mods - versions {0.4.1}
[01Mar2026 21:48:41.084] [main/DEBUG] [net.minecraftforge.fml.loading.moddiscovery.ModFileParser/LOADING]: Considering mod file candidate 
[01Mar2026 21:48:41.084] [main/DEBUG] [net.minecraftforge.fml.loading.moddiscovery.ModFileInfo/LOADING]: Found valid mod file mixinextras-forge-0.3.5.jar with {mixinextras} mods - versions {0.3.5}
[01Mar2026 21:48:41.086] [main/DEBUG] [net.minecraftforge.fml.loading.moddiscovery.ModFileParser/LOADING]: Considering mod file candidate 
[01Mar2026 21:48:41.086] [main/DEBUG] [net.minecraftforge.fml.loading.moddiscovery.ModFileInfo/LOADING]: Found valid mod file mixinextras-forge-0.3.6.jar with {mixinextras} mods - versions {0.3.6}
[01Mar2026 21:48:41.089] [main/DEBUG] [net.minecraftforge.fml.loading.moddiscovery.ModFileParser/LOADING]: Considering mod file candidate 
[01Mar2026 21:48:41.090] [main/DEBUG] [net.minecraftforge.fml.loading.moddiscovery.ModFileInfo/LOADING]: Found valid mod file spectrelib-forge-0.13.15+1.20.1.jar with {spectrelib} mods - versions {0.13.15+1.20.1}
[01Mar2026 21:48:41.091] [main/DEBUG] [net.minecraftforge.fml.loading.moddiscovery.ModFileParser/LOADING]: Considering mod file candidate 
[01Mar2026 21:48:41.091] [main/DEBUG] [net.minecraftforge.fml.loading.moddiscovery.ModFileInfo/LOADING]: Found valid mod file mixinsquared-forge-0.3.3.jar with {mixinsquared} mods - versions {0.3.3}
[01Mar2026 21:48:41.108] [main/DEBUG] [net.minecraftforge.fml.loading.moddiscovery.ModFileParser/LOADING]: Considering mod file candidate 
[01Mar2026 21:48:41.108] [main/DEBUG] [net.minecraftforge.fml.loading.moddiscovery.ModFileInfo/LOADING]: Found valid mod file flywheel-forge-1.20.1-1.0.5.jar with {flywheel} mods - versions {1.0.5}
[01Mar2026 21:48:41.109] [main/DEBUG] [net.minecraftforge.fml.loading.moddiscovery.ModFileParser/LOADING]: Considering mod file candidate 
[01Mar2026 21:48:41.110] [main/DEBUG] [net.minecraftforge.fml.loading.moddiscovery.ModFileInfo/LOADING]: Found valid mod file mixinextras-forge-0.4.1.jar with {mixinextras} mods - versions {0.4.1}
[01Mar2026 21:48:41.120] [main/DEBUG] [net.minecraftforge.fml.loading.moddiscovery.ModFileParser/LOADING]: Considering mod file candidate 
[01Mar2026 21:48:41.120] [main/DEBUG] [net.minecraftforge.fml.loading.moddiscovery.ModFileInfo/LOADING]: Found valid mod file Ponder-Forge-1.20.1-1.0.91.jar with {ponder} mods - versions {1.0.91}
[01Mar2026 21:48:41.122] [main/DEBUG] [net.minecraftforge.fml.loading.moddiscovery.ModFileParser/LOADING]: Considering mod file candidate 
[01Mar2026 21:48:41.122] [main/DEBUG] [net.minecraftforge.fml.loading.moddiscovery.ModFileInfo/LOADING]: Found valid mod file mixinextras-forge-0.3.5.jar with {mixinextras} mods - versions {0.3.5}
[01Mar2026 21:48:41.123] [main/DEBUG] [net.minecraftforge.fml.loading.moddiscovery.ModFileParser/LOADING]: Considering mod file candidate 
[01Mar2026 21:48:41.123] [main/DEBUG] [net.minecraftforge.fml.loading.moddiscovery.ModFileInfo/LOADING]: Found valid mod file mixinextras-forge-0.2.1-beta.2.jar with {mixinextras} mods - versions {0.2.1-beta.2}
[01Mar2026 21:48:41.125] [main/DEBUG] [net.minecraftforge.fml.loading.moddiscovery.ModFileParser/LOADING]: Considering mod file candidate 
[01Mar2026 21:48:41.125] [main/DEBUG] [net.minecraftforge.fml.loading.moddiscovery.ModFileInfo/LOADING]: Found valid mod file spectrelib-forge-0.13.15+1.20.1.jar with {spectrelib} mods - versions {0.13.15+1.20.1}
[01Mar2026 21:48:41.132] [main/DEBUG] [net.minecraftforge.fml.loading.moddiscovery.ModFileParser/LOADING]: Considering mod file candidate 
[01Mar2026 21:48:41.133] [main/DEBUG] [net.minecraftforge.fml.loading.moddiscovery.ModFileInfo/LOADING]: Found valid mod file mixinextras-forge-0.3.5.jar with {mixinextras} mods - versions {0.3.5}
[01Mar2026 21:48:41.150] [main/DEBUG] [net.minecraftforge.fml.loading.moddiscovery.AbstractJarFileDependencyLocator/]: Failed to load resource META-INF\jarjar\metadata.json from midnightlib-1.4.2-forge.jar, it does not contain dependency information.
[01Mar2026 21:48:41.160] [main/DEBUG] [net.minecraftforge.fml.loading.moddiscovery.AbstractJarFileDependencyLocator/]: Failed to load resource META-INF\jarjar\metadata.json from jankson-1.2.3.jar, it does not contain dependency information.
[01Mar2026 21:48:41.160] [main/DEBUG] [net.minecraftforge.fml.loading.moddiscovery.AbstractJarFileDependencyLocator/]: Failed to load resource META-INF\jarjar\metadata.json from json-0.2.1.jar, it does not contain dependency information.
[01Mar2026 21:48:41.164] [main/DEBUG] [net.minecraftforge.fml.loading.moddiscovery.AbstractJarFileDependencyLocator/]: Failed to load resource META-INF\jarjar\metadata.json from mclib-20.jar, it does not contain dependency information.
[01Mar2026 21:48:41.164] [main/DEBUG] [net.minecraftforge.fml.loading.moddiscovery.AbstractJarFileDependencyLocator/]: Failed to load resource META-INF\jarjar\metadata.json from MathParser.org-mXparser-5.2.1.jar, it does not contain dependency information.
[01Mar2026 21:48:41.170] [main/DEBUG] [net.minecraftforge.fml.loading.moddiscovery.AbstractJarFileDependencyLocator/]: Failed to load resource META-INF\jarjar\metadata.json from common-image-3.12.0.jar, it does not contain dependency information.
[01Mar2026 21:48:41.170] [main/DEBUG] [net.minecraftforge.fml.loading.moddiscovery.AbstractJarFileDependencyLocator/]: Failed to load resource META-INF\jarjar\metadata.json from common-io-3.12.0.jar, it does not contain dependency information.
[01Mar2026 21:48:41.170] [main/DEBUG] [net.minecraftforge.fml.loading.moddiscovery.AbstractJarFileDependencyLocator/]: Failed to load resource META-INF\jarjar\metadata.json from common-lang-3.12.0.jar, it does not contain dependency information.
[01Mar2026 21:48:41.170] [main/DEBUG] [net.minecraftforge.fml.loading.moddiscovery.AbstractJarFileDependencyLocator/]: Failed to load resource META-INF\jarjar\metadata.json from imageio-core-3.12.0.jar, it does not contain dependency information.
[01Mar2026 21:48:41.170] [main/DEBUG] [net.minecraftforge.fml.loading.moddiscovery.AbstractJarFileDependencyLocator/]: Failed to load resource META-INF\jarjar\metadata.json from imageio-metadata-3.12.0.jar, it does not contain dependency information.
[01Mar2026 21:48:41.170] [main/DEBUG] [net.minecraftforge.fml.loading.moddiscovery.AbstractJarFileDependencyLocator/]: Failed to load resource META-INF\jarjar\metadata.json from imageio-webp-3.12.0.jar, it does not contain dependency information.
[01Mar2026 21:48:41.170] [main/DEBUG] [net.minecraftforge.fml.loading.moddiscovery.AbstractJarFileDependencyLocator/]: Failed to load resource META-INF\jarjar\metadata.json from gson-0.2.1.jar, it does not contain dependency information.
[01Mar2026 21:48:41.170] [main/DEBUG] [net.minecraftforge.fml.loading.moddiscovery.AbstractJarFileDependencyLocator/]: Failed to load resource META-INF\jarjar\metadata.json from json-0.2.1.jar, it does not contain dependency information.
[01Mar2026 21:48:41.170] [main/DEBUG] [net.minecraftforge.fml.loading.moddiscovery.AbstractJarFileDependencyLocator/]: Failed to load resource META-INF\jarjar\metadata.json from srgutils-0.5.4.jar, it does not contain dependency information.
[01Mar2026 21:48:41.172] [main/DEBUG] [net.minecraftforge.fml.loading.moddiscovery.AbstractJarFileDependencyLocator/]: Failed to load resource META-INF\jarjar\metadata.json from mod-4.0.11.jar, it does not contain dependency information.
[01Mar2026 21:48:41.321] [main/DEBUG] [net.minecraftforge.fml.loading.moddiscovery.AbstractJarFileDependencyLocator/]: Failed to load resource META-INF\jarjar\metadata.json from script-mods-4.0.11-all.jar, it does not contain dependency information.
[01Mar2026 21:48:41.321] [main/DEBUG] [net.minecraftforge.fml.loading.moddiscovery.AbstractJarFileDependencyLocator/]: Failed to load resource META-INF\jarjar\metadata.json from MinecraftForgeAPI-1.20.1-1.0.0.jar, it does not contain dependency information.
[01Mar2026 21:48:41.330] [main/DEBUG] [net.minecraftforge.fml.loading.moddiscovery.AbstractJarFileDependencyLocator/]: Failed to load resource META-INF\jarjar\metadata.json from Primitive Collections-0.8.9.jar, it does not contain dependency information.
[01Mar2026 21:48:41.334] [main/DEBUG] [net.minecraftforge.fml.loading.moddiscovery.AbstractJarFileDependencyLocator/]: Failed to load resource META-INF\jarjar\metadata.json from MinecraftForgeAPI-1.20.1-1.0.0.jar, it does not contain dependency information.
[01Mar2026 21:48:41.356] [main/DEBUG] [net.minecraftforge.fml.loading.moddiscovery.AbstractJarFileDependencyLocator/]: Failed to load resource META-INF\jarjar\metadata.json from japng-0.5.3.jar, it does not contain dependency information.
[01Mar2026 21:48:41.356] [main/DEBUG] [net.minecraftforge.fml.loading.moddiscovery.AbstractJarFileDependencyLocator/]: Failed to load resource META-INF\jarjar\metadata.json from animated-gif-lib-for-java-animated-gif-lib-1.7.jar, it does not contain dependency information.
[01Mar2026 21:48:41.367] [main/DEBUG] [net.minecraftforge.fml.loading.moddiscovery.AbstractJarFileDependencyLocator/]: Failed to load resource META-INF\jarjar\metadata.json from yabn-1.0.3.jar, it does not contain dependency information.
[01Mar2026 21:48:41.367] [main/DEBUG] [net.minecraftforge.fml.loading.moddiscovery.AbstractJarFileDependencyLocator/]: Failed to load resource META-INF\jarjar\metadata.json from bytecodecs-1.0.2.jar, it does not contain dependency information.
[01Mar2026 21:48:41.373] [main/DEBUG] [net.minecraftforge.fml.loading.moddiscovery.AbstractJarFileDependencyLocator/]: Failed to load resource META-INF\jarjar\metadata.json from jcpp-1.4.14.jar, it does not contain dependency information.
[01Mar2026 21:48:41.373] [main/DEBUG] [net.minecraftforge.fml.loading.moddiscovery.AbstractJarFileDependencyLocator/]: Failed to load resource META-INF\jarjar\metadata.json from MinecraftForgeAPI-1.20.1-1.0.0.jar, it does not contain dependency information.
[01Mar2026 21:48:41.407] [main/DEBUG] [net.minecraftforge.fml.loading.moddiscovery.AbstractJarFileDependencyLocator/]: Failed to load resource META-INF\jarjar\metadata.json from puzzlesaccessapi-forge-20.1.1.jar, it does not contain dependency information.
[01Mar2026 21:48:41.410] [main/DEBUG] [net.minecraftforge.fml.loading.moddiscovery.AbstractJarFileDependencyLocator/]: Failed to load resource META-INF\jarjar\metadata.json from lingua_bib-1.20.1-1.0.6-forge.jar, it does not contain dependency information.
[01Mar2026 21:48:41.411] [main/DEBUG] [net.minecraftforge.fml.loading.moddiscovery.AbstractJarFileDependencyLocator/]: Failed to load resource META-INF\jarjar\metadata.json from commons-math3-3.6.1.jar, it does not contain dependency information.
[01Mar2026 21:48:41.411] [main/DEBUG] [net.minecraftforge.fml.loading.moddiscovery.AbstractJarFileDependencyLocator/]: Failed to load resource META-INF\jarjar\metadata.json from luaj-core-3.0.8-figura.jar, it does not contain dependency information.
[01Mar2026 21:48:41.411] [main/DEBUG] [net.minecraftforge.fml.loading.moddiscovery.AbstractJarFileDependencyLocator/]: Failed to load resource META-INF\jarjar\metadata.json from luaj-jse-3.0.8-figura.jar, it does not contain dependency information.
[01Mar2026 21:48:41.411] [main/DEBUG] [net.minecraftforge.fml.loading.moddiscovery.AbstractJarFileDependencyLocator/]: Failed to load resource META-INF\jarjar\metadata.json from bcel-6.6.1.jar, it does not contain dependency information.
[01Mar2026 21:48:41.414] [main/DEBUG] [net.minecraftforge.fml.loading.moddiscovery.AbstractJarFileDependencyLocator/]: Failed to load resource META-INF\jarjar\metadata.json from kfflang-4.12.0.jar, it does not contain dependency information.
[01Mar2026 21:48:41.414] [main/DEBUG] [net.minecraftforge.fml.loading.moddiscovery.AbstractJarFileDependencyLocator/]: Failed to load resource META-INF\jarjar\metadata.json from kfflib-4.12.0.jar, it does not contain dependency information.
[01Mar2026 21:48:41.414] [main/DEBUG] [net.minecraftforge.fml.loading.moddiscovery.AbstractJarFileDependencyLocator/]: Failed to load resource META-INF\jarjar\metadata.json from kffmod-4.12.0.jar, it does not contain dependency information.
[01Mar2026 21:48:41.418] [main/DEBUG] [net.minecraftforge.fml.loading.moddiscovery.AbstractJarFileDependencyLocator/]: Failed to load resource META-INF\jarjar\metadata.json from spectrelib-forge-0.13.17+1.20.1.jar, it does not contain dependency information.
[01Mar2026 21:48:41.427] [main/DEBUG] [net.minecraftforge.fml.loading.moddiscovery.AbstractJarFileDependencyLocator/]: Failed to load resource META-INF\jarjar\metadata.json from spectrelib-forge-0.13.15+1.20.1.jar, it does not contain dependency information.
[01Mar2026 21:48:41.441] [main/DEBUG] [net.minecraftforge.fml.loading.moddiscovery.AbstractJarFileDependencyLocator/]: Failed to load resource META-INF\jarjar\metadata.json from Registrate-MC1.20-1.3.3.jar, it does not contain dependency information.
[01Mar2026 21:48:41.441] [main/DEBUG] [net.minecraftforge.fml.loading.moddiscovery.AbstractJarFileDependencyLocator/]: Failed to load resource META-INF\jarjar\metadata.json from flywheel-forge-1.20.1-1.0.5.jar, it does not contain dependency information.
[01Mar2026 21:48:41.444] [main/DEBUG] [net.minecraftforge.fml.loading.moddiscovery.AbstractJarFileDependencyLocator/]: Failed to load resource META-INF\jarjar\metadata.json from Ponder-Forge-1.20.1-1.0.91.jar, it does not contain dependency information.
[01Mar2026 21:48:41.451] [main/DEBUG] [net.minecraftforge.fml.loading.moddiscovery.AbstractJarFileDependencyLocator/]: Failed to load resource META-INF\jarjar\metadata.json from spectrelib-forge-0.13.15+1.20.1.jar, it does not contain dependency information.
[01Mar2026 21:48:41.451] [main/DEBUG] [net.minecraftforge.fml.loading.moddiscovery.AbstractJarFileDependencyLocator/]: Failed to load resource META-INF\jarjar\metadata.json from snakeyaml-2.2.jar, it does not contain dependency information.
[01Mar2026 21:48:41.454] [main/DEBUG] [net.minecraftforge.fml.loading.moddiscovery.AbstractJarFileDependencyLocator/]: Failed to load resource META-INF\jarjar\metadata.json from MixinExtras-0.4.1.jar, it does not contain dependency information.
[01Mar2026 21:48:41.454] [main/DEBUG] [net.minecraftforge.fml.loading.moddiscovery.AbstractJarFileDependencyLocator/]: Failed to load resource META-INF\jarjar\metadata.json from MixinExtras-0.4.1.jar, it does not contain dependency information.
[01Mar2026 21:48:41.454] [main/DEBUG] [net.minecraftforge.fml.loading.moddiscovery.AbstractJarFileDependencyLocator/]: Failed to load resource META-INF\jarjar\metadata.json from MixinExtras-0.4.1.jar, it does not contain dependency information.
[01Mar2026 21:48:41.454] [main/DEBUG] [net.minecraftforge.fml.loading.moddiscovery.AbstractJarFileDependencyLocator/]: Failed to load resource META-INF\jarjar\metadata.json from MixinExtras-0.2.1-beta.2.jar, it does not contain dependency information.
[01Mar2026 21:48:41.454] [main/DEBUG] [net.minecraftforge.fml.loading.moddiscovery.AbstractJarFileDependencyLocator/]: Failed to load resource META-INF\jarjar\metadata.json from MixinExtras-0.3.6.jar, it does not contain dependency information.
[01Mar2026 21:48:41.454] [main/DEBUG] [net.minecraftforge.fml.loading.moddiscovery.AbstractJarFileDependencyLocator/]: Failed to load resource META-INF\jarjar\metadata.json from MixinSquared-0.1.1.jar, it does not contain dependency information.
[01Mar2026 21:48:41.454] [main/DEBUG] [net.minecraftforge.fml.loading.moddiscovery.AbstractJarFileDependencyLocator/]: Failed to load resource META-INF\jarjar\metadata.json from MixinExtras-0.2.0-beta.6.jar, it does not contain dependency information.
[01Mar2026 21:48:41.454] [main/DEBUG] [net.minecraftforge.fml.loading.moddiscovery.AbstractJarFileDependencyLocator/]: Failed to load resource META-INF\jarjar\metadata.json from MixinExtras-0.4.1.jar, it does not contain dependency information.
[01Mar2026 21:48:41.454] [main/DEBUG] [net.minecraftforge.fml.loading.moddiscovery.AbstractJarFileDependencyLocator/]: Failed to load resource META-INF\jarjar\metadata.json from jankson-1.2.2.jar, it does not contain dependency information.
[01Mar2026 21:48:41.454] [main/DEBUG] [net.minecraftforge.fml.loading.moddiscovery.AbstractJarFileDependencyLocator/]: Failed to load resource META-INF\jarjar\metadata.json from jackson-databind-2.15.2.jar, it does not contain dependency information.
[01Mar2026 21:48:41.454] [main/DEBUG] [net.minecraftforge.fml.loading.moddiscovery.AbstractJarFileDependencyLocator/]: Failed to load resource META-INF\jarjar\metadata.json from jackson-core-2.15.2.jar, it does not contain dependency information.
[01Mar2026 21:48:41.454] [main/DEBUG] [net.minecraftforge.fml.loading.moddiscovery.AbstractJarFileDependencyLocator/]: Failed to load resource META-INF\jarjar\metadata.json from jackson-annotations-2.15.2.jar, it does not contain dependency information.
[01Mar2026 21:48:41.454] [main/DEBUG] [net.minecraftforge.fml.loading.moddiscovery.AbstractJarFileDependencyLocator/]: Failed to load resource META-INF\jarjar\metadata.json from jackson-dataformat-toml-2.15.2.jar, it does not contain dependency information.
[01Mar2026 21:48:41.454] [main/DEBUG] [net.minecraftforge.fml.loading.moddiscovery.AbstractJarFileDependencyLocator/]: Failed to load resource META-INF\jarjar\metadata.json from groovy-4.0.13.jar, it does not contain dependency information.
[01Mar2026 21:48:41.454] [main/DEBUG] [net.minecraftforge.fml.loading.moddiscovery.AbstractJarFileDependencyLocator/]: Failed to load resource META-INF\jarjar\metadata.json from groovy-contracts-4.0.13.jar, it does not contain dependency information.
[01Mar2026 21:48:41.454] [main/DEBUG] [net.minecraftforge.fml.loading.moddiscovery.AbstractJarFileDependencyLocator/]: Failed to load resource META-INF\jarjar\metadata.json from groovy-datetime-4.0.13.jar, it does not contain dependency information.
[01Mar2026 21:48:41.454] [main/DEBUG] [net.minecraftforge.fml.loading.moddiscovery.AbstractJarFileDependencyLocator/]: Failed to load resource META-INF\jarjar\metadata.json from groovy-nio-4.0.13.jar, it does not contain dependency information.
[01Mar2026 21:48:41.454] [main/DEBUG] [net.minecraftforge.fml.loading.moddiscovery.AbstractJarFileDependencyLocator/]: Failed to load resource META-INF\jarjar\metadata.json from groovy-macro-4.0.13.jar, it does not contain dependency information.
[01Mar2026 21:48:41.454] [main/DEBUG] [net.minecraftforge.fml.loading.moddiscovery.AbstractJarFileDependencyLocator/]: Failed to load resource META-INF\jarjar\metadata.json from groovy-macro-library-4.0.13.jar, it does not contain dependency information.
[01Mar2026 21:48:41.454] [main/DEBUG] [net.minecraftforge.fml.loading.moddiscovery.AbstractJarFileDependencyLocator/]: Failed to load resource META-INF\jarjar\metadata.json from groovy-templates-4.0.13.jar, it does not contain dependency information.
[01Mar2026 21:48:41.454] [main/DEBUG] [net.minecraftforge.fml.loading.moddiscovery.AbstractJarFileDependencyLocator/]: Failed to load resource META-INF\jarjar\metadata.json from groovy-xml-4.0.13.jar, it does not contain dependency information.
[01Mar2026 21:48:41.454] [main/DEBUG] [net.minecraftforge.fml.loading.moddiscovery.AbstractJarFileDependencyLocator/]: Failed to load resource META-INF\jarjar\metadata.json from groovy-typecheckers-4.0.13.jar, it does not contain dependency information.
[01Mar2026 21:48:41.455] [main/DEBUG] [net.minecraftforge.fml.loading.moddiscovery.AbstractJarFileDependencyLocator/]: Failed to load resource META-INF\jarjar\metadata.json from groovy-dateutil-4.0.13.jar, it does not contain dependency information.
[01Mar2026 21:48:41.455] [main/DEBUG] [net.minecraftforge.fml.loading.moddiscovery.AbstractJarFileDependencyLocator/]: Failed to load resource META-INF\jarjar\metadata.json from groovy-ginq-4.0.13.jar, it does not contain dependency information.
[01Mar2026 21:48:41.455] [main/DEBUG] [net.minecraftforge.fml.loading.moddiscovery.AbstractJarFileDependencyLocator/]: Failed to load resource META-INF\jarjar\metadata.json from groovy-toml-4.0.13.jar, it does not contain dependency information.
[01Mar2026 21:48:41.455] [main/DEBUG] [net.minecraftforge.fml.loading.moddiscovery.AbstractJarFileDependencyLocator/]: Failed to load resource META-INF\jarjar\metadata.json from groovy-json-4.0.13.jar, it does not contain dependency information.
[01Mar2026 21:48:41.455] [main/DEBUG] [net.minecraftforge.fml.loading.moddiscovery.AbstractJarFileDependencyLocator/]: Failed to load resource META-INF\jarjar\metadata.json from MixinExtras-0.4.1.jar, it does not contain dependency information.
[01Mar2026 21:48:41.455] [main/DEBUG] [net.minecraftforge.fml.loading.moddiscovery.AbstractJarFileDependencyLocator/]: Failed to load resource META-INF\jarjar\metadata.json from MixinExtras-0.4.1.jar, it does not contain dependency information.
[01Mar2026 21:48:41.455] [main/DEBUG] [net.minecraftforge.fml.loading.moddiscovery.AbstractJarFileDependencyLocator/]: Failed to load resource META-INF\jarjar\metadata.json from MixinExtras-0.2.0-beta.8.jar, it does not contain dependency information.
[01Mar2026 21:48:41.455] [main/DEBUG] [net.minecraftforge.fml.loading.moddiscovery.AbstractJarFileDependencyLocator/]: Failed to load resource META-INF\jarjar\metadata.json from MixinExtras-0.4.1.jar, it does not contain dependency information.
[01Mar2026 21:48:41.455] [main/DEBUG] [net.minecraftforge.fml.loading.moddiscovery.AbstractJarFileDependencyLocator/]: Failed to load resource META-INF\jarjar\metadata.json from MixinExtras-0.4.1.jar, it does not contain dependency information.
[01Mar2026 21:48:41.455] [main/DEBUG] [net.minecraftforge.fml.loading.moddiscovery.AbstractJarFileDependencyLocator/]: Failed to load resource META-INF\jarjar\metadata.json from MixinExtras-0.4.1.jar, it does not contain dependency information.
[01Mar2026 21:48:41.455] [main/DEBUG] [net.minecraftforge.fml.loading.moddiscovery.AbstractJarFileDependencyLocator/]: Failed to load resource META-INF\jarjar\metadata.json from MixinExtras-0.4.1.jar, it does not contain dependency information.
[01Mar2026 21:48:41.455] [main/DEBUG] [net.minecraftforge.fml.loading.moddiscovery.AbstractJarFileDependencyLocator/]: Failed to load resource META-INF\jarjar\metadata.json from MixinExtras-0.4.1.jar, it does not contain dependency information.
[01Mar2026 21:48:41.455] [main/DEBUG] [net.minecraftforge.fml.loading.moddiscovery.AbstractJarFileDependencyLocator/]: Failed to load resource META-INF\jarjar\metadata.json from MixinExtras-0.5.0.jar, it does not contain dependency information.
[01Mar2026 21:48:41.455] [main/DEBUG] [net.minecraftforge.fml.loading.moddiscovery.AbstractJarFileDependencyLocator/]: Failed to load resource META-INF\jarjar\metadata.json from MixinExtras-0.3.5.jar, it does not contain dependency information.
[01Mar2026 21:48:41.455] [main/DEBUG] [net.minecraftforge.fml.loading.moddiscovery.AbstractJarFileDependencyLocator/]: Failed to load resource META-INF\jarjar\metadata.json from MixinExtras-0.3.5.jar, it does not contain dependency information.
[01Mar2026 21:48:41.455] [main/DEBUG] [net.minecraftforge.fml.loading.moddiscovery.AbstractJarFileDependencyLocator/]: Failed to load resource META-INF\jarjar\metadata.json from MixinExtras-0.5.0.jar, it does not contain dependency information.
[01Mar2026 21:48:41.455] [main/DEBUG] [net.minecraftforge.fml.loading.moddiscovery.AbstractJarFileDependencyLocator/]: Failed to load resource META-INF\jarjar\metadata.json from MixinExtras-0.2.0-beta.6.jar, it does not contain dependency information.
[01Mar2026 21:48:41.455] [main/DEBUG] [net.minecraftforge.fml.loading.moddiscovery.AbstractJarFileDependencyLocator/]: Failed to load resource META-INF\jarjar\metadata.json from MixinExtras-0.5.0.jar, it does not contain dependency information.
[01Mar2026 21:48:41.455] [main/DEBUG] [net.minecraftforge.fml.loading.moddiscovery.AbstractJarFileDependencyLocator/]: Failed to load resource META-INF\jarjar\metadata.json from MixinExtras-0.5.0.jar, it does not contain dependency information.
[01Mar2026 21:48:41.455] [main/DEBUG] [net.minecraftforge.fml.loading.moddiscovery.AbstractJarFileDependencyLocator/]: Failed to load resource META-INF\jarjar\metadata.json from MixinExtras-0.4.1.jar, it does not contain dependency information.
[01Mar2026 21:48:41.455] [main/DEBUG] [net.minecraftforge.fml.loading.moddiscovery.AbstractJarFileDependencyLocator/]: Failed to load resource META-INF\jarjar\metadata.json from MixinExtras-0.3.6.jar, it does not contain dependency information.
[01Mar2026 21:48:41.455] [main/DEBUG] [net.minecraftforge.fml.loading.moddiscovery.AbstractJarFileDependencyLocator/]: Failed to load resource META-INF\jarjar\metadata.json from MixinExtras-0.3.6.jar, it does not contain dependency information.
[01Mar2026 21:48:41.455] [main/DEBUG] [net.minecraftforge.fml.loading.moddiscovery.AbstractJarFileDependencyLocator/]: Failed to load resource META-INF\jarjar\metadata.json from MixinExtras-0.2.0-rc.2.jar, it does not contain dependency information.
[01Mar2026 21:48:41.455] [main/DEBUG] [net.minecraftforge.fml.loading.moddiscovery.AbstractJarFileDependencyLocator/]: Failed to load resource META-INF\jarjar\metadata.json from MixinExtras-0.4.1.jar, it does not contain dependency information.
[01Mar2026 21:48:41.455] [main/DEBUG] [net.minecraftforge.fml.loading.moddiscovery.AbstractJarFileDependencyLocator/]: Failed to load resource META-INF\jarjar\metadata.json from MixinExtras-0.3.5.jar, it does not contain dependency information.
[01Mar2026 21:48:41.455] [main/DEBUG] [net.minecraftforge.fml.loading.moddiscovery.AbstractJarFileDependencyLocator/]: Failed to load resource META-INF\jarjar\metadata.json from MixinExtras-0.3.6.jar, it does not contain dependency information.
[01Mar2026 21:48:41.455] [main/DEBUG] [net.minecraftforge.fml.loading.moddiscovery.AbstractJarFileDependencyLocator/]: Failed to load resource META-INF\jarjar\metadata.json from MixinSquared-0.3.3.jar, it does not contain dependency information.
[01Mar2026 21:48:41.455] [main/DEBUG] [net.minecraftforge.fml.loading.moddiscovery.AbstractJarFileDependencyLocator/]: Failed to load resource META-INF\jarjar\metadata.json from MixinExtras-0.5.0.jar, it does not contain dependency information.
[01Mar2026 21:48:41.455] [main/DEBUG] [net.minecraftforge.fml.loading.moddiscovery.AbstractJarFileDependencyLocator/]: Failed to load resource META-INF\jarjar\metadata.json from MixinExtras-0.4.1.jar, it does not contain dependency information.
[01Mar2026 21:48:41.455] [main/DEBUG] [net.minecraftforge.fml.loading.moddiscovery.AbstractJarFileDependencyLocator/]: Failed to load resource META-INF\jarjar\metadata.json from MixinExtras-0.3.5.jar, it does not contain dependency information.
[01Mar2026 21:48:41.455] [main/DEBUG] [net.minecraftforge.fml.loading.moddiscovery.AbstractJarFileDependencyLocator/]: Failed to load resource META-INF\jarjar\metadata.json from MixinExtras-0.2.1-beta.2.jar, it does not contain dependency information.
[01Mar2026 21:48:41.455] [main/DEBUG] [net.minecraftforge.fml.loading.moddiscovery.AbstractJarFileDependencyLocator/]: Failed to load resource META-INF\jarjar\metadata.json from MixinExtras-0.3.5.jar, it does not contain dependency information.
[01Mar2026 21:48:41.478] [main/DEBUG] [net.minecraftforge.fml.loading.moddiscovery.ModFileParser/LOADING]: Considering mod file candidate 
[01Mar2026 21:48:41.478] [main/DEBUG] [net.minecraftforge.fml.loading.moddiscovery.ModFileInfo/LOADING]: Found valid mod file puzzlesaccessapi-forge-20.1.1.jar with {puzzlesaccessapi} mods - versions {20.1.1}
[01Mar2026 21:48:41.518] [main/DEBUG] [net.minecraftforge.fml.loading.moddiscovery.ModFileParser/LOADING]: Considering mod file candidate 
[01Mar2026 21:48:41.518] [main/DEBUG] [net.minecraftforge.fml.loading.moddiscovery.ModFileInfo/LOADING]: Found valid mod file flywheel-forge-1.20.1-1.0.5.jar with {flywheel} mods - versions {1.0.5}
[01Mar2026 21:48:41.520] [main/DEBUG] [net.minecraftforge.fml.loading.moddiscovery.ModFileParser/LOADING]: Considering mod file candidate 
[01Mar2026 21:48:41.520] [main/DEBUG] [net.minecraftforge.fml.loading.moddiscovery.ModFileInfo/LOADING]: Found valid mod file kffmod-4.12.0.jar with {kotlinforforge} mods - versions {4.12.0}
[01Mar2026 21:48:41.622] [main/DEBUG] [net.minecraftforge.fml.loading.moddiscovery.ModFileParser/LOADING]: Considering mod file candidate 
[01Mar2026 21:48:41.623] [main/DEBUG] [net.minecraftforge.fml.loading.moddiscovery.ModFileInfo/LOADING]: Found valid mod file cgl-1.20-forge-0.3.3.jar with {commongroovylibrary} mods - versions {0.3.3}
[01Mar2026 21:48:41.644] [main/DEBUG] [net.minecraftforge.fml.loading.moddiscovery.ModFileParser/LOADING]: Considering mod file candidate 
[01Mar2026 21:48:41.645] [main/DEBUG] [net.minecraftforge.fml.loading.moddiscovery.ModFileInfo/LOADING]: Found valid mod file Ponder-Forge-1.20.1-1.0.91.jar with {ponder} mods - versions {1.0.91}
[01Mar2026 21:48:41.646] [main/DEBUG] [net.minecraftforge.fml.loading.moddiscovery.ModFileParser/LOADING]: Considering mod file candidate 
[01Mar2026 21:48:41.646] [main/DEBUG] [net.minecraftforge.fml.loading.moddiscovery.ModFileInfo/LOADING]: Found valid mod file lingua_bib-1.20.1-1.0.6-forge.jar with {lingua_bib} mods - versions {1.20.1-1.0.6}
[01Mar2026 21:48:41.647] [main/DEBUG] [net.minecraftforge.fml.loading.moddiscovery.ModFileParser/LOADING]: Considering mod file candidate 
[01Mar2026 21:48:41.648] [main/DEBUG] [net.minecraftforge.fml.loading.moddiscovery.ModFileInfo/LOADING]: Found valid mod file midnightlib-1.4.2-forge.jar with {midnightlib} mods - versions {1.4.2}
[01Mar2026 21:48:41.676] [main/DEBUG] [net.minecraftforge.fml.loading.moddiscovery.ModFileParser/LOADING]: Considering mod file candidate 
[01Mar2026 21:48:41.677] [main/DEBUG] [net.minecraftforge.fml.loading.moddiscovery.ModFileInfo/LOADING]: Found valid mod file spectrelib-forge-0.13.17+1.20.1.jar with {spectrelib} mods - versions {0.13.17+1.20.1}
[01Mar2026 21:48:41.721] [main/DEBUG] [net.minecraftforge.fml.loading.moddiscovery.ModFileParser/LOADING]: Considering mod file candidate 
[01Mar2026 21:48:41.721] [main/DEBUG] [net.minecraftforge.fml.loading.moddiscovery.ModFileInfo/LOADING]: Found valid mod file mixinextras-forge-0.2.0-beta.8.jar with {mixinextras} mods - versions {0.2.0-beta.8}
[01Mar2026 21:48:41.729] [main/DEBUG] [net.minecraftforge.fml.loading.moddiscovery.ModFileParser/LOADING]: Considering mod file candidate 
[01Mar2026 21:48:41.730] [main/DEBUG] [net.minecraftforge.fml.loading.moddiscovery.ModFileInfo/LOADING]: Found valid mod file mixinsquared-forge-0.3.3.jar with {mixinsquared} mods - versions {0.3.3}
[01Mar2026 21:48:41.732] [main/DEBUG] [net.minecraftforge.fml.loading.moddiscovery.ModFileParser/LOADING]: Considering mod file candidate 
[01Mar2026 21:48:41.733] [main/DEBUG] [net.minecraftforge.fml.loading.moddiscovery.ModFileInfo/LOADING]: Found valid mod file mod-4.0.11.jar with {gml} mods - versions {4.0.11}
[01Mar2026 21:48:41.770] [main/INFO] [net.minecraftforge.fml.loading.moddiscovery.JarInJarDependencyLocator/]: Found 60 dependencies adding them to mods collection
[01Mar2026 21:48:41.771] [main/DEBUG] [net.minecraftforge.fml.loading.UniqueModListBuilder/]: Found 2 mods for first modid mixinextras, selecting most recent based on version data
[01Mar2026 21:48:41.771] [main/DEBUG] [net.minecraftforge.fml.loading.UniqueModListBuilder/]: Selected file mixinextras-forge-0.5.0.jar for modid mixinextras with version 0.5.0
[01Mar2026 21:48:41.773] [main/DEBUG] [net.minecraftforge.fml.loading.moddiscovery.ModFileParser/LOADING]: Considering mod file candidate C:\ServerMine\mods\kubejs-forge-2001.6.5-build.16.jar
[01Mar2026 21:48:41.774] [main/DEBUG] [net.minecraftforge.fml.loading.moddiscovery.ModFileInfo/LOADING]: Found valid mod file kubejs-forge-2001.6.5-build.16.jar with {kubejs} mods - versions {2001.6.5-build.16}
[01Mar2026 21:48:41.776] [main/DEBUG] [net.minecraftforge.fml.loading.moddiscovery.ModFile/LOADING]: Loading mod file C:\ServerMine\mods\kubejs-forge-2001.6.5-build.16.jar with languages [LanguageSpec[languageName=javafml, acceptedVersions=[47,)]]
[01Mar2026 21:48:41.776] [main/DEBUG] [net.minecraftforge.fml.loading.moddiscovery.ModFileParser/LOADING]: Considering mod file candidate C:\ServerMine\mods\YungsBetterDungeons-1.20-Forge-4.0.4.jar
[01Mar2026 21:48:41.776] [main/DEBUG] [net.minecraftforge.fml.loading.moddiscovery.ModFileInfo/LOADING]: Found valid mod file YungsBetterDungeons-1.20-Forge-4.0.4.jar with {betterdungeons} mods - versions {1.20-Forge-4.0.4}
[01Mar2026 21:48:41.777] [main/DEBUG] [net.minecraftforge.fml.loading.moddiscovery.ModFile/LOADING]: Loading mod file C:\ServerMine\mods\YungsBetterDungeons-1.20-Forge-4.0.4.jar with languages [LanguageSpec[languageName=javafml, acceptedVersions=[46,)]]
[01Mar2026 21:48:41.777] [main/DEBUG] [net.minecraftforge.fml.loading.moddiscovery.ModFileParser/LOADING]: Considering mod file candidate C:\ServerMine\mods\almanac-1.20.x-forge-1.0.2.jar
[01Mar2026 21:48:41.777] [main/DEBUG] [net.minecraftforge.fml.loading.moddiscovery.ModFileInfo/LOADING]: Found valid mod file almanac-1.20.x-forge-1.0.2.jar with {almanac} mods - versions {1.0.2}
[01Mar2026 21:48:41.777] [main/DEBUG] [net.minecraftforge.fml.loading.moddiscovery.ModFile/LOADING]: Loading mod file C:\ServerMine\mods\almanac-1.20.x-forge-1.0.2.jar with languages [LanguageSpec[languageName=javafml, acceptedVersions=[47,)]]
[01Mar2026 21:48:41.777] [main/DEBUG] [net.minecraftforge.fml.loading.moddiscovery.ModFileParser/LOADING]: Considering mod file candidate C:\ServerMine\mods\auudio_forge_1.0.3_MC_1.19.3.jar
[01Mar2026 21:48:41.777] [main/DEBUG] [net.minecraftforge.fml.loading.moddiscovery.ModFileInfo/LOADING]: Found valid mod file auudio_forge_1.0.3_MC_1.19.3.jar with {auudio} mods - versions {1.0.3}
[01Mar2026 21:48:41.777] [main/DEBUG] [net.minecraftforge.fml.loading.moddiscovery.ModFile/LOADING]: Loading mod file C:\ServerMine\mods\auudio_forge_1.0.3_MC_1.19.3.jar with languages [LanguageSpec[languageName=javafml, acceptedVersions=[44,)]]
[01Mar2026 21:48:41.777] [main/DEBUG] [net.minecraftforge.fml.loading.moddiscovery.ModFileParser/LOADING]: Considering mod file candidate C:\ServerMine\mods\modernworldcreation_forge_2.0.2_MC_1.20.1.jar
[01Mar2026 21:48:41.777] [main/DEBUG] [net.minecraftforge.fml.loading.moddiscovery.ModFileInfo/LOADING]: Found valid mod file modernworldcreation_forge_2.0.2_MC_1.20.1.jar with {modernworldcreation} mods - versions {2.0.2}
[01Mar2026 21:48:41.777] [main/DEBUG] [net.minecraftforge.fml.loading.moddiscovery.ModFile/LOADING]: Loading mod file C:\ServerMine\mods\modernworldcreation_forge_2.0.2_MC_1.20.1.jar with languages [LanguageSpec[languageName=javafml, acceptedVersions=[47,)]]
[01Mar2026 21:48:41.777] [main/DEBUG] [net.minecraftforge.fml.loading.moddiscovery.ModFileParser/LOADING]: Considering mod file candidate C:\ServerMine\mods\alexsmobs-1.22.9.jar
[01Mar2026 21:48:41.778] [main/DEBUG] [net.minecraftforge.fml.loading.moddiscovery.ModFileInfo/LOADING]: Found valid mod file alexsmobs-1.22.9.jar with {alexsmobs} mods - versions {1.22.9}
[01Mar2026 21:48:41.778] [main/DEBUG] [net.minecraftforge.fml.loading.moddiscovery.ModFile/LOADING]: Loading mod file C:\ServerMine\mods\alexsmobs-1.22.9.jar with languages [LanguageSpec[languageName=javafml, acceptedVersions=[46,)]]
[01Mar2026 21:48:41.778] [main/DEBUG] [net.minecraftforge.fml.loading.moddiscovery.ModFileParser/LOADING]: Considering mod file candidate C:\ServerMine\mods\createdeco-2.0.3-1.20.1-forge.jar
[01Mar2026 21:48:41.778] [main/DEBUG] [net.minecraftforge.fml.loading.moddiscovery.ModFileInfo/LOADING]: Found valid mod file createdeco-2.0.3-1.20.1-forge.jar with {createdeco} mods - versions {2.0.3-1.20.1-forge}
[01Mar2026 21:48:41.778] [main/DEBUG] [net.minecraftforge.fml.loading.moddiscovery.ModFile/LOADING]: Loading mod file C:\ServerMine\mods\createdeco-2.0.3-1.20.1-forge.jar with languages [LanguageSpec[languageName=javafml, acceptedVersions=[47,)]]
[01Mar2026 21:48:41.778] [main/DEBUG] [net.minecraftforge.fml.loading.moddiscovery.ModFileParser/LOADING]: Considering mod file candidate 
[01Mar2026 21:48:41.778] [main/DEBUG] [net.minecraftforge.fml.loading.moddiscovery.ModFileInfo/LOADING]: Found valid mod file Ponder-Forge-1.20.1-1.0.91.jar with {ponder} mods - versions {1.0.91}
[01Mar2026 21:48:41.778] [main/DEBUG] [net.minecraftforge.fml.loading.moddiscovery.ModFile/LOADING]: Loading mod file  with languages [LanguageSpec[languageName=javafml, acceptedVersions=[47,)]]
[01Mar2026 21:48:41.778] [main/DEBUG] [net.minecraftforge.fml.loading.moddiscovery.ModFileParser/LOADING]: Considering mod file candidate C:\ServerMine\mods\player-animation-lib-forge-1.0.2-rc1+1.20.jar
[01Mar2026 21:48:41.778] [main/DEBUG] [net.minecraftforge.fml.loading.moddiscovery.ModFileInfo/LOADING]: Found valid mod file player-animation-lib-forge-1.0.2-rc1+1.20.jar with {playeranimator} mods - versions {1.0.2-rc1+1.20}
[01Mar2026 21:48:41.778] [main/DEBUG] [net.minecraftforge.fml.loading.moddiscovery.ModFile/LOADING]: Loading mod file C:\ServerMine\mods\player-animation-lib-forge-1.0.2-rc1+1.20.jar with languages [LanguageSpec[languageName=javafml, acceptedVersions=[46.0.0,)]]
[01Mar2026 21:48:41.778] [main/DEBUG] [net.minecraftforge.fml.loading.moddiscovery.ModFileParser/LOADING]: Considering mod file candidate C:\ServerMine\mods\apocalypticarsenal-1.0.1.jar
[01Mar2026 21:48:41.779] [main/DEBUG] [net.minecraftforge.fml.loading.moddiscovery.ModFileInfo/LOADING]: Found valid mod file apocalypticarsenal-1.0.1.jar with {apocalypticarsenal} mods - versions {1.0.1}
[01Mar2026 21:48:41.779] [main/DEBUG] [net.minecraftforge.fml.loading.moddiscovery.ModFile/LOADING]: Loading mod file C:\ServerMine\mods\apocalypticarsenal-1.0.1.jar with languages [LanguageSpec[languageName=javafml, acceptedVersions=[47,)]]
[01Mar2026 21:48:41.779] [main/DEBUG] [net.minecraftforge.fml.loading.moddiscovery.ModFileParser/LOADING]: Considering mod file candidate C:\ServerMine\mods\gamemenuremovegfarb-forge-mc1.19.4-2.1.2.jar
[01Mar2026 21:48:41.779] [main/DEBUG] [net.minecraftforge.fml.loading.moddiscovery.ModFileInfo/LOADING]: Found valid mod file gamemenuremovegfarb-forge-mc1.19.4-2.1.2.jar with {gamemenuremovegfarb} mods - versions {2.1.2}
[01Mar2026 21:48:41.779] [main/DEBUG] [net.minecraftforge.fml.loading.moddiscovery.ModFile/LOADING]: Loading mod file C:\ServerMine\mods\gamemenuremovegfarb-forge-mc1.19.4-2.1.2.jar with languages [LanguageSpec[languageName=javafml, acceptedVersions=[45,)]]
[01Mar2026 21:48:41.779] [main/DEBUG] [net.minecraftforge.fml.loading.moddiscovery.ModFileParser/LOADING]: Considering mod file candidate C:\ServerMine\mods\loadingbackgrounds-2.0.0-forge-1.20.X.jar
[01Mar2026 21:48:41.779] [main/DEBUG] [net.minecraftforge.fml.loading.moddiscovery.ModFileInfo/LOADING]: Found valid mod file loadingbackgrounds-2.0.0-forge-1.20.X.jar with {loadingbackgrounds} mods - versions {2.0.0}
[01Mar2026 21:48:41.779] [main/DEBUG] [net.minecraftforge.fml.loading.moddiscovery.ModFile/LOADING]: Loading mod file C:\ServerMine\mods\loadingbackgrounds-2.0.0-forge-1.20.X.jar with languages [LanguageSpec[languageName=javafml, acceptedVersions=[1,)]]
[01Mar2026 21:48:41.779] [main/DEBUG] [net.minecraftforge.fml.loading.moddiscovery.ModFileParser/LOADING]: Considering mod file candidate C:\ServerMine\mods\Not Enough Recipe Book-FORGE-0.4.1+1.20.1.jar
[01Mar2026 21:48:41.779] [main/DEBUG] [net.minecraftforge.fml.loading.moddiscovery.ModFileInfo/LOADING]: Found valid mod file Not Enough Recipe Book-FORGE-0.4.1+1.20.1.jar with {nerb} mods - versions {0.4.1}
[01Mar2026 21:48:41.779] [main/DEBUG] [net.minecraftforge.fml.loading.moddiscovery.ModFile/LOADING]: Loading mod file C:\ServerMine\mods\Not Enough Recipe Book-FORGE-0.4.1+1.20.1.jar with languages [LanguageSpec[languageName=javafml, acceptedVersions=[46,)]]
[01Mar2026 21:48:41.779] [main/DEBUG] [net.minecraftforge.fml.loading.moddiscovery.ModFileParser/LOADING]: Considering mod file candidate C:\ServerMine\mods\Satako-7.0.33-1.20.1.jar
[01Mar2026 21:48:41.780] [main/DEBUG] [net.minecraftforge.fml.loading.moddiscovery.ModFileInfo/LOADING]: Found valid mod file Satako-7.0.33-1.20.1.jar with {satako} mods - versions {7.0.33-1.20.1}
[01Mar2026 21:48:41.780] [main/DEBUG] [net.minecraftforge.fml.loading.moddiscovery.ModFile/LOADING]: Loading mod file C:\ServerMine\mods\Satako-7.0.33-1.20.1.jar with languages [LanguageSpec[languageName=javafml, acceptedVersions=[41,)]]
[01Mar2026 21:48:41.780] [main/DEBUG] [net.minecraftforge.fml.loading.moddiscovery.ModFileParser/LOADING]: Considering mod file candidate C:\ServerMine\mods\sound-physics-remastered-forge-1.20.1-1.5.1.jar
[01Mar2026 21:48:41.780] [main/DEBUG] [net.minecraftforge.fml.loading.moddiscovery.ModFileInfo/LOADING]: Found valid mod file sound-physics-remastered-forge-1.20.1-1.5.1.jar with {sound_physics_remastered} mods - versions {1.20.1-1.5.1}
[01Mar2026 21:48:41.780] [main/DEBUG] [net.minecraftforge.fml.loading.moddiscovery.ModFile/LOADING]: Loading mod file C:\ServerMine\mods\sound-physics-remastered-forge-1.20.1-1.5.1.jar with languages [LanguageSpec[languageName=javafml, acceptedVersions=*]]
[01Mar2026 21:48:41.780] [main/DEBUG] [net.minecraftforge.fml.loading.moddiscovery.ModFileParser/LOADING]: Considering mod file candidate C:\ServerMine\mods\UndergroundBunkers-1.0.5-1.20.x-forge.jar
[01Mar2026 21:48:41.780] [main/DEBUG] [net.minecraftforge.fml.loading.moddiscovery.ModFileInfo/LOADING]: Found valid mod file UndergroundBunkers-1.0.5-1.20.x-forge.jar with {underground_bunkers} mods - versions {1.0.5}
[01Mar2026 21:48:41.780] [main/DEBUG] [net.minecraftforge.fml.loading.moddiscovery.ModFile/LOADING]: Loading mod file C:\ServerMine\mods\UndergroundBunkers-1.0.5-1.20.x-forge.jar with languages [LanguageSpec[languageName=javafml, acceptedVersions=[47,)]]
[01Mar2026 21:48:41.780] [main/DEBUG] [net.minecraftforge.fml.loading.moddiscovery.ModFileParser/LOADING]: Considering mod file candidate C:\ServerMine\mods\modernfix-forge-5.26.2+mc1.20.1.jar
[01Mar2026 21:48:41.780] [main/DEBUG] [net.minecraftforge.fml.loading.moddiscovery.ModFileInfo/LOADING]: Found valid mod file modernfix-forge-5.26.2+mc1.20.1.jar with {modernfix} mods - versions {5.26.2+mc1.20.1}
[01Mar2026 21:48:41.780] [main/DEBUG] [net.minecraftforge.fml.loading.moddiscovery.ModFile/LOADING]: Loading mod file C:\ServerMine\mods\modernfix-forge-5.26.2+mc1.20.1.jar with languages [LanguageSpec[languageName=javafml, acceptedVersions=[46,)]]
[01Mar2026 21:48:41.780] [main/DEBUG] [net.minecraftforge.fml.loading.moddiscovery.ModFileParser/LOADING]: Considering mod file candidate C:\ServerMine\mods\horror_element_mod-1.6.3-forge-1.20.1.jar
[01Mar2026 21:48:41.781] [main/DEBUG] [net.minecraftforge.fml.loading.moddiscovery.ModFileInfo/LOADING]: Found valid mod file horror_element_mod-1.6.3-forge-1.20.1.jar with {horror_element_mod} mods - versions {1.6.3}
[01Mar2026 21:48:41.781] [main/DEBUG] [net.minecraftforge.fml.loading.moddiscovery.ModFile/LOADING]: Loading mod file C:\ServerMine\mods\horror_element_mod-1.6.3-forge-1.20.1.jar with languages [LanguageSpec[languageName=javafml, acceptedVersions=[47,)]]
[01Mar2026 21:48:41.781] [main/DEBUG] [net.minecraftforge.fml.loading.moddiscovery.ModFileParser/LOADING]: Considering mod file candidate C:\ServerMine\mods\YungsApi-1.20-Forge-4.0.6.jar
[01Mar2026 21:48:41.781] [main/DEBUG] [net.minecraftforge.fml.loading.moddiscovery.ModFileInfo/LOADING]: Found valid mod file YungsApi-1.20-Forge-4.0.6.jar with {yungsapi} mods - versions {1.20-Forge-4.0.6}
[01Mar2026 21:48:41.781] [main/DEBUG] [net.minecraftforge.fml.loading.moddiscovery.ModFile/LOADING]: Loading mod file C:\ServerMine\mods\YungsApi-1.20-Forge-4.0.6.jar with languages [LanguageSpec[languageName=javafml, acceptedVersions=[46,)]]
[01Mar2026 21:48:41.781] [main/DEBUG] [net.minecraftforge.fml.loading.moddiscovery.ModFileParser/LOADING]: Considering mod file candidate C:\ServerMine\mods\bbb-forge-2.0pre4.jar
[01Mar2026 21:48:41.781] [main/DEBUG] [net.minecraftforge.fml.loading.moddiscovery.ModFileInfo/LOADING]: Found valid mod file bbb-forge-2.0pre4.jar with {bbb} mods - versions {2.0pre4}
[01Mar2026 21:48:41.781] [main/DEBUG] [net.minecraftforge.fml.loading.moddiscovery.ModFile/LOADING]: Loading mod file C:\ServerMine\mods\bbb-forge-2.0pre4.jar with languages [LanguageSpec[languageName=javafml, acceptedVersions=[47,)]]
[01Mar2026 21:48:41.781] [main/DEBUG] [net.minecraftforge.fml.loading.moddiscovery.ModFileParser/LOADING]: Considering mod file candidate C:\ServerMine\mods\guardvillagers-1.20.1-1.6.15.jar
[01Mar2026 21:48:41.781] [main/DEBUG] [net.minecraftforge.fml.loading.moddiscovery.ModFileInfo/LOADING]: Found valid mod file guardvillagers-1.20.1-1.6.15.jar with {guardvillagers} mods - versions {1.20.1-1.6.15}
[01Mar2026 21:48:41.781] [main/DEBUG] [net.minecraftforge.fml.loading.moddiscovery.ModFile/LOADING]: Loading mod file C:\ServerMine\mods\guardvillagers-1.20.1-1.6.15.jar with languages [LanguageSpec[languageName=javafml, acceptedVersions=[46,)]]
[01Mar2026 21:48:41.781] [main/DEBUG] [net.minecraftforge.fml.loading.moddiscovery.ModFileParser/LOADING]: Considering mod file candidate C:\ServerMine\mods\DynamicTreesPlus-1.20.1-1.2.2.jar
[01Mar2026 21:48:41.782] [main/DEBUG] [net.minecraftforge.fml.loading.moddiscovery.ModFileInfo/LOADING]: Found valid mod file DynamicTreesPlus-1.20.1-1.2.2.jar with {dynamictreesplus} mods - versions {1.20.1-1.2.2}
[01Mar2026 21:48:41.782] [main/DEBUG] [net.minecraftforge.fml.loading.moddiscovery.ModFile/LOADING]: Loading mod file C:\ServerMine\mods\DynamicTreesPlus-1.20.1-1.2.2.jar with languages [LanguageSpec[languageName=javafml, acceptedVersions=[47,)]]
[01Mar2026 21:48:41.782] [main/DEBUG] [net.minecraftforge.fml.loading.moddiscovery.ModFileParser/LOADING]: Considering mod file candidate C:\ServerMine\mods\createdieselgenerators-1.20.1-1.3.8.jar
[01Mar2026 21:48:41.782] [main/DEBUG] [net.minecraftforge.fml.loading.moddiscovery.ModFileInfo/LOADING]: Found valid mod file createdieselgenerators-1.20.1-1.3.8.jar with {createdieselgenerators} mods - versions {1.20.1-1.3.8}
[01Mar2026 21:48:41.782] [main/DEBUG] [net.minecraftforge.fml.loading.moddiscovery.ModFile/LOADING]: Loading mod file C:\ServerMine\mods\createdieselgenerators-1.20.1-1.3.8.jar with languages [LanguageSpec[languageName=javafml, acceptedVersions=[40,)]]
[01Mar2026 21:48:41.782] [main/DEBUG] [net.minecraftforge.fml.loading.moddiscovery.ModFileParser/LOADING]: Considering mod file candidate C:\ServerMine\mods\warborn_recipes-1.0.1.jar
[01Mar2026 21:48:41.782] [main/DEBUG] [net.minecraftforge.fml.loading.moddiscovery.ModFileInfo/LOADING]: Found valid mod file warborn_recipes-1.0.1.jar with {warborn_recipes} mods - versions {1.0.1}
[01Mar2026 21:48:41.782] [main/DEBUG] [net.minecraftforge.fml.loading.moddiscovery.ModFile/LOADING]: Loading mod file C:\ServerMine\mods\warborn_recipes-1.0.1.jar with languages [LanguageSpec[languageName=javafml, acceptedVersions=[47,)]]
[01Mar2026 21:48:41.782] [main/DEBUG] [net.minecraftforge.fml.loading.moddiscovery.ModFileParser/LOADING]: Considering mod file candidate C:\ServerMine\mods\MineTraps-1.20.2-(v.2.3.0a).jar
[01Mar2026 21:48:41.782] [main/DEBUG] [net.minecraftforge.fml.loading.moddiscovery.ModFileInfo/LOADING]: Found valid mod file MineTraps-1.20.2-(v.2.3.0a).jar with {minetraps} mods - versions {2.3.0a}
[01Mar2026 21:48:41.782] [main/DEBUG] [net.minecraftforge.fml.loading.moddiscovery.ModFile/LOADING]: Loading mod file C:\ServerMine\mods\MineTraps-1.20.2-(v.2.3.0a).jar with languages [LanguageSpec[languageName=javafml, acceptedVersions=[46,)]]
[01Mar2026 21:48:41.782] [main/DEBUG] [net.minecraftforge.fml.loading.moddiscovery.ModFileParser/LOADING]: Considering mod file candidate C:\ServerMine\mods\The-Hordes-1.20.1-1.5.4c.jar
[01Mar2026 21:48:41.783] [main/DEBUG] [net.minecraftforge.fml.loading.moddiscovery.ModFileInfo/LOADING]: Found valid mod file The-Hordes-1.20.1-1.5.4c.jar with {hordes} mods - versions {1.5.4c}
[01Mar2026 21:48:41.783] [main/DEBUG] [net.minecraftforge.fml.loading.moddiscovery.ModFile/LOADING]: Loading mod file C:\ServerMine\mods\The-Hordes-1.20.1-1.5.4c.jar with languages [LanguageSpec[languageName=javafml, acceptedVersions=[34,)]]
[01Mar2026 21:48:41.783] [main/DEBUG] [net.minecraftforge.fml.loading.moddiscovery.ModFileParser/LOADING]: Considering mod file candidate C:\ServerMine\mods\K-Turrets-3.0.44-1.20.1.jar
[01Mar2026 21:48:41.783] [main/DEBUG] [net.minecraftforge.fml.loading.moddiscovery.ModFileInfo/LOADING]: Found valid mod file K-Turrets-3.0.44-1.20.1.jar with {k_turrets} mods - versions {3.0.44-1.20.1}
[01Mar2026 21:48:41.783] [main/DEBUG] [net.minecraftforge.fml.loading.moddiscovery.ModFile/LOADING]: Loading mod file C:\ServerMine\mods\K-Turrets-3.0.44-1.20.1.jar with languages [LanguageSpec[languageName=javafml, acceptedVersions=[46,)]]
[01Mar2026 21:48:41.783] [main/DEBUG] [net.minecraftforge.fml.loading.moddiscovery.ModFileParser/LOADING]: Considering mod file candidate C:\ServerMine\mods\bbs-1.20.1-0.1.3-forge.jar
[01Mar2026 21:48:41.783] [main/DEBUG] [net.minecraftforge.fml.loading.moddiscovery.ModFileInfo/LOADING]: Found valid mod file bbs-1.20.1-0.1.3-forge.jar with {bbs} mods - versions {1.20.1-0.1.3}
[01Mar2026 21:48:41.783] [main/DEBUG] [net.minecraftforge.fml.loading.moddiscovery.ModFile/LOADING]: Loading mod file C:\ServerMine\mods\bbs-1.20.1-0.1.3-forge.jar with languages [LanguageSpec[languageName=lowcodefml, acceptedVersions=[46,)]]
[01Mar2026 21:48:41.783] [main/DEBUG] [net.minecraftforge.fml.loading.moddiscovery.ModFileParser/LOADING]: Considering mod file candidate C:\ServerMine\mods\chat_heads-0.15.0-forge-1.20.jar
[01Mar2026 21:48:41.783] [main/DEBUG] [net.minecraftforge.fml.loading.moddiscovery.ModFileInfo/LOADING]: Found valid mod file chat_heads-0.15.0-forge-1.20.jar with {chat_heads} mods - versions {0.15.0}
[01Mar2026 21:48:41.783] [main/DEBUG] [net.minecraftforge.fml.loading.moddiscovery.ModFile/LOADING]: Loading mod file C:\ServerMine\mods\chat_heads-0.15.0-forge-1.20.jar with languages [LanguageSpec[languageName=javafml, acceptedVersions=[44,)]]
[01Mar2026 21:48:41.783] [main/DEBUG] [net.minecraftforge.fml.loading.moddiscovery.ModFileParser/LOADING]: Considering mod file candidate C:\ServerMine\mods\JustEnoughResources-1.20.1-1.4.0.247.jar
[01Mar2026 21:48:41.784] [main/DEBUG] [net.minecraftforge.fml.loading.moddiscovery.ModFileInfo/LOADING]: Found valid mod file JustEnoughResources-1.20.1-1.4.0.247.jar with {jeresources} mods - versions {1.4.0.247}
[01Mar2026 21:48:41.784] [main/DEBUG] [net.minecraftforge.fml.loading.moddiscovery.ModFile/LOADING]: Loading mod file C:\ServerMine\mods\JustEnoughResources-1.20.1-1.4.0.247.jar with languages [LanguageSpec[languageName=javafml, acceptedVersions=[47,)]]
[01Mar2026 21:48:41.784] [main/DEBUG] [net.minecraftforge.fml.loading.moddiscovery.ModFileParser/LOADING]: Considering mod file candidate C:\ServerMine\mods\cloth-config-11.1.136-forge.jar
[01Mar2026 21:48:41.784] [main/DEBUG] [net.minecraftforge.fml.loading.moddiscovery.ModFileInfo/LOADING]: Found valid mod file cloth-config-11.1.136-forge.jar with {cloth_config} mods - versions {11.1.136}
[01Mar2026 21:48:41.784] [main/DEBUG] [net.minecraftforge.fml.loading.moddiscovery.ModFile/LOADING]: Loading mod file C:\ServerMine\mods\cloth-config-11.1.136-forge.jar with languages [LanguageSpec[languageName=javafml, acceptedVersions=[34,)]]
[01Mar2026 21:48:41.784] [main/DEBUG] [net.minecraftforge.fml.loading.moddiscovery.ModFileParser/LOADING]: Considering mod file candidate C:\ServerMine\mods\combatlog-forge-2.6+1.20.1.jar
[01Mar2026 21:48:41.784] [main/DEBUG] [net.minecraftforge.fml.loading.moddiscovery.ModFileInfo/LOADING]: Found valid mod file combatlog-forge-2.6+1.20.1.jar with {combatlog} mods - versions {2.6}
[01Mar2026 21:48:41.784] [main/DEBUG] [net.minecraftforge.fml.loading.moddiscovery.ModFile/LOADING]: Loading mod file C:\ServerMine\mods\combatlog-forge-2.6+1.20.1.jar with languages [LanguageSpec[languageName=javafml, acceptedVersions=*]]
[01Mar2026 21:48:41.784] [main/DEBUG] [net.minecraftforge.fml.loading.moddiscovery.ModFileParser/LOADING]: Considering mod file candidate C:\ServerMine\mods\DynamicTreesSoilsCompat-1.0.1.jar
[01Mar2026 21:48:41.784] [main/DEBUG] [net.minecraftforge.fml.loading.moddiscovery.ModFileInfo/LOADING]: Found valid mod file DynamicTreesSoilsCompat-1.0.1.jar with {dtsoilscompat} mods - versions {1.0.1}
[01Mar2026 21:48:41.784] [main/DEBUG] [net.minecraftforge.fml.loading.moddiscovery.ModFile/LOADING]: Loading mod file C:\ServerMine\mods\DynamicTreesSoilsCompat-1.0.1.jar with languages [LanguageSpec[languageName=javafml, acceptedVersions=[40,)]]
[01Mar2026 21:48:41.784] [main/DEBUG] [net.minecraftforge.fml.loading.moddiscovery.ModFileParser/LOADING]: Considering mod file candidate C:\ServerMine\mods\athena-forge-1.20.1-3.1.2.jar
[01Mar2026 21:48:41.784] [main/DEBUG] [net.minecraftforge.fml.loading.moddiscovery.ModFileInfo/LOADING]: Found valid mod file athena-forge-1.20.1-3.1.2.jar with {athena} mods - versions {3.1.2}
[01Mar2026 21:48:41.784] [main/DEBUG] [net.minecraftforge.fml.loading.moddiscovery.ModFile/LOADING]: Loading mod file C:\ServerMine\mods\athena-forge-1.20.1-3.1.2.jar with languages [LanguageSpec[languageName=javafml, acceptedVersions=[47,)]]
[01Mar2026 21:48:41.784] [main/DEBUG] [net.minecraftforge.fml.loading.moddiscovery.ModFileParser/LOADING]: Considering mod file candidate C:\ServerMine\mods\cw_additions-1.1.6b-RELEASE-1.0-forge-1.20.1.jar
[01Mar2026 21:48:41.784] [main/DEBUG] [net.minecraftforge.fml.loading.moddiscovery.ModFileInfo/LOADING]: Found valid mod file cw_additions-1.1.6b-RELEASE-1.0-forge-1.20.1.jar with {cw_additions} mods - versions {1.1.6}
[01Mar2026 21:48:41.784] [main/DEBUG] [net.minecraftforge.fml.loading.moddiscovery.ModFile/LOADING]: Loading mod file C:\ServerMine\mods\cw_additions-1.1.6b-RELEASE-1.0-forge-1.20.1.jar with languages [LanguageSpec[languageName=javafml, acceptedVersions=[47,)]]
[01Mar2026 21:48:41.784] [main/DEBUG] [net.minecraftforge.fml.loading.moddiscovery.ModFileParser/LOADING]: Considering mod file candidate C:\ServerMine\mods\embeddium-0.3.31+mc1.20.1.jar
[01Mar2026 21:48:41.785] [main/DEBUG] [net.minecraftforge.fml.loading.moddiscovery.ModFileInfo/LOADING]: Found valid mod file embeddium-0.3.31+mc1.20.1.jar with {embeddium,rubidium} mods - versions {0.3.31+mc1.20.1,0.7.1}
[01Mar2026 21:48:41.785] [main/DEBUG] [net.minecraftforge.fml.loading.moddiscovery.ModFile/LOADING]: Loading mod file C:\ServerMine\mods\embeddium-0.3.31+mc1.20.1.jar with languages [LanguageSpec[languageName=javafml, acceptedVersions=[47,)]]
[01Mar2026 21:48:41.785] [main/DEBUG] [net.minecraftforge.fml.loading.moddiscovery.ModFileParser/LOADING]: Considering mod file candidate C:\ServerMine\mods\GeophilicReforged-v1.2.0.jar
[01Mar2026 21:48:41.785] [main/DEBUG] [net.minecraftforge.fml.loading.moddiscovery.ModFileInfo/LOADING]: Found valid mod file GeophilicReforged-v1.2.0.jar with {geophilic_reforged} mods - versions {1.2.0}
[01Mar2026 21:48:41.785] [main/DEBUG] [net.minecraftforge.fml.loading.moddiscovery.ModFile/LOADING]: Loading mod file C:\ServerMine\mods\GeophilicReforged-v1.2.0.jar with languages [LanguageSpec[languageName=lowcodefml, acceptedVersions=[41,99)]]
[01Mar2026 21:48:41.785] [main/DEBUG] [net.minecraftforge.fml.loading.moddiscovery.ModFileParser/LOADING]: Considering mod file candidate C:\ServerMine\mods\corpse-forge-1.20.1-1.0.23.jar
[01Mar2026 21:48:41.786] [main/DEBUG] [net.minecraftforge.fml.loading.moddiscovery.ModFileInfo/LOADING]: Found valid mod file corpse-forge-1.20.1-1.0.23.jar with {corpse} mods - versions {1.20.1-1.0.23}
[01Mar2026 21:48:41.786] [main/DEBUG] [net.minecraftforge.fml.loading.moddiscovery.ModFile/LOADING]: Loading mod file C:\ServerMine\mods\corpse-forge-1.20.1-1.0.23.jar with languages [LanguageSpec[languageName=javafml, acceptedVersions=*]]
[01Mar2026 21:48:41.786] [main/DEBUG] [net.minecraftforge.fml.loading.moddiscovery.ModFileParser/LOADING]: Considering mod file candidate C:\ServerMine\mods\DynamicTreesTerralith-1.20.1-1.2.6.jar
[01Mar2026 21:48:41.786] [main/DEBUG] [net.minecraftforge.fml.loading.moddiscovery.ModFileInfo/LOADING]: Found valid mod file DynamicTreesTerralith-1.20.1-1.2.6.jar with {dtterralith} mods - versions {1.20.1-1.2.6}
[01Mar2026 21:48:41.786] [main/DEBUG] [net.minecraftforge.fml.loading.moddiscovery.ModFile/LOADING]: Loading mod file C:\ServerMine\mods\DynamicTreesTerralith-1.20.1-1.2.6.jar with languages [LanguageSpec[languageName=javafml, acceptedVersions=[47,)]]
[01Mar2026 21:48:41.786] [main/DEBUG] [net.minecraftforge.fml.loading.moddiscovery.ModFileParser/LOADING]: Considering mod file candidate C:\ServerMine\mods\tenshilib-1.20.1-1.7.6-forge.jar
[01Mar2026 21:48:41.786] [main/DEBUG] [net.minecraftforge.fml.loading.moddiscovery.ModFileInfo/LOADING]: Found valid mod file tenshilib-1.20.1-1.7.6-forge.jar with {tenshilib} mods - versions {1.20.1-1.7.6}
[01Mar2026 21:48:41.787] [main/DEBUG] [net.minecraftforge.fml.loading.moddiscovery.ModFile/LOADING]: Loading mod file C:\ServerMine\mods\tenshilib-1.20.1-1.7.6-forge.jar with languages [LanguageSpec[languageName=javafml, acceptedVersions=[0.14.21,)]]
[01Mar2026 21:48:41.787] [main/DEBUG] [net.minecraftforge.fml.loading.moddiscovery.ModFileParser/LOADING]: Considering mod file candidate C:\ServerMine\mods\combatroll-forge-1.3.3+1.20.1.jar
[01Mar2026 21:48:41.787] [main/DEBUG] [net.minecraftforge.fml.loading.moddiscovery.ModFileInfo/LOADING]: Found valid mod file combatroll-forge-1.3.3+1.20.1.jar with {combatroll} mods - versions {1.3.3+1.20.1}
[01Mar2026 21:48:41.787] [main/DEBUG] [net.minecraftforge.fml.loading.moddiscovery.ModFile/LOADING]: Loading mod file C:\ServerMine\mods\combatroll-forge-1.3.3+1.20.1.jar with languages [LanguageSpec[languageName=javafml, acceptedVersions=[39,)]]
[01Mar2026 21:48:41.787] [main/DEBUG] [net.minecraftforge.fml.loading.moddiscovery.ModFileParser/LOADING]: Considering mod file candidate C:\ServerMine\mods\handcrafted-forge-1.20.1-3.0.6.jar
[01Mar2026 21:48:41.787] [main/DEBUG] [net.minecraftforge.fml.loading.moddiscovery.ModFileInfo/LOADING]: Found valid mod file handcrafted-forge-1.20.1-3.0.6.jar with {handcrafted} mods - versions {3.0.6}
[01Mar2026 21:48:41.787] [main/DEBUG] [net.minecraftforge.fml.loading.moddiscovery.ModFile/LOADING]: Loading mod file C:\ServerMine\mods\handcrafted-forge-1.20.1-3.0.6.jar with languages [LanguageSpec[languageName=javafml, acceptedVersions=[47,)]]
[01Mar2026 21:48:41.787] [main/DEBUG] [net.minecraftforge.fml.loading.moddiscovery.ModFileParser/LOADING]: Considering mod file candidate C:\ServerMine\mods\warrior-1.20.1-3.jar
[01Mar2026 21:48:41.787] [main/DEBUG] [net.minecraftforge.fml.loading.moddiscovery.ModFileInfo/LOADING]: Found valid mod file warrior-1.20.1-3.jar with {warrior} mods - versions {1.20.1-3}
[01Mar2026 21:48:41.787] [main/DEBUG] [net.minecraftforge.fml.loading.moddiscovery.ModFile/LOADING]: Loading mod file C:\ServerMine\mods\warrior-1.20.1-3.jar with languages [LanguageSpec[languageName=javafml, acceptedVersions=[40,)]]
[01Mar2026 21:48:41.787] [main/DEBUG] [net.minecraftforge.fml.loading.moddiscovery.ModFileParser/LOADING]: Considering mod file candidate 
[01Mar2026 21:48:41.788] [main/DEBUG] [net.minecraftforge.fml.loading.moddiscovery.ModFileInfo/LOADING]: Found valid mod file mod-4.0.11.jar with {gml} mods - versions {4.0.11}
[01Mar2026 21:48:41.788] [main/DEBUG] [net.minecraftforge.fml.loading.moddiscovery.ModFile/LOADING]: Loading mod file  with languages [LanguageSpec[languageName=gml, acceptedVersions=[4.0.11,)]]
[01Mar2026 21:48:41.788] [main/DEBUG] [net.minecraftforge.fml.loading.moddiscovery.ModFileParser/LOADING]: Considering mod file candidate C:\ServerMine\mods\alekiNiftyShips-FORGE-1.20.1-1.0.14.jar
[01Mar2026 21:48:41.788] [main/DEBUG] [net.minecraftforge.fml.loading.moddiscovery.ModFileInfo/LOADING]: Found valid mod file alekiNiftyShips-FORGE-1.20.1-1.0.14.jar with {alekiships} mods - versions {1.0.14}
[01Mar2026 21:48:41.788] [main/DEBUG] [net.minecraftforge.fml.loading.moddiscovery.ModFile/LOADING]: Loading mod file C:\ServerMine\mods\alekiNiftyShips-FORGE-1.20.1-1.0.14.jar with languages [LanguageSpec[languageName=javafml, acceptedVersions=[40,)]]
[01Mar2026 21:48:41.788] [main/DEBUG] [net.minecraftforge.fml.loading.moddiscovery.ModFileParser/LOADING]: Considering mod file candidate C:\ServerMine\mods\fishingoverhaul-1.20.1-1.2.0.jar
[01Mar2026 21:48:41.788] [main/DEBUG] [net.minecraftforge.fml.loading.moddiscovery.ModFileInfo/LOADING]: Found valid mod file fishingoverhaul-1.20.1-1.2.0.jar with {fishingoverhaul} mods - versions {1.20.1-1.2.0}
[01Mar2026 21:48:41.788] [main/DEBUG] [net.minecraftforge.fml.loading.moddiscovery.ModFile/LOADING]: Loading mod file C:\ServerMine\mods\fishingoverhaul-1.20.1-1.2.0.jar with languages [LanguageSpec[languageName=javafml, acceptedVersions=[47,)]]
[01Mar2026 21:48:41.788] [main/DEBUG] [net.minecraftforge.fml.loading.moddiscovery.ModFileParser/LOADING]: Considering mod file candidate C:\ServerMine\mods\lrarmor-1.20.1-0.1.4.4.jar
[01Mar2026 21:48:41.788] [main/DEBUG] [net.minecraftforge.fml.loading.moddiscovery.ModFileInfo/LOADING]: Found valid mod file lrarmor-1.20.1-0.1.4.4.jar with {lrarmor} mods - versions {0.1.4.4}
[01Mar2026 21:48:41.788] [main/DEBUG] [net.minecraftforge.fml.loading.moddiscovery.ModFile/LOADING]: Loading mod file C:\ServerMine\mods\lrarmor-1.20.1-0.1.4.4.jar with languages [LanguageSpec[languageName=javafml, acceptedVersions=[47,)]]
[01Mar2026 21:48:41.788] [main/DEBUG] [net.minecraftforge.fml.loading.moddiscovery.ModFileParser/LOADING]: Considering mod file candidate C:\ServerMine\mods\mcw-trapdoors-1.1.5-mc1.20.1forge.jar
[01Mar2026 21:48:41.789] [main/DEBUG] [net.minecraftforge.fml.loading.moddiscovery.ModFileInfo/LOADING]: Found valid mod file mcw-trapdoors-1.1.5-mc1.20.1forge.jar with {mcwtrpdoors} mods - versions {1.1.5}
[01Mar2026 21:48:41.789] [main/DEBUG] [net.minecraftforge.fml.loading.moddiscovery.ModFile/LOADING]: Loading mod file C:\ServerMine\mods\mcw-trapdoors-1.1.5-mc1.20.1forge.jar with languages [LanguageSpec[languageName=javafml, acceptedVersions=[28,)]]
[01Mar2026 21:48:41.789] [main/DEBUG] [net.minecraftforge.fml.loading.moddiscovery.ModFileParser/LOADING]: Considering mod file candidate C:\ServerMine\mods\propertymodifier-1.20.1-0.1-all.jar
[01Mar2026 21:48:41.789] [main/DEBUG] [net.minecraftforge.fml.loading.moddiscovery.ModFileInfo/LOADING]: Found valid mod file propertymodifier-1.20.1-0.1-all.jar with {propertymodifier} mods - versions {0.3.3}
[01Mar2026 21:48:41.789] [main/DEBUG] [net.minecraftforge.fml.loading.moddiscovery.ModFile/LOADING]: Loading mod file C:\ServerMine\mods\propertymodifier-1.20.1-0.1-all.jar with languages [LanguageSpec[languageName=javafml, acceptedVersions=[47,)]]
[01Mar2026 21:48:41.789] [main/DEBUG] [net.minecraftforge.fml.loading.moddiscovery.ModFileParser/LOADING]: Considering mod file candidate C:\ServerMine\mods\Extinction Z 1.20.1 1.1.3.jar
[01Mar2026 21:48:41.789] [main/DEBUG] [net.minecraftforge.fml.loading.moddiscovery.ModFileInfo/LOADING]: Found valid mod file Extinction Z 1.20.1 1.1.3.jar with {extinction} mods - versions {1.1.0}
[01Mar2026 21:48:41.789] [main/DEBUG] [net.minecraftforge.fml.loading.moddiscovery.ModFile/LOADING]: Loading mod file C:\ServerMine\mods\Extinction Z 1.20.1 1.1.3.jar with languages [LanguageSpec[languageName=javafml, acceptedVersions=[47,)]]
[01Mar2026 21:48:41.789] [main/DEBUG] [net.minecraftforge.fml.loading.moddiscovery.ModFileParser/LOADING]: Considering mod file candidate C:\ServerMine\mods\DimensionAccessManager-1.20.1-3.1.0.jar
[01Mar2026 21:48:41.789] [main/DEBUG] [net.minecraftforge.fml.loading.moddiscovery.ModFileInfo/LOADING]: Found valid mod file DimensionAccessManager-1.20.1-3.1.0.jar with {dimension_access_manager} mods - versions {3.1.0}
[01Mar2026 21:48:41.789] [main/DEBUG] [net.minecraftforge.fml.loading.moddiscovery.ModFile/LOADING]: Loading mod file C:\ServerMine\mods\DimensionAccessManager-1.20.1-3.1.0.jar with languages [LanguageSpec[languageName=javafml, acceptedVersions=[47,)]]
[01Mar2026 21:48:41.789] [main/DEBUG] [net.minecraftforge.fml.loading.moddiscovery.ModFileParser/LOADING]: Considering mod file candidate C:\ServerMine\mods\PhilipsRuins1.20.1-5.7.jar
[01Mar2026 21:48:41.790] [main/DEBUG] [net.minecraftforge.fml.loading.moddiscovery.ModFileInfo/LOADING]: Found valid mod file PhilipsRuins1.20.1-5.7.jar with {philipsruins} mods - versions {5.6}
[01Mar2026 21:48:41.790] [main/DEBUG] [net.minecraftforge.fml.loading.moddiscovery.ModFile/LOADING]: Loading mod file C:\ServerMine\mods\PhilipsRuins1.20.1-5.7.jar with languages [LanguageSpec[languageName=javafml, acceptedVersions=[47,)]]
[01Mar2026 21:48:41.790] [main/DEBUG] [net.minecraftforge.fml.loading.moddiscovery.ModFileParser/LOADING]: Considering mod file candidate C:\ServerMine\mods\spark-1.10.53-forge.jar
[01Mar2026 21:48:41.790] [main/DEBUG] [net.minecraftforge.fml.loading.moddiscovery.ModFileInfo/LOADING]: Found valid mod file spark-1.10.53-forge.jar with {spark} mods - versions {1.10.53}
[01Mar2026 21:48:41.790] [main/DEBUG] [net.minecraftforge.fml.loading.moddiscovery.ModFile/LOADING]: Loading mod file C:\ServerMine\mods\spark-1.10.53-forge.jar with languages [LanguageSpec[languageName=javafml, acceptedVersions=[34,)]]
[01Mar2026 21:48:41.790] [main/DEBUG] [net.minecraftforge.fml.loading.moddiscovery.ModFileParser/LOADING]: Considering mod file candidate C:\ServerMine\mods\Sky's Overworld Netherite 2.8 1.20.1 Forge.jar
[01Mar2026 21:48:41.790] [main/DEBUG] [net.minecraftforge.fml.loading.moddiscovery.ModFileInfo/LOADING]: Found valid mod file Sky's Overworld Netherite 2.8 1.20.1 Forge.jar with {overworld_netherite_ore} mods - versions {2.8}
[01Mar2026 21:48:41.790] [main/DEBUG] [net.minecraftforge.fml.loading.moddiscovery.ModFile/LOADING]: Loading mod file C:\ServerMine\mods\Sky's Overworld Netherite 2.8 1.20.1 Forge.jar with languages [LanguageSpec[languageName=javafml, acceptedVersions=[47,)]]
[01Mar2026 21:48:41.790] [main/DEBUG] [net.minecraftforge.fml.loading.moddiscovery.ModFileParser/LOADING]: Considering mod file candidate C:\ServerMine\mods\Gunfire Overhaul-0.1.5-a Forge-1.20.1.jar
[01Mar2026 21:48:41.790] [main/DEBUG] [net.minecraftforge.fml.loading.moddiscovery.ModFileInfo/LOADING]: Found valid mod file Gunfire Overhaul-0.1.5-a Forge-1.20.1.jar with {gunfireoverhaul} mods - versions {0.1.5-a}
[01Mar2026 21:48:41.790] [main/DEBUG] [net.minecraftforge.fml.loading.moddiscovery.ModFile/LOADING]: Loading mod file C:\ServerMine\mods\Gunfire Overhaul-0.1.5-a Forge-1.20.1.jar with languages [LanguageSpec[languageName=javafml, acceptedVersions=[47,)]]
[01Mar2026 21:48:41.791] [main/DEBUG] [net.minecraftforge.fml.loading.moddiscovery.ModFileParser/LOADING]: Considering mod file candidate C:\ServerMine\mods\curios-forge-5.14.1+1.20.1.jar
[01Mar2026 21:48:41.791] [main/DEBUG] [net.minecraftforge.fml.loading.moddiscovery.ModFileInfo/LOADING]: Found valid mod file curios-forge-5.14.1+1.20.1.jar with {curios} mods - versions {5.14.1+1.20.1}
[01Mar2026 21:48:41.791] [main/DEBUG] [net.minecraftforge.fml.loading.moddiscovery.ModFile/LOADING]: Loading mod file C:\ServerMine\mods\curios-forge-5.14.1+1.20.1.jar with languages [LanguageSpec[languageName=javafml, acceptedVersions=[41,)]]
[01Mar2026 21:48:41.791] [main/DEBUG] [net.minecraftforge.fml.loading.moddiscovery.ModFileParser/LOADING]: Considering mod file candidate C:\ServerMine\mods\itemblacklist-1.20.1-1.1.5.jar
[01Mar2026 21:48:41.791] [main/DEBUG] [net.minecraftforge.fml.loading.moddiscovery.ModFileInfo/LOADING]: Found valid mod file itemblacklist-1.20.1-1.1.5.jar with {itemblacklist} mods - versions {1.20.1-1.1.5}
[01Mar2026 21:48:41.791] [main/DEBUG] [net.minecraftforge.fml.loading.moddiscovery.ModFile/LOADING]: Loading mod file C:\ServerMine\mods\itemblacklist-1.20.1-1.1.5.jar with languages [LanguageSpec[languageName=javafml, acceptedVersions=[41,)]]
[01Mar2026 21:48:41.791] [main/DEBUG] [net.minecraftforge.fml.loading.moddiscovery.ModFileParser/LOADING]: Considering mod file candidate C:\ServerMine\mods\oculus-mc1.20.1-1.8.0.jar
[01Mar2026 21:48:41.791] [main/DEBUG] [net.minecraftforge.fml.loading.moddiscovery.ModFileInfo/LOADING]: Found valid mod file oculus-mc1.20.1-1.8.0.jar with {oculus} mods - versions {1.8.0}
[01Mar2026 21:48:41.791] [main/DEBUG] [net.minecraftforge.fml.loading.moddiscovery.ModFile/LOADING]: Loading mod file C:\ServerMine\mods\oculus-mc1.20.1-1.8.0.jar with languages [LanguageSpec[languageName=javafml, acceptedVersions=*]]
[01Mar2026 21:48:41.791] [main/DEBUG] [net.minecraftforge.fml.loading.moddiscovery.ModFileParser/LOADING]: Considering mod file candidate C:\ServerMine\mods\rightclickharvest-forge-4.6.1+1.20.1.jar
[01Mar2026 21:48:41.792] [main/DEBUG] [net.minecraftforge.fml.loading.moddiscovery.ModFileInfo/LOADING]: Found valid mod file rightclickharvest-forge-4.6.1+1.20.1.jar with {rightclickharvest} mods - versions {4.6.1+1.20.1}
[01Mar2026 21:48:41.792] [main/DEBUG] [net.minecraftforge.fml.loading.moddiscovery.ModFile/LOADING]: Loading mod file C:\ServerMine\mods\rightclickharvest-forge-4.6.1+1.20.1.jar with languages [LanguageSpec[languageName=javafml, acceptedVersions=[47,)]]
[01Mar2026 21:48:41.792] [main/DEBUG] [net.minecraftforge.fml.loading.moddiscovery.ModFileParser/LOADING]: Considering mod file candidate 
[01Mar2026 21:48:41.792] [main/DEBUG] [net.minecraftforge.fml.loading.moddiscovery.ModFileInfo/LOADING]: Found valid mod file cgl-1.20-forge-0.3.3.jar with {commongroovylibrary} mods - versions {0.3.3}
[01Mar2026 21:48:41.792] [main/DEBUG] [net.minecraftforge.fml.loading.moddiscovery.ModFile/LOADING]: Loading mod file  with languages [LanguageSpec[languageName=gml, acceptedVersions=[1,)]]
[01Mar2026 21:48:41.792] [main/DEBUG] [net.minecraftforge.fml.loading.moddiscovery.ModFileParser/LOADING]: Considering mod file candidate C:\ServerMine\mods\Searchables-forge-1.20.1-1.0.3.jar
[01Mar2026 21:48:41.792] [main/DEBUG] [net.minecraftforge.fml.loading.moddiscovery.ModFileInfo/LOADING]: Found valid mod file Searchables-forge-1.20.1-1.0.3.jar with {searchables} mods - versions {1.0.3}
[01Mar2026 21:48:41.792] [main/DEBUG] [net.minecraftforge.fml.loading.moddiscovery.ModFile/LOADING]: Loading mod file C:\ServerMine\mods\Searchables-forge-1.20.1-1.0.3.jar with languages [LanguageSpec[languageName=javafml, acceptedVersions=[41,)]]
[01Mar2026 21:48:41.792] [main/DEBUG] [net.minecraftforge.fml.loading.moddiscovery.ModFileParser/LOADING]: Considering mod file candidate C:\ServerMine\mods\ApothicAttributes-1.20.1-1.3.7.jar
[01Mar2026 21:48:41.792] [main/DEBUG] [net.minecraftforge.fml.loading.moddiscovery.ModFileInfo/LOADING]: Found valid mod file ApothicAttributes-1.20.1-1.3.7.jar with {attributeslib} mods - versions {1.3.7}
[01Mar2026 21:48:41.792] [main/DEBUG] [net.minecraftforge.fml.loading.moddiscovery.ModFile/LOADING]: Loading mod file C:\ServerMine\mods\ApothicAttributes-1.20.1-1.3.7.jar with languages [LanguageSpec[languageName=javafml, acceptedVersions=[32,)]]
[01Mar2026 21:48:41.794] [main/DEBUG] [net.minecraftforge.fml.loading.moddiscovery.ModFileParser/LOADING]: Found coremod attributeslib_potion_gui_tooltips with Javascript path coremods/potion_gui_tooltips.js
[01Mar2026 21:48:41.794] [main/DEBUG] [net.minecraftforge.fml.loading.moddiscovery.ModFile/LOADING]: Found coremod coremods/potion_gui_tooltips.js
[01Mar2026 21:48:41.794] [main/DEBUG] [net.minecraftforge.fml.loading.moddiscovery.ModFileParser/LOADING]: Considering mod file candidate C:\ServerMine\mods\noisium-forge-2.3.0+mc1.20-1.20.1.jar
[01Mar2026 21:48:41.795] [main/DEBUG] [net.minecraftforge.fml.loading.moddiscovery.ModFileInfo/LOADING]: Found valid mod file noisium-forge-2.3.0+mc1.20-1.20.1.jar with {noisium} mods - versions {2.3.0+mc1.20-1.20.1}
[01Mar2026 21:48:41.795] [main/DEBUG] [net.minecraftforge.fml.loading.moddiscovery.ModFile/LOADING]: Loading mod file C:\ServerMine\mods\noisium-forge-2.3.0+mc1.20-1.20.1.jar with languages [LanguageSpec[languageName=javafml, acceptedVersions=>=47.1.100]]
[01Mar2026 21:48:41.795] [main/DEBUG] [net.minecraftforge.fml.loading.moddiscovery.ModFileParser/LOADING]: Considering mod file candidate C:\ServerMine\mods\Chunk-Pregenerator-1.20-4.4.5.1.jar
[01Mar2026 21:48:41.795] [main/DEBUG] [net.minecraftforge.fml.loading.moddiscovery.ModFileInfo/LOADING]: Found valid mod file Chunk-Pregenerator-1.20-4.4.5.1.jar with {chunkpregen} mods - versions {1.20-4.4.5.1}
[01Mar2026 21:48:41.795] [main/DEBUG] [net.minecraftforge.fml.loading.moddiscovery.ModFile/LOADING]: Loading mod file C:\ServerMine\mods\Chunk-Pregenerator-1.20-4.4.5.1.jar with languages [LanguageSpec[languageName=javafml, acceptedVersions=[46,)]]
[01Mar2026 21:48:41.795] [main/DEBUG] [net.minecraftforge.fml.loading.moddiscovery.ModFileParser/LOADING]: Considering mod file candidate C:\ServerMine\mods\pointblank-forge-1.20.1-1.11.1.jar
[01Mar2026 21:48:41.796] [main/DEBUG] [net.minecraftforge.fml.loading.moddiscovery.ModFileInfo/LOADING]: Found valid mod file pointblank-forge-1.20.1-1.11.1.jar with {pointblank} mods - versions {1.11.1}
[01Mar2026 21:48:41.796] [main/DEBUG] [net.minecraftforge.fml.loading.moddiscovery.ModFile/LOADING]: Loading mod file C:\ServerMine\mods\pointblank-forge-1.20.1-1.11.1.jar with languages [LanguageSpec[languageName=javafml, acceptedVersions=[47,)]]
[01Mar2026 21:48:41.796] [main/DEBUG] [net.minecraftforge.fml.loading.moddiscovery.ModFileParser/LOADING]: Considering mod file candidate C:\ServerMine\mods\max_armory-1.3.0-forge-1.20.1.jar
[01Mar2026 21:48:41.796] [main/DEBUG] [net.minecraftforge.fml.loading.moddiscovery.ModFileInfo/LOADING]: Found valid mod file max_armory-1.3.0-forge-1.20.1.jar with {max_armory} mods - versions {1.3.0}
[01Mar2026 21:48:41.796] [main/DEBUG] [net.minecraftforge.fml.loading.moddiscovery.ModFile/LOADING]: Loading mod file C:\ServerMine\mods\max_armory-1.3.0-forge-1.20.1.jar with languages [LanguageSpec[languageName=javafml, acceptedVersions=[47,)]]
[01Mar2026 21:48:41.796] [main/DEBUG] [net.minecraftforge.fml.loading.moddiscovery.ModFileParser/LOADING]: Considering mod file candidate C:\ServerMine\mods\Atlas Lib-1.20.1-1.1.12.jar
[01Mar2026 21:48:41.796] [main/DEBUG] [net.minecraftforge.fml.loading.moddiscovery.ModFileInfo/LOADING]: Found valid mod file Atlas Lib-1.20.1-1.1.12.jar with {atlaslib} mods - versions {1.1.12}
[01Mar2026 21:48:41.796] [main/DEBUG] [net.minecraftforge.fml.loading.moddiscovery.ModFile/LOADING]: Loading mod file C:\ServerMine\mods\Atlas Lib-1.20.1-1.1.12.jar with languages [LanguageSpec[languageName=javafml, acceptedVersions=[46,)]]
[01Mar2026 21:48:41.796] [main/DEBUG] [net.minecraftforge.fml.loading.moddiscovery.ModFileParser/LOADING]: Considering mod file candidate C:\ServerMine\mods\Butchersdelight beta 1.20.1 2.1.0.jar
[01Mar2026 21:48:41.796] [main/DEBUG] [net.minecraftforge.fml.loading.moddiscovery.ModFileInfo/LOADING]: Found valid mod file Butchersdelight beta 1.20.1 2.1.0.jar with {butchersdelight} mods - versions {1.20.12.1.0}
[01Mar2026 21:48:41.796] [main/DEBUG] [net.minecraftforge.fml.loading.moddiscovery.ModFile/LOADING]: Loading mod file C:\ServerMine\mods\Butchersdelight beta 1.20.1 2.1.0.jar with languages [LanguageSpec[languageName=javafml, acceptedVersions=[47,)]]
[01Mar2026 21:48:41.797] [main/DEBUG] [net.minecraftforge.fml.loading.moddiscovery.ModFileParser/LOADING]: Considering mod file candidate C:\ServerMine\mods\cfm-forge-1.20.1-7.0.0-pre36.jar
[01Mar2026 21:48:41.797] [main/DEBUG] [net.minecraftforge.fml.loading.moddiscovery.ModFileInfo/LOADING]: Found valid mod file cfm-forge-1.20.1-7.0.0-pre36.jar with {cfm} mods - versions {7.0.0-pre36}
[01Mar2026 21:48:41.797] [main/DEBUG] [net.minecraftforge.fml.loading.moddiscovery.ModFile/LOADING]: Loading mod file C:\ServerMine\mods\cfm-forge-1.20.1-7.0.0-pre36.jar with languages [LanguageSpec[languageName=javafml, acceptedVersions=[39,)]]
[01Mar2026 21:48:41.797] [main/DEBUG] [net.minecraftforge.fml.loading.moddiscovery.ModFileParser/LOADING]: Considering mod file candidate C:\ServerMine\mods\doomsday_decoration-1.1.3-forge-1.20.1.jar
[01Mar2026 21:48:41.797] [main/DEBUG] [net.minecraftforge.fml.loading.moddiscovery.ModFileInfo/LOADING]: Found valid mod file doomsday_decoration-1.1.3-forge-1.20.1.jar with {doomsday_decoration} mods - versions {1.0.0}
[01Mar2026 21:48:41.797] [main/DEBUG] [net.minecraftforge.fml.loading.moddiscovery.ModFile/LOADING]: Loading mod file C:\ServerMine\mods\doomsday_decoration-1.1.3-forge-1.20.1.jar with languages [LanguageSpec[languageName=javafml, acceptedVersions=[47,)]]
[01Mar2026 21:48:41.797] [main/DEBUG] [net.minecraftforge.fml.loading.moddiscovery.ModFileParser/LOADING]: Considering mod file candidate C:\ServerMine\mods\UniLib-1.2.0+1.20.1-forge.jar
[01Mar2026 21:48:41.797] [main/DEBUG] [net.minecraftforge.fml.loading.moddiscovery.ModFileInfo/LOADING]: Found valid mod file UniLib-1.2.0+1.20.1-forge.jar with {unilib} mods - versions {1.2.0}
[01Mar2026 21:48:41.797] [main/DEBUG] [net.minecraftforge.fml.loading.moddiscovery.ModFile/LOADING]: Loading mod file C:\ServerMine\mods\UniLib-1.2.0+1.20.1-forge.jar with languages [LanguageSpec[languageName=javafml, acceptedVersions=[46,)]]
[01Mar2026 21:48:41.797] [main/DEBUG] [net.minecraftforge.fml.loading.moddiscovery.ModFileParser/LOADING]: Considering mod file candidate C:\ServerMine\mods\KryptonReforged-0.2.3.jar
[01Mar2026 21:48:41.797] [main/DEBUG] [net.minecraftforge.fml.loading.moddiscovery.ModFileInfo/LOADING]: Found valid mod file KryptonReforged-0.2.3.jar with {krypton} mods - versions {0.2.3}
[01Mar2026 21:48:41.797] [main/DEBUG] [net.minecraftforge.fml.loading.moddiscovery.ModFile/LOADING]: Loading mod file C:\ServerMine\mods\KryptonReforged-0.2.3.jar with languages [LanguageSpec[languageName=javafml, acceptedVersions=[38,)]]
[01Mar2026 21:48:41.798] [main/DEBUG] [net.minecraftforge.fml.loading.moddiscovery.ModFileParser/LOADING]: Considering mod file candidate C:\ServerMine\mods\strayed-fates-forsaken-v1.1.3.2.jar
[01Mar2026 21:48:41.798] [main/DEBUG] [net.minecraftforge.fml.loading.moddiscovery.ModFileInfo/LOADING]: Found valid mod file strayed-fates-forsaken-v1.1.3.2.jar with {strayed_fates_forsaken} mods - versions {1.1.3.2}
[01Mar2026 21:48:41.798] [main/DEBUG] [net.minecraftforge.fml.loading.moddiscovery.ModFile/LOADING]: Loading mod file C:\ServerMine\mods\strayed-fates-forsaken-v1.1.3.2.jar with languages [LanguageSpec[languageName=lowcodefml, acceptedVersions=[1,)]]
[01Mar2026 21:48:41.798] [main/DEBUG] [net.minecraftforge.fml.loading.moddiscovery.ModFileParser/LOADING]: Considering mod file candidate C:\ServerMine\mods\mobtimizations-forge-1.20.1-1.0.0.jar
[01Mar2026 21:48:41.798] [main/DEBUG] [net.minecraftforge.fml.loading.moddiscovery.ModFileInfo/LOADING]: Found valid mod file mobtimizations-forge-1.20.1-1.0.0.jar with {mobtimizations} mods - versions {1.20.1-1.0.0}
[01Mar2026 21:48:41.798] [main/DEBUG] [net.minecraftforge.fml.loading.moddiscovery.ModFile/LOADING]: Loading mod file C:\ServerMine\mods\mobtimizations-forge-1.20.1-1.0.0.jar with languages [LanguageSpec[languageName=javafml, acceptedVersions=[47,)]]
[01Mar2026 21:48:41.798] [main/DEBUG] [net.minecraftforge.fml.loading.moddiscovery.ModFileParser/LOADING]: Considering mod file candidate C:\ServerMine\mods\DynamicTrees-1.20.1-1.4.10.jar
[01Mar2026 21:48:41.798] [main/DEBUG] [net.minecraftforge.fml.loading.moddiscovery.ModFileInfo/LOADING]: Found valid mod file DynamicTrees-1.20.1-1.4.10.jar with {dynamictrees} mods - versions {1.20.1-1.4.10}
[01Mar2026 21:48:41.798] [main/DEBUG] [net.minecraftforge.fml.loading.moddiscovery.ModFile/LOADING]: Loading mod file C:\ServerMine\mods\DynamicTrees-1.20.1-1.4.10.jar with languages [LanguageSpec[languageName=javafml, acceptedVersions=[47,)]]
[01Mar2026 21:48:41.798] [main/DEBUG] [net.minecraftforge.fml.loading.moddiscovery.ModFileParser/LOADING]: Considering mod file candidate C:\ServerMine\mods\YungsBetterMineshafts-1.20-Forge-4.0.4.jar
[01Mar2026 21:48:41.799] [main/DEBUG] [net.minecraftforge.fml.loading.moddiscovery.ModFileInfo/LOADING]: Found valid mod file YungsBetterMineshafts-1.20-Forge-4.0.4.jar with {bettermineshafts} mods - versions {1.20-Forge-4.0.4}
[01Mar2026 21:48:41.799] [main/DEBUG] [net.minecraftforge.fml.loading.moddiscovery.ModFile/LOADING]: Loading mod file C:\ServerMine\mods\YungsBetterMineshafts-1.20-Forge-4.0.4.jar with languages [LanguageSpec[languageName=javafml, acceptedVersions=[46,)]]
[01Mar2026 21:48:41.799] [main/DEBUG] [net.minecraftforge.fml.loading.moddiscovery.ModFileParser/LOADING]: Considering mod file candidate C:\ServerMine\mods\PlayerRevive_FORGE_v2.0.31_mc1.20.1.jar
[01Mar2026 21:48:41.799] [main/DEBUG] [net.minecraftforge.fml.loading.moddiscovery.ModFileInfo/LOADING]: Found valid mod file PlayerRevive_FORGE_v2.0.31_mc1.20.1.jar with {playerrevive} mods - versions {2.0.31}
[01Mar2026 21:48:41.799] [main/DEBUG] [net.minecraftforge.fml.loading.moddiscovery.ModFile/LOADING]: Loading mod file C:\ServerMine\mods\PlayerRevive_FORGE_v2.0.31_mc1.20.1.jar with languages [LanguageSpec[languageName=javafml, acceptedVersions=[46,)]]
[01Mar2026 21:48:41.799] [main/DEBUG] [net.minecraftforge.fml.loading.moddiscovery.ModFileParser/LOADING]: Considering mod file candidate C:\ServerMine\mods\sliceanddice-forge-3.6.0.jar
[01Mar2026 21:48:41.800] [main/DEBUG] [net.minecraftforge.fml.loading.moddiscovery.ModFileInfo/LOADING]: Found valid mod file sliceanddice-forge-3.6.0.jar with {sliceanddice} mods - versions {3.6.0}
[01Mar2026 21:48:41.800] [main/DEBUG] [net.minecraftforge.fml.loading.moddiscovery.ModFile/LOADING]: Loading mod file C:\ServerMine\mods\sliceanddice-forge-3.6.0.jar with languages [LanguageSpec[languageName=javafml, acceptedVersions=[47,)]]
[01Mar2026 21:48:41.800] [main/DEBUG] [net.minecraftforge.fml.loading.moddiscovery.ModFileParser/LOADING]: Considering mod file candidate C:\ServerMine\mods\DripSounds-1.19.4-0.3.2.jar
[01Mar2026 21:48:41.800] [main/DEBUG] [net.minecraftforge.fml.loading.moddiscovery.ModFileInfo/LOADING]: Found valid mod file DripSounds-1.19.4-0.3.2.jar with {waterdripsound} mods - versions {0.3.2}
[01Mar2026 21:48:41.800] [main/DEBUG] [net.minecraftforge.fml.loading.moddiscovery.ModFile/LOADING]: Loading mod file C:\ServerMine\mods\DripSounds-1.19.4-0.3.2.jar with languages [LanguageSpec[languageName=javafml, acceptedVersions=[41,)]]
[01Mar2026 21:48:41.800] [main/DEBUG] [net.minecraftforge.fml.loading.moddiscovery.ModFileParser/LOADING]: Considering mod file candidate C:\ServerMine\mods\SmartBrainLib-forge-1.20.1-1.15.jar
[01Mar2026 21:48:41.800] [main/DEBUG] [net.minecraftforge.fml.loading.moddiscovery.ModFileInfo/LOADING]: Found valid mod file SmartBrainLib-forge-1.20.1-1.15.jar with {smartbrainlib} mods - versions {1.15}
[01Mar2026 21:48:41.800] [main/DEBUG] [net.minecraftforge.fml.loading.moddiscovery.ModFile/LOADING]: Loading mod file C:\ServerMine\mods\SmartBrainLib-forge-1.20.1-1.15.jar with languages [LanguageSpec[languageName=javafml, acceptedVersions=[47,)]]
[01Mar2026 21:48:41.800] [main/DEBUG] [net.minecraftforge.fml.loading.moddiscovery.ModFileParser/LOADING]: Considering mod file candidate C:\ServerMine\mods\createbigcannons-5.11.1-mc.1.20.1-forge.jar
[01Mar2026 21:48:41.801] [main/DEBUG] [net.minecraftforge.fml.loading.moddiscovery.ModFileInfo/LOADING]: Found valid mod file createbigcannons-5.11.1-mc.1.20.1-forge.jar with {createbigcannons} mods - versions {5.11.1}
[01Mar2026 21:48:41.801] [main/DEBUG] [net.minecraftforge.fml.loading.moddiscovery.ModFile/LOADING]: Loading mod file C:\ServerMine\mods\createbigcannons-5.11.1-mc.1.20.1-forge.jar with languages [LanguageSpec[languageName=javafml, acceptedVersions=[47,)]]
[01Mar2026 21:48:41.801] [main/DEBUG] [net.minecraftforge.fml.loading.moddiscovery.ModFileParser/LOADING]: Considering mod file candidate C:\ServerMine\mods\ftb-library-forge-2001.2.12.jar
[01Mar2026 21:48:41.801] [main/DEBUG] [net.minecraftforge.fml.loading.moddiscovery.ModFileInfo/LOADING]: Found valid mod file ftb-library-forge-2001.2.12.jar with {ftblibrary} mods - versions {2001.2.12}
[01Mar2026 21:48:41.801] [main/DEBUG] [net.minecraftforge.fml.loading.moddiscovery.ModFile/LOADING]: Loading mod file C:\ServerMine\mods\ftb-library-forge-2001.2.12.jar with languages [LanguageSpec[languageName=javafml, acceptedVersions=[47,)]]
[01Mar2026 21:48:41.801] [main/DEBUG] [net.minecraftforge.fml.loading.moddiscovery.ModFileParser/LOADING]: Considering mod file candidate C:\ServerMine\mods\MutantMonsters-v8.0.8-1.20.1-Forge.jar
[01Mar2026 21:48:41.801] [main/DEBUG] [net.minecraftforge.fml.loading.moddiscovery.ModFileInfo/LOADING]: Found valid mod file MutantMonsters-v8.0.8-1.20.1-Forge.jar with {mutantmonsters} mods - versions {8.0.8}
[01Mar2026 21:48:41.801] [main/DEBUG] [net.minecraftforge.fml.loading.moddiscovery.ModFile/LOADING]: Loading mod file C:\ServerMine\mods\MutantMonsters-v8.0.8-1.20.1-Forge.jar with languages [LanguageSpec[languageName=javafml, acceptedVersions=[47,)]]
[01Mar2026 21:48:41.801] [main/DEBUG] [net.minecraftforge.fml.loading.moddiscovery.ModFileParser/LOADING]: Considering mod file candidate C:\ServerMine\mods\jei-1.20.1-forge-15.20.0.129.jar
[01Mar2026 21:48:41.801] [main/DEBUG] [net.minecraftforge.fml.loading.moddiscovery.ModFileInfo/LOADING]: Found valid mod file jei-1.20.1-forge-15.20.0.129.jar with {jei} mods - versions {15.20.0.129}
[01Mar2026 21:48:41.801] [main/DEBUG] [net.minecraftforge.fml.loading.moddiscovery.ModFile/LOADING]: Loading mod file C:\ServerMine\mods\jei-1.20.1-forge-15.20.0.129.jar with languages [LanguageSpec[languageName=javafml, acceptedVersions=[47,)]]
[01Mar2026 21:48:41.802] [main/DEBUG] [net.minecraftforge.fml.loading.moddiscovery.ModFileParser/LOADING]: Considering mod file candidate C:\ServerMine\mods\Pehkui-3.8.2+1.20.1-forge.jar
[01Mar2026 21:48:41.802] [main/DEBUG] [net.minecraftforge.fml.loading.moddiscovery.ModFileInfo/LOADING]: Found valid mod file Pehkui-3.8.2+1.20.1-forge.jar with {pehkui} mods - versions {3.8.2+1.20.1-forge}
[01Mar2026 21:48:41.802] [main/DEBUG] [net.minecraftforge.fml.loading.moddiscovery.ModFile/LOADING]: Loading mod file C:\ServerMine\mods\Pehkui-3.8.2+1.20.1-forge.jar with languages [LanguageSpec[languageName=javafml, acceptedVersions=[28,)]]
[01Mar2026 21:48:41.802] [main/DEBUG] [net.minecraftforge.fml.loading.moddiscovery.ModFileParser/LOADING]: Considering mod file candidate C:\ServerMine\mods\Mekanism-1.20.1-10.4.16.80.jar
[01Mar2026 21:48:41.802] [main/DEBUG] [net.minecraftforge.fml.loading.moddiscovery.ModFileInfo/LOADING]: Found valid mod file Mekanism-1.20.1-10.4.16.80.jar with {mekanism} mods - versions {10.4.16}
[01Mar2026 21:48:41.802] [main/DEBUG] [net.minecraftforge.fml.loading.moddiscovery.ModFile/LOADING]: Loading mod file C:\ServerMine\mods\Mekanism-1.20.1-10.4.16.80.jar with languages [LanguageSpec[languageName=javafml, acceptedVersions=[47,)]]
[01Mar2026 21:48:41.802] [main/DEBUG] [net.minecraftforge.fml.loading.moddiscovery.ModFileParser/LOADING]: Considering mod file candidate C:\ServerMine\mods\immersive_weathering-1.20.1-2.0.5-forge.jar
[01Mar2026 21:48:41.802] [main/DEBUG] [net.minecraftforge.fml.loading.moddiscovery.ModFileInfo/LOADING]: Found valid mod file immersive_weathering-1.20.1-2.0.5-forge.jar with {immersive_weathering} mods - versions {1.20.1-2.0.5}
[01Mar2026 21:48:41.803] [main/DEBUG] [net.minecraftforge.fml.loading.moddiscovery.ModFile/LOADING]: Loading mod file C:\ServerMine\mods\immersive_weathering-1.20.1-2.0.5-forge.jar with languages [LanguageSpec[languageName=javafml, acceptedVersions=[40,)]]
[01Mar2026 21:48:41.803] [main/DEBUG] [net.minecraftforge.fml.loading.moddiscovery.ModFileParser/LOADING]: Considering mod file candidate C:\ServerMine\mods\fallingleaves-1.20.1-2.1.2.jar
[01Mar2026 21:48:41.803] [main/DEBUG] [net.minecraftforge.fml.loading.moddiscovery.ModFileInfo/LOADING]: Found valid mod file fallingleaves-1.20.1-2.1.2.jar with {fallingleaves} mods - versions {2.1.2}
[01Mar2026 21:48:41.803] [main/DEBUG] [net.minecraftforge.fml.loading.moddiscovery.ModFile/LOADING]: Loading mod file C:\ServerMine\mods\fallingleaves-1.20.1-2.1.2.jar with languages [LanguageSpec[languageName=javafml, acceptedVersions=[47,)]]
[01Mar2026 21:48:41.803] [main/DEBUG] [net.minecraftforge.fml.loading.moddiscovery.ModFileParser/LOADING]: Considering mod file candidate C:\ServerMine\mods\berezka_api-1.2.8.3-forge-1.20.1.jar
[01Mar2026 21:48:41.803] [main/DEBUG] [net.minecraftforge.fml.loading.moddiscovery.ModFileInfo/LOADING]: Found valid mod file berezka_api-1.2.8.3-forge-1.20.1.jar with {berezka_api} mods - versions {1.2.8.3}
[01Mar2026 21:48:41.803] [main/DEBUG] [net.minecraftforge.fml.loading.moddiscovery.ModFile/LOADING]: Loading mod file C:\ServerMine\mods\berezka_api-1.2.8.3-forge-1.20.1.jar with languages [LanguageSpec[languageName=javafml, acceptedVersions=[47,)]]
[01Mar2026 21:48:41.803] [main/DEBUG] [net.minecraftforge.fml.loading.moddiscovery.ModFileParser/LOADING]: Considering mod file candidate C:\ServerMine\mods\forgivingworld-1.20.1-4.7.jar
[01Mar2026 21:48:41.803] [main/DEBUG] [net.minecraftforge.fml.loading.moddiscovery.ModFileInfo/LOADING]: Found valid mod file forgivingworld-1.20.1-4.7.jar with {forgivingworld} mods - versions {1.20.1-4.7}
[01Mar2026 21:48:41.803] [main/DEBUG] [net.minecraftforge.fml.loading.moddiscovery.ModFile/LOADING]: Loading mod file C:\ServerMine\mods\forgivingworld-1.20.1-4.7.jar with languages [LanguageSpec[languageName=javafml, acceptedVersions=[36,)]]
[01Mar2026 21:48:41.803] [main/DEBUG] [net.minecraftforge.fml.loading.moddiscovery.ModFileParser/LOADING]: Considering mod file candidate C:\ServerMine\mods\EpheroLib-1.20.1-FORGE-1.2.0.jar
[01Mar2026 21:48:41.804] [main/DEBUG] [net.minecraftforge.fml.loading.moddiscovery.ModFileInfo/LOADING]: Found valid mod file EpheroLib-1.20.1-FORGE-1.2.0.jar with {epherolib} mods - versions {0.1.2}
[01Mar2026 21:48:41.804] [main/DEBUG] [net.minecraftforge.fml.loading.moddiscovery.ModFile/LOADING]: Loading mod file C:\ServerMine\mods\EpheroLib-1.20.1-FORGE-1.2.0.jar with languages [LanguageSpec[languageName=javafml, acceptedVersions=[40,)]]
[01Mar2026 21:48:41.804] [main/DEBUG] [net.minecraftforge.fml.loading.moddiscovery.ModFileParser/LOADING]: Considering mod file candidate C:\ServerMine\mods\SereneSeasons-forge-1.20.1-9.1.0.2.jar
[01Mar2026 21:48:41.804] [main/DEBUG] [net.minecraftforge.fml.loading.moddiscovery.ModFileInfo/LOADING]: Found valid mod file SereneSeasons-forge-1.20.1-9.1.0.2.jar with {sereneseasons} mods - versions {9.1.0.2}
[01Mar2026 21:48:41.804] [main/DEBUG] [net.minecraftforge.fml.loading.moddiscovery.ModFile/LOADING]: Loading mod file C:\ServerMine\mods\SereneSeasons-forge-1.20.1-9.1.0.2.jar with languages [LanguageSpec[languageName=javafml, acceptedVersions=[47,)]]
[01Mar2026 21:48:41.804] [main/DEBUG] [net.minecraftforge.fml.loading.moddiscovery.ModFileParser/LOADING]: Considering mod file candidate C:\ServerMine\mods\GlitchCore-forge-1.20.1-0.0.1.1.jar
[01Mar2026 21:48:41.804] [main/DEBUG] [net.minecraftforge.fml.loading.moddiscovery.ModFileInfo/LOADING]: Found valid mod file GlitchCore-forge-1.20.1-0.0.1.1.jar with {glitchcore} mods - versions {0.0.1.1}
[01Mar2026 21:48:41.804] [main/DEBUG] [net.minecraftforge.fml.loading.moddiscovery.ModFile/LOADING]: Loading mod file C:\ServerMine\mods\GlitchCore-forge-1.20.1-0.0.1.1.jar with languages [LanguageSpec[languageName=javafml, acceptedVersions=[47,)]]
[01Mar2026 21:48:41.804] [main/DEBUG] [net.minecraftforge.fml.loading.moddiscovery.ModFileParser/LOADING]: Considering mod file candidate C:\ServerMine\mods\cofh_core-1.20.1-11.0.2.56.jar
[01Mar2026 21:48:41.804] [main/DEBUG] [net.minecraftforge.fml.loading.moddiscovery.ModFileInfo/LOADING]: Found valid mod file cofh_core-1.20.1-11.0.2.56.jar with {cofh_core} mods - versions {11.0.2}
[01Mar2026 21:48:41.804] [main/DEBUG] [net.minecraftforge.fml.loading.moddiscovery.ModFile/LOADING]: Loading mod file C:\ServerMine\mods\cofh_core-1.20.1-11.0.2.56.jar with languages [LanguageSpec[languageName=javafml, acceptedVersions=[47,)]]
[01Mar2026 21:48:41.804] [main/DEBUG] [net.minecraftforge.fml.loading.moddiscovery.ModFileParser/LOADING]: Considering mod file candidate C:\ServerMine\mods\farmers_croptopia-1.20.1-3.2.0.jar
[01Mar2026 21:48:41.804] [main/DEBUG] [net.minecraftforge.fml.loading.moddiscovery.ModFileInfo/LOADING]: Found valid mod file farmers_croptopia-1.20.1-3.2.0.jar with {farmers_croptopia} mods - versions {3.2.0}
[01Mar2026 21:48:41.804] [main/DEBUG] [net.minecraftforge.fml.loading.moddiscovery.ModFile/LOADING]: Loading mod file C:\ServerMine\mods\farmers_croptopia-1.20.1-3.2.0.jar with languages [LanguageSpec[languageName=javafml, acceptedVersions=[47,)]]
[01Mar2026 21:48:41.804] [main/DEBUG] [net.minecraftforge.fml.loading.moddiscovery.ModFileParser/LOADING]: Considering mod file candidate 
[01Mar2026 21:48:41.804] [main/DEBUG] [net.minecraftforge.fml.loading.moddiscovery.ModFileInfo/LOADING]: Found valid mod file midnightlib-1.4.2-forge.jar with {midnightlib} mods - versions {1.4.2}
[01Mar2026 21:48:41.804] [main/DEBUG] [net.minecraftforge.fml.loading.moddiscovery.ModFile/LOADING]: Loading mod file  with languages [LanguageSpec[languageName=javafml, acceptedVersions=[43,)]]
[01Mar2026 21:48:41.804] [main/DEBUG] [net.minecraftforge.fml.loading.moddiscovery.ModFileParser/LOADING]: Considering mod file candidate C:\ServerMine\mods\MutantsZombies-1.3.2-Forge-mc1.20.1.jar
[01Mar2026 21:48:41.805] [main/DEBUG] [net.minecraftforge.fml.loading.moddiscovery.ModFileInfo/LOADING]: Found valid mod file MutantsZombies-1.3.2-Forge-mc1.20.1.jar with {mutantszombies} mods - versions {1.3.2-Forge-mc1.20.1}
[01Mar2026 21:48:41.805] [main/DEBUG] [net.minecraftforge.fml.loading.moddiscovery.ModFile/LOADING]: Loading mod file C:\ServerMine\mods\MutantsZombies-1.3.2-Forge-mc1.20.1.jar with languages [LanguageSpec[languageName=javafml, acceptedVersions=[47,)]]
[01Mar2026 21:48:41.805] [main/DEBUG] [net.minecraftforge.fml.loading.moddiscovery.ModFileParser/LOADING]: Considering mod file candidate C:\ServerMine\mods\table_top_craft-1.20.1-6.1.2.jar
[01Mar2026 21:48:41.805] [main/DEBUG] [net.minecraftforge.fml.loading.moddiscovery.ModFileInfo/LOADING]: Found valid mod file table_top_craft-1.20.1-6.1.2.jar with {table_top_craft} mods - versions {1.20.1-6.1.2}
[01Mar2026 21:48:41.805] [main/DEBUG] [net.minecraftforge.fml.loading.moddiscovery.ModFile/LOADING]: Loading mod file C:\ServerMine\mods\table_top_craft-1.20.1-6.1.2.jar with languages [LanguageSpec[languageName=javafml, acceptedVersions=[46,)]]
[01Mar2026 21:48:41.805] [main/DEBUG] [net.minecraftforge.fml.loading.moddiscovery.ModFileParser/LOADING]: Considering mod file candidate C:\ServerMine\mods\wegotrunnners-0.7.1.1.20.1[SPANISH TRANSLATION UPDATE].jar
[01Mar2026 21:48:41.806] [main/DEBUG] [net.minecraftforge.fml.loading.moddiscovery.ModFileInfo/LOADING]: Found valid mod file wegotrunnners-0.7.1.1.20.1[SPANISH TRANSLATION UPDATE].jar with {wegotrunnners} mods - versions {1.0.0}
[01Mar2026 21:48:41.806] [main/DEBUG] [net.minecraftforge.fml.loading.moddiscovery.ModFile/LOADING]: Loading mod file C:\ServerMine\mods\wegotrunnners-0.7.1.1.20.1[SPANISH TRANSLATION UPDATE].jar with languages [LanguageSpec[languageName=javafml, acceptedVersions=[47,)]]
[01Mar2026 21:48:41.806] [main/DEBUG] [net.minecraftforge.fml.loading.moddiscovery.ModFileParser/LOADING]: Considering mod file candidate C:\ServerMine\mods\SoLOnion_FORGE_v1.4.5_mc1.20.1.jar
[01Mar2026 21:48:41.806] [main/DEBUG] [net.minecraftforge.fml.loading.moddiscovery.ModFileInfo/LOADING]: Found valid mod file SoLOnion_FORGE_v1.4.5_mc1.20.1.jar with {solonion} mods - versions {1.4.5}
[01Mar2026 21:48:41.806] [main/DEBUG] [net.minecraftforge.fml.loading.moddiscovery.ModFile/LOADING]: Loading mod file C:\ServerMine\mods\SoLOnion_FORGE_v1.4.5_mc1.20.1.jar with languages [LanguageSpec[languageName=javafml, acceptedVersions=[46,)]]
[01Mar2026 21:48:41.806] [main/DEBUG] [net.minecraftforge.fml.loading.moddiscovery.ModFileParser/LOADING]: Considering mod file candidate C:\ServerMine\mods\CraftTweaker-forge-1.20.1-14.0.59.jar
[01Mar2026 21:48:41.806] [main/DEBUG] [net.minecraftforge.fml.loading.moddiscovery.ModFileInfo/LOADING]: Found valid mod file CraftTweaker-forge-1.20.1-14.0.59.jar with {crafttweaker} mods - versions {14.0.59}
[01Mar2026 21:48:41.806] [main/DEBUG] [net.minecraftforge.fml.loading.moddiscovery.ModFile/LOADING]: Loading mod file C:\ServerMine\mods\CraftTweaker-forge-1.20.1-14.0.59.jar with languages [LanguageSpec[languageName=javafml, acceptedVersions=[39,)]]
[01Mar2026 21:48:41.806] [main/DEBUG] [net.minecraftforge.fml.loading.moddiscovery.ModFileParser/LOADING]: Considering mod file candidate 
[01Mar2026 21:48:41.807] [main/DEBUG] [net.minecraftforge.fml.loading.moddiscovery.ModFileInfo/LOADING]: Found valid mod file puzzlesaccessapi-forge-20.1.1.jar with {puzzlesaccessapi} mods - versions {20.1.1}
[01Mar2026 21:48:41.807] [main/DEBUG] [net.minecraftforge.fml.loading.moddiscovery.ModFile/LOADING]: Loading mod file  with languages [LanguageSpec[languageName=javafml, acceptedVersions=*]]
[01Mar2026 21:48:41.807] [main/DEBUG] [net.minecraftforge.fml.loading.moddiscovery.ModFileParser/LOADING]: Considering mod file candidate C:\ServerMine\libraries\net\minecraftforge\forge\1.20.1-47.4.16\forge-1.20.1-47.4.16-universal.jar
[01Mar2026 21:48:41.807] [main/DEBUG] [net.minecraftforge.fml.loading.moddiscovery.ModFileInfo/LOADING]: Found valid mod file forge-1.20.1-47.4.16-universal.jar with {forge} mods - versions {47.4.16}
[01Mar2026 21:48:41.807] [main/DEBUG] [net.minecraftforge.fml.loading.moddiscovery.ModFile/LOADING]: Loading mod file C:\ServerMine\libraries\net\minecraftforge\forge\1.20.1-47.4.16\forge-1.20.1-47.4.16-universal.jar with languages [LanguageSpec[languageName=javafml, acceptedVersions=[24,]]]
[01Mar2026 21:48:41.808] [main/DEBUG] [net.minecraftforge.fml.loading.moddiscovery.ModFileParser/LOADING]: Found coremod field_to_method with Javascript path coremods/field_to_method.js
[01Mar2026 21:48:41.808] [main/DEBUG] [net.minecraftforge.fml.loading.moddiscovery.ModFileParser/LOADING]: Found coremod field_to_instanceof with Javascript path coremods/field_to_instanceof.js
[01Mar2026 21:48:41.808] [main/DEBUG] [net.minecraftforge.fml.loading.moddiscovery.ModFileParser/LOADING]: Found coremod add_bouncer_method with Javascript path coremods/add_bouncer_method.js
[01Mar2026 21:48:41.808] [main/DEBUG] [net.minecraftforge.fml.loading.moddiscovery.ModFileParser/LOADING]: Found coremod method_redirector with Javascript path coremods/method_redirector.js
[01Mar2026 21:48:41.808] [main/DEBUG] [net.minecraftforge.fml.loading.moddiscovery.ModFile/LOADING]: Found coremod coremods/field_to_method.js
[01Mar2026 21:48:41.808] [main/DEBUG] [net.minecraftforge.fml.loading.moddiscovery.ModFile/LOADING]: Found coremod coremods/field_to_instanceof.js
[01Mar2026 21:48:41.808] [main/DEBUG] [net.minecraftforge.fml.loading.moddiscovery.ModFile/LOADING]: Found coremod coremods/add_bouncer_method.js
[01Mar2026 21:48:41.808] [main/DEBUG] [net.minecraftforge.fml.loading.moddiscovery.ModFile/LOADING]: Found coremod coremods/method_redirector.js
[01Mar2026 21:48:41.808] [main/DEBUG] [net.minecraftforge.fml.loading.moddiscovery.ModFileParser/LOADING]: Considering mod file candidate C:\ServerMine\mods\drippyloadingscreen_forge_3.1.0_MC_1.20.1.jar
[01Mar2026 21:48:41.808] [main/DEBUG] [net.minecraftforge.fml.loading.moddiscovery.ModFileInfo/LOADING]: Found valid mod file drippyloadingscreen_forge_3.1.0_MC_1.20.1.jar with {drippyloadingscreen} mods - versions {3.1.0}
[01Mar2026 21:48:41.808] [main/DEBUG] [net.minecraftforge.fml.loading.moddiscovery.ModFile/LOADING]: Loading mod file C:\ServerMine\mods\drippyloadingscreen_forge_3.1.0_MC_1.20.1.jar with languages [LanguageSpec[languageName=javafml, acceptedVersions=[47,)]]
[01Mar2026 21:48:41.808] [main/DEBUG] [net.minecraftforge.fml.loading.moddiscovery.ModFileParser/LOADING]: Considering mod file candidate C:\ServerMine\mods\tectonic-forge-1.20.1-2.4.1.jar
[01Mar2026 21:48:41.808] [main/DEBUG] [net.minecraftforge.fml.loading.moddiscovery.ModFileInfo/LOADING]: Found valid mod file tectonic-forge-1.20.1-2.4.1.jar with {tectonic} mods - versions {2.4.1}
[01Mar2026 21:48:41.808] [main/DEBUG] [net.minecraftforge.fml.loading.moddiscovery.ModFile/LOADING]: Loading mod file C:\ServerMine\mods\tectonic-forge-1.20.1-2.4.1.jar with languages [LanguageSpec[languageName=javafml, acceptedVersions=[44,)]]
[01Mar2026 21:48:41.808] [main/DEBUG] [net.minecraftforge.fml.loading.moddiscovery.ModFileParser/LOADING]: Considering mod file candidate C:\ServerMine\mods\smoothchunk-1.20.1-4.1.jar
[01Mar2026 21:48:41.809] [main/DEBUG] [net.minecraftforge.fml.loading.moddiscovery.ModFileInfo/LOADING]: Found valid mod file smoothchunk-1.20.1-4.1.jar with {smoothchunk} mods - versions {1.20.1-4.1}
[01Mar2026 21:48:41.809] [main/DEBUG] [net.minecraftforge.fml.loading.moddiscovery.ModFile/LOADING]: Loading mod file C:\ServerMine\mods\smoothchunk-1.20.1-4.1.jar with languages [LanguageSpec[languageName=javafml, acceptedVersions=[36,)]]
[01Mar2026 21:48:41.809] [main/DEBUG] [net.minecraftforge.fml.loading.moddiscovery.ModFileInfo/LOADING]: Found valid mod file server-1.20.1-20230612.114412-srg.jar with {minecraft} mods - versions {1.20.1}
[01Mar2026 21:48:41.809] [main/DEBUG] [net.minecraftforge.fml.loading.moddiscovery.ModFile/LOADING]: Loading mod file C:\ServerMine\libraries\net\minecraft\server\1.20.1-20230612.114412\server-1.20.1-20230612.114412-srg.jar with languages [LanguageSpec[languageName=minecraft, acceptedVersions=1]]
[01Mar2026 21:48:41.809] [main/DEBUG] [net.minecraftforge.fml.loading.moddiscovery.ModFileParser/LOADING]: Considering mod file candidate C:\ServerMine\mods\voicechat-forge-1.20.1-2.6.12.jar
[01Mar2026 21:48:41.809] [main/DEBUG] [net.minecraftforge.fml.loading.moddiscovery.ModFileInfo/LOADING]: Found valid mod file voicechat-forge-1.20.1-2.6.12.jar with {voicechat,voicechat_api} mods - versions {1.20.1-2.6.12,2.6.0}
[01Mar2026 21:48:41.809] [main/DEBUG] [net.minecraftforge.fml.loading.moddiscovery.ModFile/LOADING]: Loading mod file C:\ServerMine\mods\voicechat-forge-1.20.1-2.6.12.jar with languages [LanguageSpec[languageName=javafml, acceptedVersions=*]]
[01Mar2026 21:48:41.809] [main/DEBUG] [net.minecraftforge.fml.loading.moddiscovery.ModFileParser/LOADING]: Considering mod file candidate C:\ServerMine\mods\immersive_cooking-v2.0.1.jar
[01Mar2026 21:48:41.809] [main/DEBUG] [net.minecraftforge.fml.loading.moddiscovery.ModFileInfo/LOADING]: Found valid mod file immersive_cooking-v2.0.1.jar with {immersive_cooking} mods - versions {2.0.1}
[01Mar2026 21:48:41.809] [main/DEBUG] [net.minecraftforge.fml.loading.moddiscovery.ModFile/LOADING]: Loading mod file C:\ServerMine\mods\immersive_cooking-v2.0.1.jar with languages [LanguageSpec[languageName=javafml, acceptedVersions=[47,)]]
[01Mar2026 21:48:41.810] [main/DEBUG] [net.minecraftforge.fml.loading.moddiscovery.ModFileParser/LOADING]: Considering mod file candidate C:\ServerMine\mods\jamlib-forge-1.3.5+1.20.1.jar
[01Mar2026 21:48:41.810] [main/DEBUG] [net.minecraftforge.fml.loading.moddiscovery.ModFileInfo/LOADING]: Found valid mod file jamlib-forge-1.3.5+1.20.1.jar with {jamlib} mods - versions {1.3.5+1.20.1}
[01Mar2026 21:48:41.810] [main/DEBUG] [net.minecraftforge.fml.loading.moddiscovery.ModFile/LOADING]: Loading mod file C:\ServerMine\mods\jamlib-forge-1.3.5+1.20.1.jar with languages [LanguageSpec[languageName=javafml, acceptedVersions=[47,)]]
[01Mar2026 21:48:41.810] [main/DEBUG] [net.minecraftforge.fml.loading.moddiscovery.ModFileParser/LOADING]: Considering mod file candidate C:\ServerMine\mods\TerraBlender-forge-1.20.1-3.0.1.10.jar
[01Mar2026 21:48:41.810] [main/DEBUG] [net.minecraftforge.fml.loading.moddiscovery.ModFileInfo/LOADING]: Found valid mod file TerraBlender-forge-1.20.1-3.0.1.10.jar with {terrablender} mods - versions {3.0.1.10}
[01Mar2026 21:48:41.810] [main/DEBUG] [net.minecraftforge.fml.loading.moddiscovery.ModFile/LOADING]: Loading mod file C:\ServerMine\mods\TerraBlender-forge-1.20.1-3.0.1.10.jar with languages [LanguageSpec[languageName=javafml, acceptedVersions=[47,)]]
[01Mar2026 21:48:41.810] [main/DEBUG] [net.minecraftforge.fml.loading.moddiscovery.ModFileParser/LOADING]: Considering mod file candidate C:\ServerMine\mods\MouseTweaks-forge-mc1.20.1-2.25.1.jar
[01Mar2026 21:48:41.810] [main/DEBUG] [net.minecraftforge.fml.loading.moddiscovery.ModFileInfo/LOADING]: Found valid mod file MouseTweaks-forge-mc1.20.1-2.25.1.jar with {mousetweaks} mods - versions {2.25.1}
[01Mar2026 21:48:41.810] [main/DEBUG] [net.minecraftforge.fml.loading.moddiscovery.ModFile/LOADING]: Loading mod file C:\ServerMine\mods\MouseTweaks-forge-mc1.20.1-2.25.1.jar with languages [LanguageSpec[languageName=javafml, acceptedVersions=[46,)]]
[01Mar2026 21:48:41.810] [main/DEBUG] [net.minecraftforge.fml.loading.moddiscovery.ModFileParser/LOADING]: Considering mod file candidate C:\ServerMine\mods\psg-5.7.0d-forge-1.20.1.jar
[01Mar2026 21:48:41.810] [main/DEBUG] [net.minecraftforge.fml.loading.moddiscovery.ModFileInfo/LOADING]: Found valid mod file psg-5.7.0d-forge-1.20.1.jar with {psg} mods - versions {5.7.0}
[01Mar2026 21:48:41.810] [main/DEBUG] [net.minecraftforge.fml.loading.moddiscovery.ModFile/LOADING]: Loading mod file C:\ServerMine\mods\psg-5.7.0d-forge-1.20.1.jar with languages [LanguageSpec[languageName=javafml, acceptedVersions=[47,)]]
[01Mar2026 21:48:41.810] [main/DEBUG] [net.minecraftforge.fml.loading.moddiscovery.ModFileParser/LOADING]: Considering mod file candidate C:\ServerMine\mods\ImmersiveEngineering-1.20.1-10.2.0-183.jar
[01Mar2026 21:48:41.811] [main/DEBUG] [net.minecraftforge.fml.loading.moddiscovery.ModFileInfo/LOADING]: Found valid mod file ImmersiveEngineering-1.20.1-10.2.0-183.jar with {immersiveengineering} mods - versions {1.20.1-10.2.0-183}
[01Mar2026 21:48:41.811] [main/DEBUG] [net.minecraftforge.fml.loading.moddiscovery.ModFile/LOADING]: Loading mod file C:\ServerMine\mods\ImmersiveEngineering-1.20.1-10.2.0-183.jar with languages [LanguageSpec[languageName=javafml, acceptedVersions=[25,)]]
[01Mar2026 21:48:41.811] [main/DEBUG] [net.minecraftforge.fml.loading.moddiscovery.ModFileParser/LOADING]: Considering mod file candidate C:\ServerMine\mods\ShoulderSurfing-Forge-1.20.1-4.14.3.jar
[01Mar2026 21:48:41.811] [main/DEBUG] [net.minecraftforge.fml.loading.moddiscovery.ModFileInfo/LOADING]: Found valid mod file ShoulderSurfing-Forge-1.20.1-4.14.3.jar with {shouldersurfing} mods - versions {1.20.1-4.14.3}
[01Mar2026 21:48:41.811] [main/DEBUG] [net.minecraftforge.fml.loading.moddiscovery.ModFile/LOADING]: Loading mod file C:\ServerMine\mods\ShoulderSurfing-Forge-1.20.1-4.14.3.jar with languages [LanguageSpec[languageName=javafml, acceptedVersions=[46,48)]]
[01Mar2026 21:48:41.811] [main/DEBUG] [net.minecraftforge.fml.loading.moddiscovery.ModFileParser/LOADING]: Considering mod file candidate 
[01Mar2026 21:48:41.811] [main/DEBUG] [net.minecraftforge.fml.loading.moddiscovery.ModFileInfo/LOADING]: Found valid mod file spectrelib-forge-0.13.17+1.20.1.jar with {spectrelib} mods - versions {0.13.17+1.20.1}
[01Mar2026 21:48:41.811] [main/DEBUG] [net.minecraftforge.fml.loading.moddiscovery.ModFile/LOADING]: Loading mod file  with languages [LanguageSpec[languageName=javafml, acceptedVersions=[41,)]]
[01Mar2026 21:48:41.811] [main/DEBUG] [net.minecraftforge.fml.loading.moddiscovery.ModFileParser/LOADING]: Considering mod file candidate C:\ServerMine\mods\cleanswing-1.20-1.8.jar
[01Mar2026 21:48:41.811] [main/DEBUG] [net.minecraftforge.fml.loading.moddiscovery.ModFileInfo/LOADING]: Found valid mod file cleanswing-1.20-1.8.jar with {cleanswing} mods - versions {1.8}
[01Mar2026 21:48:41.811] [main/DEBUG] [net.minecraftforge.fml.loading.moddiscovery.ModFile/LOADING]: Loading mod file C:\ServerMine\mods\cleanswing-1.20-1.8.jar with languages [LanguageSpec[languageName=javafml, acceptedVersions=[36,)]]
[01Mar2026 21:48:41.811] [main/DEBUG] [net.minecraftforge.fml.loading.moddiscovery.ModFileParser/LOADING]: Considering mod file candidate C:\ServerMine\mods\Corgilib-Forge-1.20.1-4.0.3.4.jar
[01Mar2026 21:48:41.812] [main/DEBUG] [net.minecraftforge.fml.loading.moddiscovery.ModFileInfo/LOADING]: Found valid mod file Corgilib-Forge-1.20.1-4.0.3.4.jar with {corgilib} mods - versions {4.0.3.4}
[01Mar2026 21:48:41.812] [main/DEBUG] [net.minecraftforge.fml.loading.moddiscovery.ModFile/LOADING]: Loading mod file C:\ServerMine\mods\Corgilib-Forge-1.20.1-4.0.3.4.jar with languages [LanguageSpec[languageName=javafml, acceptedVersions=[46,)]]
[01Mar2026 21:48:41.812] [main/DEBUG] [net.minecraftforge.fml.loading.moddiscovery.ModFileParser/LOADING]: Considering mod file candidate C:\ServerMine\mods\ceilingtorch-1.20.1-1.32.1.jar
[01Mar2026 21:48:41.812] [main/DEBUG] [net.minecraftforge.fml.loading.moddiscovery.ModFileInfo/LOADING]: Found valid mod file ceilingtorch-1.20.1-1.32.1.jar with {ceilingtorch} mods - versions {1.32.1}
[01Mar2026 21:48:41.812] [main/DEBUG] [net.minecraftforge.fml.loading.moddiscovery.ModFile/LOADING]: Loading mod file C:\ServerMine\mods\ceilingtorch-1.20.1-1.32.1.jar with languages [LanguageSpec[languageName=javafml, acceptedVersions=[46,)]]
[01Mar2026 21:48:41.812] [main/DEBUG] [net.minecraftforge.fml.loading.moddiscovery.ModFileParser/LOADING]: Considering mod file candidate C:\ServerMine\mods\survival_instinct-1.0.2-forge-1.20.1.jar
[01Mar2026 21:48:41.812] [main/DEBUG] [net.minecraftforge.fml.loading.moddiscovery.ModFileInfo/LOADING]: Found valid mod file survival_instinct-1.0.2-forge-1.20.1.jar with {survival_instinct} mods - versions {1.0.2}
[01Mar2026 21:48:41.812] [main/DEBUG] [net.minecraftforge.fml.loading.moddiscovery.ModFile/LOADING]: Loading mod file C:\ServerMine\mods\survival_instinct-1.0.2-forge-1.20.1.jar with languages [LanguageSpec[languageName=javafml, acceptedVersions=[47,)]]
[01Mar2026 21:48:41.812] [main/DEBUG] [net.minecraftforge.fml.loading.moddiscovery.ModFileParser/LOADING]: Considering mod file candidate C:\ServerMine\mods\CreateTweaker-forge-1.20.1-4.0.15.jar
[01Mar2026 21:48:41.812] [main/DEBUG] [net.minecraftforge.fml.loading.moddiscovery.ModFileInfo/LOADING]: Found valid mod file CreateTweaker-forge-1.20.1-4.0.15.jar with {createtweaker} mods - versions {4.0.15}
[01Mar2026 21:48:41.812] [main/DEBUG] [net.minecraftforge.fml.loading.moddiscovery.ModFile/LOADING]: Loading mod file C:\ServerMine\mods\CreateTweaker-forge-1.20.1-4.0.15.jar with languages [LanguageSpec[languageName=javafml, acceptedVersions=[39,)]]
[01Mar2026 21:48:41.813] [main/DEBUG] [net.minecraftforge.fml.loading.moddiscovery.ModFileParser/LOADING]: Considering mod file candidate C:\ServerMine\mods\fastpaintings-1.20-1.2.7.jar
[01Mar2026 21:48:41.813] [main/DEBUG] [net.minecraftforge.fml.loading.moddiscovery.ModFileInfo/LOADING]: Found valid mod file fastpaintings-1.20-1.2.7.jar with {fastpaintings} mods - versions {1.20-1.2.7}
[01Mar2026 21:48:41.813] [main/DEBUG] [net.minecraftforge.fml.loading.moddiscovery.ModFile/LOADING]: Loading mod file C:\ServerMine\mods\fastpaintings-1.20-1.2.7.jar with languages [LanguageSpec[languageName=javafml, acceptedVersions=[41,)]]
[01Mar2026 21:48:41.813] [main/DEBUG] [net.minecraftforge.fml.loading.moddiscovery.ModFileParser/LOADING]: Considering mod file candidate C:\ServerMine\mods\walkietalkie-forge-1.20.1-1.3.0.jar
[01Mar2026 21:48:41.813] [main/DEBUG] [net.minecraftforge.fml.loading.moddiscovery.ModFileInfo/LOADING]: Found valid mod file walkietalkie-forge-1.20.1-1.3.0.jar with {walkietalkie} mods - versions {1.3.0}
[01Mar2026 21:48:41.813] [main/DEBUG] [net.minecraftforge.fml.loading.moddiscovery.ModFile/LOADING]: Loading mod file C:\ServerMine\mods\walkietalkie-forge-1.20.1-1.3.0.jar with languages [LanguageSpec[languageName=javafml, acceptedVersions=[47,)]]
[01Mar2026 21:48:41.813] [main/DEBUG] [net.minecraftforge.fml.loading.moddiscovery.ModFileParser/LOADING]: Considering mod file candidate C:\ServerMine\mods\lrtactical-1.20.1-0.3.0.jar
[01Mar2026 21:48:41.813] [main/DEBUG] [net.minecraftforge.fml.loading.moddiscovery.ModFileInfo/LOADING]: Found valid mod file lrtactical-1.20.1-0.3.0.jar with {lrtactical} mods - versions {0.3.0}
[01Mar2026 21:48:41.813] [main/DEBUG] [net.minecraftforge.fml.loading.moddiscovery.ModFile/LOADING]: Loading mod file C:\ServerMine\mods\lrtactical-1.20.1-0.3.0.jar with languages [LanguageSpec[languageName=javafml, acceptedVersions=[47,)]]
[01Mar2026 21:48:41.813] [main/DEBUG] [net.minecraftforge.fml.loading.moddiscovery.ModFileParser/LOADING]: Considering mod file candidate 
[01Mar2026 21:48:41.813] [main/DEBUG] [net.minecraftforge.fml.loading.moddiscovery.ModFileInfo/LOADING]: Found valid mod file kffmod-4.12.0.jar with {kotlinforforge} mods - versions {4.12.0}
[01Mar2026 21:48:41.813] [main/DEBUG] [net.minecraftforge.fml.loading.moddiscovery.ModFile/LOADING]: Loading mod file  with languages [LanguageSpec[languageName=kotlinforforge, acceptedVersions=[4,)]]
[01Mar2026 21:48:41.813] [main/DEBUG] [net.minecraftforge.fml.loading.moddiscovery.ModFileParser/LOADING]: Considering mod file candidate C:\ServerMine\mods\betterfpsdist-1.20.1-6.0.jar
[01Mar2026 21:48:41.813] [main/DEBUG] [net.minecraftforge.fml.loading.moddiscovery.ModFileInfo/LOADING]: Found valid mod file betterfpsdist-1.20.1-6.0.jar with {betterfpsdist} mods - versions {1.20.1-6.0}
[01Mar2026 21:48:41.813] [main/DEBUG] [net.minecraftforge.fml.loading.moddiscovery.ModFile/LOADING]: Loading mod file C:\ServerMine\mods\betterfpsdist-1.20.1-6.0.jar with languages [LanguageSpec[languageName=javafml, acceptedVersions=[26,)]]
[01Mar2026 21:48:41.813] [main/DEBUG] [net.minecraftforge.fml.loading.moddiscovery.ModFileParser/LOADING]: Considering mod file candidate C:\ServerMine\mods\TCTcore-1.20.1.jar
[01Mar2026 21:48:41.813] [main/DEBUG] [net.minecraftforge.fml.loading.moddiscovery.ModFileInfo/LOADING]: Found valid mod file TCTcore-1.20.1.jar with {tctcore} mods - versions {2.2}
[01Mar2026 21:48:41.813] [main/DEBUG] [net.minecraftforge.fml.loading.moddiscovery.ModFile/LOADING]: Loading mod file C:\ServerMine\mods\TCTcore-1.20.1.jar with languages [LanguageSpec[languageName=javafml, acceptedVersions=[47,)]]
[01Mar2026 21:48:41.814] [main/DEBUG] [net.minecraftforge.fml.loading.moddiscovery.ModFileParser/LOADING]: Considering mod file candidate 
[01Mar2026 21:48:41.814] [main/DEBUG] [net.minecraftforge.fml.loading.moddiscovery.ModFileInfo/LOADING]: Found valid mod file flywheel-forge-1.20.1-1.0.5.jar with {flywheel} mods - versions {1.0.5}
[01Mar2026 21:48:41.814] [main/DEBUG] [net.minecraftforge.fml.loading.moddiscovery.ModFile/LOADING]: Loading mod file  with languages [LanguageSpec[languageName=javafml, acceptedVersions=[0,)]]
[01Mar2026 21:48:41.814] [main/DEBUG] [net.minecraftforge.fml.loading.moddiscovery.ModFileParser/LOADING]: Considering mod file candidate C:\ServerMine\mods\farmersrespite-1.20.1-2.1.2.jar
[01Mar2026 21:48:41.814] [main/DEBUG] [net.minecraftforge.fml.loading.moddiscovery.ModFileInfo/LOADING]: Found valid mod file farmersrespite-1.20.1-2.1.2.jar with {farmersrespite} mods - versions {1.20.1-2.1}
[01Mar2026 21:48:41.814] [main/DEBUG] [net.minecraftforge.fml.loading.moddiscovery.ModFile/LOADING]: Loading mod file C:\ServerMine\mods\farmersrespite-1.20.1-2.1.2.jar with languages [LanguageSpec[languageName=javafml, acceptedVersions=[47,)]]
[01Mar2026 21:48:41.814] [main/DEBUG] [net.minecraftforge.fml.loading.moddiscovery.ModFileParser/LOADING]: Considering mod file candidate C:\ServerMine\mods\ecologics-forge-1.20.1-2.2.4.jar
[01Mar2026 21:48:41.814] [main/DEBUG] [net.minecraftforge.fml.loading.moddiscovery.ModFileInfo/LOADING]: Found valid mod file ecologics-forge-1.20.1-2.2.4.jar with {ecologics} mods - versions {2.2.4}
[01Mar2026 21:48:41.814] [main/DEBUG] [net.minecraftforge.fml.loading.moddiscovery.ModFile/LOADING]: Loading mod file C:\ServerMine\mods\ecologics-forge-1.20.1-2.2.4.jar with languages [LanguageSpec[languageName=javafml, acceptedVersions=[47,)]]
[01Mar2026 21:48:41.814] [main/DEBUG] [net.minecraftforge.fml.loading.moddiscovery.ModFileParser/LOADING]: Considering mod file candidate C:\ServerMine\mods\Croptopia-1.20.1-FORGE-3.0.4.jar
[01Mar2026 21:48:41.814] [main/DEBUG] [net.minecraftforge.fml.loading.moddiscovery.ModFileInfo/LOADING]: Found valid mod file Croptopia-1.20.1-FORGE-3.0.4.jar with {croptopia} mods - versions {3.0.4}
[01Mar2026 21:48:41.814] [main/DEBUG] [net.minecraftforge.fml.loading.moddiscovery.ModFile/LOADING]: Loading mod file C:\ServerMine\mods\Croptopia-1.20.1-FORGE-3.0.4.jar with languages [LanguageSpec[languageName=javafml, acceptedVersions=[37,)]]
[01Mar2026 21:48:41.814] [main/DEBUG] [net.minecraftforge.fml.loading.moddiscovery.ModFileParser/LOADING]: Considering mod file candidate C:\ServerMine\mods\decoration-delight-1.20.1.jar
[01Mar2026 21:48:41.814] [main/DEBUG] [net.minecraftforge.fml.loading.moddiscovery.ModFileInfo/LOADING]: Found valid mod file decoration-delight-1.20.1.jar with {decoration_delight} mods - versions {1.0.0}
[01Mar2026 21:48:41.814] [main/DEBUG] [net.minecraftforge.fml.loading.moddiscovery.ModFile/LOADING]: Loading mod file C:\ServerMine\mods\decoration-delight-1.20.1.jar with languages [LanguageSpec[languageName=javafml, acceptedVersions=[47,)]]
[01Mar2026 21:48:41.814] [main/DEBUG] [net.minecraftforge.fml.loading.moddiscovery.ModFileParser/LOADING]: Considering mod file candidate C:\ServerMine\mods\[1.20.1] SecurityCraft v1.10.1.jar
[01Mar2026 21:48:41.814] [main/DEBUG] [net.minecraftforge.fml.loading.moddiscovery.ModFileInfo/LOADING]: Found valid mod file [1.20.1] SecurityCraft v1.10.1.jar with {securitycraft} mods - versions {1.10.1}
[01Mar2026 21:48:41.814] [main/DEBUG] [net.minecraftforge.fml.loading.moddiscovery.ModFile/LOADING]: Loading mod file C:\ServerMine\mods\[1.20.1] SecurityCraft v1.10.1.jar with languages [LanguageSpec[languageName=javafml, acceptedVersions=[46,)]]
[01Mar2026 21:48:41.816] [main/DEBUG] [net.minecraftforge.fml.loading.moddiscovery.ModFileParser/LOADING]: Considering mod file candidate C:\ServerMine\mods\polymorph-forge-0.49.10+1.20.1.jar
[01Mar2026 21:48:41.816] [main/DEBUG] [net.minecraftforge.fml.loading.moddiscovery.ModFileInfo/LOADING]: Found valid mod file polymorph-forge-0.49.10+1.20.1.jar with {polymorph} mods - versions {0.49.10+1.20.1}
[01Mar2026 21:48:41.816] [main/DEBUG] [net.minecraftforge.fml.loading.moddiscovery.ModFile/LOADING]: Loading mod file C:\ServerMine\mods\polymorph-forge-0.49.10+1.20.1.jar with languages [LanguageSpec[languageName=javafml, acceptedVersions=[41,)]]
[01Mar2026 21:48:41.816] [main/DEBUG] [net.minecraftforge.fml.loading.moddiscovery.ModFileParser/LOADING]: Considering mod file candidate C:\ServerMine\mods\tacz_npc-1.2.0.jar
[01Mar2026 21:48:41.816] [main/DEBUG] [net.minecraftforge.fml.loading.moddiscovery.ModFileInfo/LOADING]: Found valid mod file tacz_npc-1.2.0.jar with {tacz_npc} mods - versions {1.0.0}
[01Mar2026 21:48:41.816] [main/DEBUG] [net.minecraftforge.fml.loading.moddiscovery.ModFile/LOADING]: Loading mod file C:\ServerMine\mods\tacz_npc-1.2.0.jar with languages [LanguageSpec[languageName=javafml, acceptedVersions=[47,)]]
[01Mar2026 21:48:41.816] [main/DEBUG] [net.minecraftforge.fml.loading.moddiscovery.ModFileParser/LOADING]: Considering mod file candidate C:\ServerMine\mods\chaoszproject-bandits-1.0.0-1.20.1.jar
[01Mar2026 21:48:41.816] [main/DEBUG] [net.minecraftforge.fml.loading.moddiscovery.ModFileInfo/LOADING]: Found valid mod file chaoszproject-bandits-1.0.0-1.20.1.jar with {chaoszprojectbandits} mods - versions {1.0.0}
[01Mar2026 21:48:41.816] [main/DEBUG] [net.minecraftforge.fml.loading.moddiscovery.ModFile/LOADING]: Loading mod file C:\ServerMine\mods\chaoszproject-bandits-1.0.0-1.20.1.jar with languages [LanguageSpec[languageName=javafml, acceptedVersions=[47,)]]
[01Mar2026 21:48:41.816] [main/DEBUG] [net.minecraftforge.fml.loading.moddiscovery.ModFileParser/LOADING]: Considering mod file candidate C:\ServerMine\mods\sit-1.20.1-1.3.5.jar
[01Mar2026 21:48:41.816] [main/DEBUG] [net.minecraftforge.fml.loading.moddiscovery.ModFileInfo/LOADING]: Found valid mod file sit-1.20.1-1.3.5.jar with {sit} mods - versions {1.3.5}
[01Mar2026 21:48:41.816] [main/DEBUG] [net.minecraftforge.fml.loading.moddiscovery.ModFile/LOADING]: Loading mod file C:\ServerMine\mods\sit-1.20.1-1.3.5.jar with languages [LanguageSpec[languageName=javafml, acceptedVersions=[46,)]]
[01Mar2026 21:48:41.817] [main/DEBUG] [net.minecraftforge.fml.loading.moddiscovery.ModFileParser/LOADING]: Considering mod file candidate C:\ServerMine\mods\regrowth-1.20-46.32.1.jar
[01Mar2026 21:48:41.817] [main/DEBUG] [net.minecraftforge.fml.loading.moddiscovery.ModFileInfo/LOADING]: Found valid mod file regrowth-1.20-46.32.1.jar with {regrowth} mods - versions {46.32.1}
[01Mar2026 21:48:41.817] [main/DEBUG] [net.minecraftforge.fml.loading.moddiscovery.ModFile/LOADING]: Loading mod file C:\ServerMine\mods\regrowth-1.20-46.32.1.jar with languages [LanguageSpec[languageName=javafml, acceptedVersions=[46,)]]
[01Mar2026 21:48:41.817] [main/DEBUG] [net.minecraftforge.fml.loading.moddiscovery.ModFileParser/LOADING]: Considering mod file candidate C:\ServerMine\mods\Pillagers Gun-1.20.1-forge-3.2.0.jar
[01Mar2026 21:48:41.817] [main/DEBUG] [net.minecraftforge.fml.loading.moddiscovery.ModFileInfo/LOADING]: Found valid mod file Pillagers Gun-1.20.1-forge-3.2.0.jar with {pillagers_gun} mods - versions {3.2.0}
[01Mar2026 21:48:41.817] [main/DEBUG] [net.minecraftforge.fml.loading.moddiscovery.ModFile/LOADING]: Loading mod file C:\ServerMine\mods\Pillagers Gun-1.20.1-forge-3.2.0.jar with languages [LanguageSpec[languageName=javafml, acceptedVersions=[47,)]]
[01Mar2026 21:48:41.817] [main/DEBUG] [net.minecraftforge.fml.loading.moddiscovery.ModFileParser/LOADING]: Considering mod file candidate C:\ServerMine\mods\AmbientEnvironment-forge-1.20.1-11.0.0.1.jar
[01Mar2026 21:48:41.817] [main/DEBUG] [net.minecraftforge.fml.loading.moddiscovery.ModFileInfo/LOADING]: Found valid mod file AmbientEnvironment-forge-1.20.1-11.0.0.1.jar with {ambientenvironment} mods - versions {11.0.0.1}
[01Mar2026 21:48:41.817] [main/DEBUG] [net.minecraftforge.fml.loading.moddiscovery.ModFile/LOADING]: Loading mod file C:\ServerMine\mods\AmbientEnvironment-forge-1.20.1-11.0.0.1.jar with languages [LanguageSpec[languageName=javafml, acceptedVersions=[31,)]]
[01Mar2026 21:48:41.817] [main/DEBUG] [net.minecraftforge.fml.loading.moddiscovery.ModFileParser/LOADING]: Considering mod file candidate C:\ServerMine\mods\FastFurnace-1.20.1-8.0.2.jar
[01Mar2026 21:48:41.817] [main/DEBUG] [net.minecraftforge.fml.loading.moddiscovery.ModFileInfo/LOADING]: Found valid mod file FastFurnace-1.20.1-8.0.2.jar with {fastfurnace} mods - versions {8.0.2}
[01Mar2026 21:48:41.817] [main/DEBUG] [net.minecraftforge.fml.loading.moddiscovery.ModFile/LOADING]: Loading mod file C:\ServerMine\mods\FastFurnace-1.20.1-8.0.2.jar with languages [LanguageSpec[languageName=javafml, acceptedVersions=[32,)]]
[01Mar2026 21:48:41.818] [main/DEBUG] [net.minecraftforge.fml.loading.moddiscovery.ModFileParser/LOADING]: Considering mod file candidate C:\ServerMine\mods\appleskin-forge-mc1.20.1-2.5.1.jar
[01Mar2026 21:48:41.818] [main/DEBUG] [net.minecraftforge.fml.loading.moddiscovery.ModFileInfo/LOADING]: Found valid mod file appleskin-forge-mc1.20.1-2.5.1.jar with {appleskin} mods - versions {2.5.1+mc1.20.1}
[01Mar2026 21:48:41.818] [main/DEBUG] [net.minecraftforge.fml.loading.moddiscovery.ModFile/LOADING]: Loading mod file C:\ServerMine\mods\appleskin-forge-mc1.20.1-2.5.1.jar with languages [LanguageSpec[languageName=javafml, acceptedVersions=[47,)]]
[01Mar2026 21:48:41.818] [main/DEBUG] [net.minecraftforge.fml.loading.moddiscovery.ModFileParser/LOADING]: Considering mod file candidate C:\ServerMine\mods\lootr-forge-1.20-0.7.35.94.jar
[01Mar2026 21:48:41.818] [main/DEBUG] [net.minecraftforge.fml.loading.moddiscovery.ModFileInfo/LOADING]: Found valid mod file lootr-forge-1.20-0.7.35.94.jar with {lootr} mods - versions {0.7.35.94}
[01Mar2026 21:48:41.818] [main/DEBUG] [net.minecraftforge.fml.loading.moddiscovery.ModFile/LOADING]: Loading mod file C:\ServerMine\mods\lootr-forge-1.20-0.7.35.94.jar with languages [LanguageSpec[languageName=javafml, acceptedVersions=[44,)]]
[01Mar2026 21:48:41.818] [main/DEBUG] [net.minecraftforge.fml.loading.moddiscovery.ModFileParser/LOADING]: Considering mod file candidate C:\ServerMine\mods\visuality-forge-2.0.2.jar
[01Mar2026 21:48:41.818] [main/DEBUG] [net.minecraftforge.fml.loading.moddiscovery.ModFileInfo/LOADING]: Found valid mod file visuality-forge-2.0.2.jar with {visuality} mods - versions {2.0.2}
[01Mar2026 21:48:41.818] [main/DEBUG] [net.minecraftforge.fml.loading.moddiscovery.ModFile/LOADING]: Loading mod file C:\ServerMine\mods\visuality-forge-2.0.2.jar with languages [LanguageSpec[languageName=javafml, acceptedVersions=[46,)]]
[01Mar2026 21:48:41.818] [main/DEBUG] [net.minecraftforge.fml.loading.moddiscovery.ModFileParser/LOADING]: Considering mod file candidate C:\ServerMine\mods\DynamicTreesCroptopia-1.20.1-1.0.0.jar
[01Mar2026 21:48:41.818] [main/DEBUG] [net.minecraftforge.fml.loading.moddiscovery.ModFileInfo/LOADING]: Found valid mod file DynamicTreesCroptopia-1.20.1-1.0.0.jar with {dtcroptopia} mods - versions {1.20.1-1.0.0}
[01Mar2026 21:48:41.819] [main/DEBUG] [net.minecraftforge.fml.loading.moddiscovery.ModFile/LOADING]: Loading mod file C:\ServerMine\mods\DynamicTreesCroptopia-1.20.1-1.0.0.jar with languages [LanguageSpec[languageName=javafml, acceptedVersions=[47,)]]
[01Mar2026 21:48:41.819] [main/DEBUG] [net.minecraftforge.fml.loading.moddiscovery.ModFileParser/LOADING]: Considering mod file candidate C:\ServerMine\mods\largemeals-1.20.1-1.3.0.jar
[01Mar2026 21:48:41.819] [main/DEBUG] [net.minecraftforge.fml.loading.moddiscovery.ModFileInfo/LOADING]: Found valid mod file largemeals-1.20.1-1.3.0.jar with {largemeals} mods - versions {1.20.1-1.3.0}
[01Mar2026 21:48:41.819] [main/DEBUG] [net.minecraftforge.fml.loading.moddiscovery.ModFile/LOADING]: Loading mod file C:\ServerMine\mods\largemeals-1.20.1-1.3.0.jar with languages [LanguageSpec[languageName=javafml, acceptedVersions=[47,)]]
[01Mar2026 21:48:41.819] [main/DEBUG] [net.minecraftforge.fml.loading.moddiscovery.ModFileParser/LOADING]: Considering mod file candidate C:\ServerMine\mods\PuzzlesLib-v8.1.33-1.20.1-Forge.jar
[01Mar2026 21:48:41.819] [main/DEBUG] [net.minecraftforge.fml.loading.moddiscovery.ModFileInfo/LOADING]: Found valid mod file PuzzlesLib-v8.1.33-1.20.1-Forge.jar with {puzzleslib} mods - versions {8.1.33}
[01Mar2026 21:48:41.819] [main/DEBUG] [net.minecraftforge.fml.loading.moddiscovery.ModFile/LOADING]: Loading mod file C:\ServerMine\mods\PuzzlesLib-v8.1.33-1.20.1-Forge.jar with languages [LanguageSpec[languageName=javafml, acceptedVersions=[47,)]]
[01Mar2026 21:48:41.819] [main/DEBUG] [net.minecraftforge.fml.loading.moddiscovery.ModFileParser/LOADING]: Considering mod file candidate C:\ServerMine\mods\DynamicTreesRU-1.20.1-1.0.1.jar
[01Mar2026 21:48:41.819] [main/DEBUG] [net.minecraftforge.fml.loading.moddiscovery.ModFileInfo/LOADING]: Found valid mod file DynamicTreesRU-1.20.1-1.0.1.jar with {dtru} mods - versions {1.20.1-1.0.1}
[01Mar2026 21:48:41.819] [main/DEBUG] [net.minecraftforge.fml.loading.moddiscovery.ModFile/LOADING]: Loading mod file C:\ServerMine\mods\DynamicTreesRU-1.20.1-1.0.1.jar with languages [LanguageSpec[languageName=javafml, acceptedVersions=[47,)]]
[01Mar2026 21:48:41.819] [main/DEBUG] [net.minecraftforge.fml.loading.moddiscovery.ModFileParser/LOADING]: Considering mod file candidate C:\ServerMine\mods\responsiveshields-2.3-mc1.18-19-20.x.jar
[01Mar2026 21:48:41.820] [main/DEBUG] [net.minecraftforge.fml.loading.moddiscovery.ModFileInfo/LOADING]: Found valid mod file responsiveshields-2.3-mc1.18-19-20.x.jar with {responsiveshields} mods - versions {2.3}
[01Mar2026 21:48:41.820] [main/DEBUG] [net.minecraftforge.fml.loading.moddiscovery.ModFile/LOADING]: Loading mod file C:\ServerMine\mods\responsiveshields-2.3-mc1.18-19-20.x.jar with languages [LanguageSpec[languageName=javafml, acceptedVersions=[0,)]]
[01Mar2026 21:48:41.820] [main/DEBUG] [net.minecraftforge.fml.loading.moddiscovery.ModFileParser/LOADING]: Considering mod file candidate C:\ServerMine\mods\CarbonConfig-1.20-1.2.8.2.jar
[01Mar2026 21:48:41.820] [main/DEBUG] [net.minecraftforge.fml.loading.moddiscovery.ModFileInfo/LOADING]: Found valid mod file CarbonConfig-1.20-1.2.8.2.jar with {carbonconfig} mods - versions {1.20-1.2.8.2}
[01Mar2026 21:48:41.820] [main/DEBUG] [net.minecraftforge.fml.loading.moddiscovery.ModFile/LOADING]: Loading mod file C:\ServerMine\mods\CarbonConfig-1.20-1.2.8.2.jar with languages [LanguageSpec[languageName=javafml, acceptedVersions=[46,)]]
[01Mar2026 21:48:41.820] [main/DEBUG] [net.minecraftforge.fml.loading.moddiscovery.ModFileParser/LOADING]: Considering mod file candidate C:\ServerMine\mods\Explosion-Overhaul-0.1.6.9-a Forge-1.20.1.jar
[01Mar2026 21:48:41.820] [main/DEBUG] [net.minecraftforge.fml.loading.moddiscovery.ModFileInfo/LOADING]: Found valid mod file Explosion-Overhaul-0.1.6.9-a Forge-1.20.1.jar with {explosionoverhaul} mods - versions {0.1.6.9-a}
[01Mar2026 21:48:41.820] [main/DEBUG] [net.minecraftforge.fml.loading.moddiscovery.ModFile/LOADING]: Loading mod file C:\ServerMine\mods\Explosion-Overhaul-0.1.6.9-a Forge-1.20.1.jar with languages [LanguageSpec[languageName=javafml, acceptedVersions=[47,)]]
[01Mar2026 21:48:41.820] [main/DEBUG] [net.minecraftforge.fml.loading.moddiscovery.ModFileParser/LOADING]: Considering mod file candidate C:\ServerMine\mods\geckolib-forge-1.20.1-4.8.3.jar
[01Mar2026 21:48:41.820] [main/DEBUG] [net.minecraftforge.fml.loading.moddiscovery.ModFileInfo/LOADING]: Found valid mod file geckolib-forge-1.20.1-4.8.3.jar with {geckolib} mods - versions {4.8.3}
[01Mar2026 21:48:41.820] [main/DEBUG] [net.minecraftforge.fml.loading.moddiscovery.ModFile/LOADING]: Loading mod file C:\ServerMine\mods\geckolib-forge-1.20.1-4.8.3.jar with languages [LanguageSpec[languageName=javafml, acceptedVersions=[47,)]]
[01Mar2026 21:48:41.820] [main/DEBUG] [net.minecraftforge.fml.loading.moddiscovery.ModFileParser/LOADING]: Considering mod file candidate C:\ServerMine\mods\incontrol-1.20-9.4.1.jar
[01Mar2026 21:48:41.820] [main/DEBUG] [net.minecraftforge.fml.loading.moddiscovery.ModFileInfo/LOADING]: Found valid mod file incontrol-1.20-9.4.1.jar with {incontrol} mods - versions {1.20-9.4.1}
[01Mar2026 21:48:41.820] [main/DEBUG] [net.minecraftforge.fml.loading.moddiscovery.ModFile/LOADING]: Loading mod file C:\ServerMine\mods\incontrol-1.20-9.4.1.jar with languages [LanguageSpec[languageName=javafml, acceptedVersions=[47,)]]
[01Mar2026 21:48:41.821] [main/DEBUG] [net.minecraftforge.fml.loading.moddiscovery.ModFileParser/LOADING]: Considering mod file candidate C:\ServerMine\mods\dynamiclights-v1.9-mc1.17-1.21.5-mod.jar
[01Mar2026 21:48:41.821] [main/DEBUG] [net.minecraftforge.fml.loading.moddiscovery.ModFileInfo/LOADING]: Found valid mod file dynamiclights-v1.9-mc1.17-1.21.5-mod.jar with {dynamiclights} mods - versions {1.9+mod}
[01Mar2026 21:48:41.821] [main/DEBUG] [net.minecraftforge.fml.loading.moddiscovery.ModFile/LOADING]: Loading mod file C:\ServerMine\mods\dynamiclights-v1.9-mc1.17-1.21.5-mod.jar with languages [LanguageSpec[languageName=javafml, acceptedVersions=[35,)]]
[01Mar2026 21:48:41.821] [main/DEBUG] [net.minecraftforge.fml.loading.moddiscovery.ModFileParser/LOADING]: Considering mod file candidate C:\ServerMine\mods\immersive_aircraft-1.4.0+1.20.1-forge.jar
[01Mar2026 21:48:41.821] [main/DEBUG] [net.minecraftforge.fml.loading.moddiscovery.ModFileInfo/LOADING]: Found valid mod file immersive_aircraft-1.4.0+1.20.1-forge.jar with {immersive_aircraft} mods - versions {1.4.0+1.20.1}
[01Mar2026 21:48:41.821] [main/DEBUG] [net.minecraftforge.fml.loading.moddiscovery.ModFile/LOADING]: Loading mod file C:\ServerMine\mods\immersive_aircraft-1.4.0+1.20.1-forge.jar with languages [LanguageSpec[languageName=javafml, acceptedVersions=[47,)]]
[01Mar2026 21:48:41.821] [main/DEBUG] [net.minecraftforge.fml.loading.moddiscovery.ModFileParser/LOADING]: Considering mod file candidate C:\ServerMine\mods\sophisticatedcore-1.20.1-1.3.5.1505.jar
[01Mar2026 21:48:41.821] [main/DEBUG] [net.minecraftforge.fml.loading.moddiscovery.ModFileInfo/LOADING]: Found valid mod file sophisticatedcore-1.20.1-1.3.5.1505.jar with {sophisticatedcore} mods - versions {1.3.5.1505}
[01Mar2026 21:48:41.821] [main/DEBUG] [net.minecraftforge.fml.loading.moddiscovery.ModFile/LOADING]: Loading mod file C:\ServerMine\mods\sophisticatedcore-1.20.1-1.3.5.1505.jar with languages [LanguageSpec[languageName=javafml, acceptedVersions=[47,)]]
[01Mar2026 21:48:41.821] [main/DEBUG] [net.minecraftforge.fml.loading.moddiscovery.ModFileParser/LOADING]: Considering mod file candidate C:\ServerMine\mods\insanelib-1.23.4.0.jar
[01Mar2026 21:48:41.821] [main/DEBUG] [net.minecraftforge.fml.loading.moddiscovery.ModFileInfo/LOADING]: Found valid mod file insanelib-1.23.4.0.jar with {insanelib} mods - versions {1.23.4.0}
[01Mar2026 21:48:41.822] [main/DEBUG] [net.minecraftforge.fml.loading.moddiscovery.ModFile/LOADING]: Loading mod file C:\ServerMine\mods\insanelib-1.23.4.0.jar with languages [LanguageSpec[languageName=javafml, acceptedVersions=[47,)]]
[01Mar2026 21:48:41.822] [main/DEBUG] [net.minecraftforge.fml.loading.moddiscovery.ModFileParser/LOADING]: Considering mod file candidate C:\ServerMine\mods\tacz-tweaks-2.11.2-all.jar
[01Mar2026 21:48:41.822] [main/DEBUG] [net.minecraftforge.fml.loading.moddiscovery.ModFileInfo/LOADING]: Found valid mod file tacz-tweaks-2.11.2-all.jar with {tacztweaks} mods - versions {2.11.2}
[01Mar2026 21:48:41.822] [main/DEBUG] [net.minecraftforge.fml.loading.moddiscovery.ModFile/LOADING]: Loading mod file C:\ServerMine\mods\tacz-tweaks-2.11.2-all.jar with languages [LanguageSpec[languageName=javafml, acceptedVersions=[47,)]]
[01Mar2026 21:48:41.822] [main/DEBUG] [net.minecraftforge.fml.loading.moddiscovery.ModFileParser/LOADING]: Considering mod file candidate C:\ServerMine\mods\configurableextramobdrops-1.20.1-3.5.jar
[01Mar2026 21:48:41.822] [main/DEBUG] [net.minecraftforge.fml.loading.moddiscovery.ModFileInfo/LOADING]: Found valid mod file configurableextramobdrops-1.20.1-3.5.jar with {configurableextramobdrops} mods - versions {3.5}
[01Mar2026 21:48:41.822] [main/DEBUG] [net.minecraftforge.fml.loading.moddiscovery.ModFile/LOADING]: Loading mod file C:\ServerMine\mods\configurableextramobdrops-1.20.1-3.5.jar with languages [LanguageSpec[languageName=javafml, acceptedVersions=*]]
[01Mar2026 21:48:41.822] [main/DEBUG] [net.minecraftforge.fml.loading.moddiscovery.ModFileParser/LOADING]: Considering mod file candidate C:\ServerMine\mods\darkness-forge-1.20.1-2.0.103-fork.jar
[01Mar2026 21:48:41.822] [main/DEBUG] [net.minecraftforge.fml.loading.moddiscovery.ModFileInfo/LOADING]: Found valid mod file darkness-forge-1.20.1-2.0.103-fork.jar with {darkness} mods - versions {2.0.103}
[01Mar2026 21:48:41.822] [main/DEBUG] [net.minecraftforge.fml.loading.moddiscovery.ModFile/LOADING]: Loading mod file C:\ServerMine\mods\darkness-forge-1.20.1-2.0.103-fork.jar with languages [LanguageSpec[languageName=javafml, acceptedVersions=[44,)]]
[01Mar2026 21:48:41.822] [main/DEBUG] [net.minecraftforge.fml.loading.moddiscovery.ModFileParser/LOADING]: Considering mod file candidate C:\ServerMine\mods\golemsarefriends-1.20.0-1.0.1.jar
[01Mar2026 21:48:41.822] [main/DEBUG] [net.minecraftforge.fml.loading.moddiscovery.ModFileInfo/LOADING]: Found valid mod file golemsarefriends-1.20.0-1.0.1.jar with {golemsarefriends} mods - versions {1.20.0-1.0.1}
[01Mar2026 21:48:41.822] [main/DEBUG] [net.minecraftforge.fml.loading.moddiscovery.ModFile/LOADING]: Loading mod file C:\ServerMine\mods\golemsarefriends-1.20.0-1.0.1.jar with languages [LanguageSpec[languageName=javafml, acceptedVersions=[46,)]]
[01Mar2026 21:48:41.822] [main/DEBUG] [net.minecraftforge.fml.loading.moddiscovery.ModFileParser/LOADING]: Considering mod file candidate C:\ServerMine\mods\ritchiesprojectilelib-2.1.1-mc.1.20.1-forge.jar
[01Mar2026 21:48:41.823] [main/DEBUG] [net.minecraftforge.fml.loading.moddiscovery.ModFileInfo/LOADING]: Found valid mod file ritchiesprojectilelib-2.1.1-mc.1.20.1-forge.jar with {ritchiesprojectilelib} mods - versions {2.1.1}
[01Mar2026 21:48:41.823] [main/DEBUG] [net.minecraftforge.fml.loading.moddiscovery.ModFile/LOADING]: Loading mod file C:\ServerMine\mods\ritchiesprojectilelib-2.1.1-mc.1.20.1-forge.jar with languages [LanguageSpec[languageName=javafml, acceptedVersions=[47,)]]
[01Mar2026 21:48:41.823] [main/DEBUG] [net.minecraftforge.fml.loading.moddiscovery.ModFileParser/LOADING]: Considering mod file candidate C:\ServerMine\mods\Controlling-forge-1.20.1-12.0.2.jar
[01Mar2026 21:48:41.823] [main/DEBUG] [net.minecraftforge.fml.loading.moddiscovery.ModFileInfo/LOADING]: Found valid mod file Controlling-forge-1.20.1-12.0.2.jar with {controlling} mods - versions {12.0.2}
[01Mar2026 21:48:41.823] [main/DEBUG] [net.minecraftforge.fml.loading.moddiscovery.ModFile/LOADING]: Loading mod file C:\ServerMine\mods\Controlling-forge-1.20.1-12.0.2.jar with languages [LanguageSpec[languageName=javafml, acceptedVersions=[41,)]]
[01Mar2026 21:48:41.823] [main/DEBUG] [net.minecraftforge.fml.loading.moddiscovery.ModFileParser/LOADING]: Considering mod file candidate C:\ServerMine\mods\EnhancedVisuals_FORGE_v1.8.2_mc1.20.1.jar
[01Mar2026 21:48:41.823] [main/DEBUG] [net.minecraftforge.fml.loading.moddiscovery.ModFileInfo/LOADING]: Found valid mod file EnhancedVisuals_FORGE_v1.8.2_mc1.20.1.jar with {enhancedvisuals} mods - versions {1.8.2}
[01Mar2026 21:48:41.823] [main/DEBUG] [net.minecraftforge.fml.loading.moddiscovery.ModFile/LOADING]: Loading mod file C:\ServerMine\mods\EnhancedVisuals_FORGE_v1.8.2_mc1.20.1.jar with languages [LanguageSpec[languageName=javafml, acceptedVersions=[46,)]]
[01Mar2026 21:48:41.823] [main/DEBUG] [net.minecraftforge.fml.loading.moddiscovery.ModFileParser/LOADING]: Considering mod file candidate C:\ServerMine\mods\citadel-2.6.3-1.20.1.jar
[01Mar2026 21:48:41.823] [main/DEBUG] [net.minecraftforge.fml.loading.moddiscovery.ModFileInfo/LOADING]: Found valid mod file citadel-2.6.3-1.20.1.jar with {citadel} mods - versions {2.6.3}
[01Mar2026 21:48:41.823] [main/DEBUG] [net.minecraftforge.fml.loading.moddiscovery.ModFile/LOADING]: Loading mod file C:\ServerMine\mods\citadel-2.6.3-1.20.1.jar with languages [LanguageSpec[languageName=javafml, acceptedVersions=[47,)]]
[01Mar2026 21:48:41.824] [main/DEBUG] [net.minecraftforge.fml.loading.moddiscovery.ModFileParser/LOADING]: Considering mod file candidate C:\ServerMine\mods\Placebo-1.20.1-8.6.3.jar
[01Mar2026 21:48:41.824] [main/DEBUG] [net.minecraftforge.fml.loading.moddiscovery.ModFileInfo/LOADING]: Found valid mod file Placebo-1.20.1-8.6.3.jar with {placebo} mods - versions {8.6.3}
[01Mar2026 21:48:41.824] [main/DEBUG] [net.minecraftforge.fml.loading.moddiscovery.ModFile/LOADING]: Loading mod file C:\ServerMine\mods\Placebo-1.20.1-8.6.3.jar with languages [LanguageSpec[languageName=javafml, acceptedVersions=[32,)]]
[01Mar2026 21:48:41.824] [main/DEBUG] [net.minecraftforge.fml.loading.moddiscovery.ModFileParser/LOADING]: Found coremod placebo_get_ench_level_event with Javascript path coremods/get_ench_level_event.js
[01Mar2026 21:48:41.824] [main/DEBUG] [net.minecraftforge.fml.loading.moddiscovery.ModFileParser/LOADING]: Found coremod placebo_get_ench_level_event_specific with Javascript path coremods/get_ench_level_event_specific.js
[01Mar2026 21:48:41.824] [main/DEBUG] [net.minecraftforge.fml.loading.moddiscovery.ModFile/LOADING]: Found coremod coremods/get_ench_level_event.js
[01Mar2026 21:48:41.824] [main/DEBUG] [net.minecraftforge.fml.loading.moddiscovery.ModFile/LOADING]: Found coremod coremods/get_ench_level_event_specific.js
[01Mar2026 21:48:41.824] [main/DEBUG] [net.minecraftforge.fml.loading.moddiscovery.ModFileParser/LOADING]: Considering mod file candidate C:\ServerMine\mods\zombieawareness-1.20.1-1.13.1.jar
[01Mar2026 21:48:41.824] [main/DEBUG] [net.minecraftforge.fml.loading.moddiscovery.ModFileInfo/LOADING]: Found valid mod file zombieawareness-1.20.1-1.13.1.jar with {zombieawareness} mods - versions {1.20.1-1.13.1}
[01Mar2026 21:48:41.824] [main/DEBUG] [net.minecraftforge.fml.loading.moddiscovery.ModFile/LOADING]: Loading mod file C:\ServerMine\mods\zombieawareness-1.20.1-1.13.1.jar with languages [LanguageSpec[languageName=javafml, acceptedVersions=[47,)]]
[01Mar2026 21:48:41.824] [main/DEBUG] [net.minecraftforge.fml.loading.moddiscovery.ModFileParser/LOADING]: Considering mod file candidate C:\ServerMine\mods\Bookshelf-Forge-1.20.1-20.2.15.jar
[01Mar2026 21:48:41.824] [main/DEBUG] [net.minecraftforge.fml.loading.moddiscovery.ModFileInfo/LOADING]: Found valid mod file Bookshelf-Forge-1.20.1-20.2.15.jar with {bookshelf} mods - versions {20.2.15}
[01Mar2026 21:48:41.824] [main/DEBUG] [net.minecraftforge.fml.loading.moddiscovery.ModFile/LOADING]: Loading mod file C:\ServerMine\mods\Bookshelf-Forge-1.20.1-20.2.15.jar with languages [LanguageSpec[languageName=javafml, acceptedVersions=[47,)]]
[01Mar2026 21:48:41.824] [main/DEBUG] [net.minecraftforge.fml.loading.moddiscovery.ModFileParser/LOADING]: Considering mod file candidate C:\ServerMine\mods\sophisticatedbackpacks-1.20.1-3.24.24.1538.jar
[01Mar2026 21:48:41.825] [main/DEBUG] [net.minecraftforge.fml.loading.moddiscovery.ModFileInfo/LOADING]: Found valid mod file sophisticatedbackpacks-1.20.1-3.24.24.1538.jar with {sophisticatedbackpacks} mods - versions {3.24.24.1538}
[01Mar2026 21:48:41.825] [main/DEBUG] [net.minecraftforge.fml.loading.moddiscovery.ModFile/LOADING]: Loading mod file C:\ServerMine\mods\sophisticatedbackpacks-1.20.1-3.24.24.1538.jar with languages [LanguageSpec[languageName=javafml, acceptedVersions=[47,)]]
[01Mar2026 21:48:41.825] [main/DEBUG] [net.minecraftforge.fml.loading.moddiscovery.ModFileParser/LOADING]: Considering mod file candidate C:\ServerMine\mods\u_team_core-forge-1.20.1-5.1.4.382.jar
[01Mar2026 21:48:41.825] [main/DEBUG] [net.minecraftforge.fml.loading.moddiscovery.ModFileInfo/LOADING]: Found valid mod file u_team_core-forge-1.20.1-5.1.4.382.jar with {uteamcore} mods - versions {5.1.4.382}
[01Mar2026 21:48:41.825] [main/DEBUG] [net.minecraftforge.fml.loading.moddiscovery.ModFile/LOADING]: Loading mod file C:\ServerMine\mods\u_team_core-forge-1.20.1-5.1.4.382.jar with languages [LanguageSpec[languageName=javafml, acceptedVersions=[47,)]]
[01Mar2026 21:48:41.825] [main/DEBUG] [net.minecraftforge.fml.loading.moddiscovery.ModFileParser/LOADING]: Found coremod Dataprovider Change Indent to Tab with Javascript path asm/dataprovider-set-indent.js
[01Mar2026 21:48:41.825] [main/DEBUG] [net.minecraftforge.fml.loading.moddiscovery.ModFile/LOADING]: Found coremod asm/dataprovider-set-indent.js
[01Mar2026 21:48:41.825] [main/DEBUG] [net.minecraftforge.fml.loading.moddiscovery.ModFileParser/LOADING]: Considering mod file candidate C:\ServerMine\mods\mcw-doors-1.1.5-mc1.20.1forge.jar
[01Mar2026 21:48:41.825] [main/DEBUG] [net.minecraftforge.fml.loading.moddiscovery.ModFileInfo/LOADING]: Found valid mod file mcw-doors-1.1.5-mc1.20.1forge.jar with {mcwdoors} mods - versions {1.1.5}
[01Mar2026 21:48:41.825] [main/DEBUG] [net.minecraftforge.fml.loading.moddiscovery.ModFile/LOADING]: Loading mod file C:\ServerMine\mods\mcw-doors-1.1.5-mc1.20.1forge.jar with languages [LanguageSpec[languageName=javafml, acceptedVersions=[28,)]]
[01Mar2026 21:48:41.825] [main/DEBUG] [net.minecraftforge.fml.loading.moddiscovery.ModFileParser/LOADING]: Considering mod file candidate C:\ServerMine\mods\superbwarfare-1.20.1-0.8.8-final-6a6b54795.jar
[01Mar2026 21:48:41.826] [main/DEBUG] [net.minecraftforge.fml.loading.moddiscovery.ModFileInfo/LOADING]: Found valid mod file superbwarfare-1.20.1-0.8.8-final-6a6b54795.jar with {superbwarfare} mods - versions {0.8.8}
[01Mar2026 21:48:41.826] [main/DEBUG] [net.minecraftforge.fml.loading.moddiscovery.ModFile/LOADING]: Loading mod file C:\ServerMine\mods\superbwarfare-1.20.1-0.8.8-final-6a6b54795.jar with languages [LanguageSpec[languageName=javafml, acceptedVersions=[47,)]]
[01Mar2026 21:48:41.826] [main/DEBUG] [net.minecraftforge.fml.loading.moddiscovery.ModFileParser/LOADING]: Considering mod file candidate C:\ServerMine\mods\MekanismGenerators-1.20.1-10.4.16.80.jar
[01Mar2026 21:48:41.826] [main/DEBUG] [net.minecraftforge.fml.loading.moddiscovery.ModFileInfo/LOADING]: Found valid mod file MekanismGenerators-1.20.1-10.4.16.80.jar with {mekanismgenerators} mods - versions {10.4.16}
[01Mar2026 21:48:41.826] [main/DEBUG] [net.minecraftforge.fml.loading.moddiscovery.ModFile/LOADING]: Loading mod file C:\ServerMine\mods\MekanismGenerators-1.20.1-10.4.16.80.jar with languages [LanguageSpec[languageName=javafml, acceptedVersions=[47,)]]
[01Mar2026 21:48:41.826] [main/DEBUG] [net.minecraftforge.fml.loading.moddiscovery.ModFileParser/LOADING]: Considering mod file candidate C:\ServerMine\mods\Steam_Rails-1.6.15-beta+forge-mc1.20.1.jar
[01Mar2026 21:48:41.826] [main/DEBUG] [net.minecraftforge.fml.loading.moddiscovery.ModFileInfo/LOADING]: Found valid mod file Steam_Rails-1.6.15-beta+forge-mc1.20.1.jar with {railways} mods - versions {1.6.15-beta+forge-mc1.20.1}
[01Mar2026 21:48:41.826] [main/DEBUG] [net.minecraftforge.fml.loading.moddiscovery.ModFile/LOADING]: Loading mod file C:\ServerMine\mods\Steam_Rails-1.6.15-beta+forge-mc1.20.1.jar with languages [LanguageSpec[languageName=javafml, acceptedVersions=[47,)]]
[01Mar2026 21:48:41.826] [main/DEBUG] [net.minecraftforge.fml.loading.moddiscovery.ModFileParser/LOADING]: Considering mod file candidate C:\ServerMine\mods\carryon-forge-1.20.1-2.1.2.7.jar
[01Mar2026 21:48:41.827] [main/DEBUG] [net.minecraftforge.fml.loading.moddiscovery.ModFileInfo/LOADING]: Found valid mod file carryon-forge-1.20.1-2.1.2.7.jar with {carryon} mods - versions {2.1.2.7}
[01Mar2026 21:48:41.827] [main/DEBUG] [net.minecraftforge.fml.loading.moddiscovery.ModFile/LOADING]: Loading mod file C:\ServerMine\mods\carryon-forge-1.20.1-2.1.2.7.jar with languages [LanguageSpec[languageName=javafml, acceptedVersions=[46,)]]
[01Mar2026 21:48:41.827] [main/DEBUG] [net.minecraftforge.fml.loading.moddiscovery.ModFileParser/LOADING]: Considering mod file candidate C:\ServerMine\mods\doomsday_translations-1.0.7.jar
[01Mar2026 21:48:41.827] [main/DEBUG] [net.minecraftforge.fml.loading.moddiscovery.ModFileInfo/LOADING]: Found valid mod file doomsday_translations-1.0.7.jar with {doomsday_translations} mods - versions {1.0.7}
[01Mar2026 21:48:41.827] [main/DEBUG] [net.minecraftforge.fml.loading.moddiscovery.ModFile/LOADING]: Loading mod file C:\ServerMine\mods\doomsday_translations-1.0.7.jar with languages [LanguageSpec[languageName=javafml, acceptedVersions=[47,)]]
[01Mar2026 21:48:41.827] [main/DEBUG] [net.minecraftforge.fml.loading.moddiscovery.ModFileParser/LOADING]: Considering mod file candidate C:\ServerMine\mods\warborn-1.20.1-2.3.3.jar
[01Mar2026 21:48:41.827] [main/DEBUG] [net.minecraftforge.fml.loading.moddiscovery.ModFileInfo/LOADING]: Found valid mod file warborn-1.20.1-2.3.3.jar with {warborn} mods - versions {2.3.3}
[01Mar2026 21:48:41.827] [main/DEBUG] [net.minecraftforge.fml.loading.moddiscovery.ModFile/LOADING]: Loading mod file C:\ServerMine\mods\warborn-1.20.1-2.3.3.jar with languages [LanguageSpec[languageName=javafml, acceptedVersions=[47,)]]
[01Mar2026 21:48:41.827] [main/DEBUG] [net.minecraftforge.fml.loading.moddiscovery.ModFileParser/LOADING]: Considering mod file candidate C:\ServerMine\mods\melody_forge_1.0.3_MC_1.20.1-1.20.4.jar
[01Mar2026 21:48:41.827] [main/DEBUG] [net.minecraftforge.fml.loading.moddiscovery.ModFileInfo/LOADING]: Found valid mod file melody_forge_1.0.3_MC_1.20.1-1.20.4.jar with {melody} mods - versions {1.0.2}
[01Mar2026 21:48:41.827] [main/DEBUG] [net.minecraftforge.fml.loading.moddiscovery.ModFile/LOADING]: Loading mod file C:\ServerMine\mods\melody_forge_1.0.3_MC_1.20.1-1.20.4.jar with languages [LanguageSpec[languageName=javafml, acceptedVersions=[47,)]]
[01Mar2026 21:48:41.827] [main/DEBUG] [net.minecraftforge.fml.loading.moddiscovery.ModFileParser/LOADING]: Considering mod file candidate C:\ServerMine\mods\ftb-teams-forge-2001.3.2.jar
[01Mar2026 21:48:41.828] [main/DEBUG] [net.minecraftforge.fml.loading.moddiscovery.ModFileInfo/LOADING]: Found valid mod file ftb-teams-forge-2001.3.2.jar with {ftbteams} mods - versions {2001.3.2}
[01Mar2026 21:48:41.828] [main/DEBUG] [net.minecraftforge.fml.loading.moddiscovery.ModFile/LOADING]: Loading mod file C:\ServerMine\mods\ftb-teams-forge-2001.3.2.jar with languages [LanguageSpec[languageName=javafml, acceptedVersions=[47,)]]
[01Mar2026 21:48:41.828] [main/DEBUG] [net.minecraftforge.fml.loading.moddiscovery.ModFileParser/LOADING]: Considering mod file candidate C:\ServerMine\mods\dummmmmmy-1.20-2.0.9.jar
[01Mar2026 21:48:41.828] [main/DEBUG] [net.minecraftforge.fml.loading.moddiscovery.ModFileInfo/LOADING]: Found valid mod file dummmmmmy-1.20-2.0.9.jar with {dummmmmmy} mods - versions {1.20-2.0.9}
[01Mar2026 21:48:41.828] [main/DEBUG] [net.minecraftforge.fml.loading.moddiscovery.ModFile/LOADING]: Loading mod file C:\ServerMine\mods\dummmmmmy-1.20-2.0.9.jar with languages [LanguageSpec[languageName=javafml, acceptedVersions=[40,)]]
[01Mar2026 21:48:41.828] [main/DEBUG] [net.minecraftforge.fml.loading.moddiscovery.ModFileParser/LOADING]: Considering mod file candidate C:\ServerMine\mods\konkrete_forge_1.8.0_MC_1.20-1.20.1.jar
[01Mar2026 21:48:41.828] [main/DEBUG] [net.minecraftforge.fml.loading.moddiscovery.ModFileInfo/LOADING]: Found valid mod file konkrete_forge_1.8.0_MC_1.20-1.20.1.jar with {konkrete} mods - versions {1.8.0}
[01Mar2026 21:48:41.828] [main/DEBUG] [net.minecraftforge.fml.loading.moddiscovery.ModFile/LOADING]: Loading mod file C:\ServerMine\mods\konkrete_forge_1.8.0_MC_1.20-1.20.1.jar with languages [LanguageSpec[languageName=javafml, acceptedVersions=[46,)]]
[01Mar2026 21:48:41.828] [main/DEBUG] [net.minecraftforge.fml.loading.moddiscovery.ModFileParser/LOADING]: Considering mod file candidate C:\ServerMine\mods\letsdo-bloomingnature-forge-1.0.12.jar
[01Mar2026 21:48:41.828] [main/DEBUG] [net.minecraftforge.fml.loading.moddiscovery.ModFileInfo/LOADING]: Found valid mod file letsdo-bloomingnature-forge-1.0.12.jar with {bloomingnature} mods - versions {1.0.12}
[01Mar2026 21:48:41.828] [main/DEBUG] [net.minecraftforge.fml.loading.moddiscovery.ModFile/LOADING]: Loading mod file C:\ServerMine\mods\letsdo-bloomingnature-forge-1.0.12.jar with languages [LanguageSpec[languageName=javafml, acceptedVersions=[47,)]]
[01Mar2026 21:48:41.828] [main/DEBUG] [net.minecraftforge.fml.loading.moddiscovery.ModFileParser/LOADING]: Considering mod file candidate C:\ServerMine\mods\daffas_arsenal-3.2.0.jar
[01Mar2026 21:48:41.829] [main/DEBUG] [net.minecraftforge.fml.loading.moddiscovery.ModFileInfo/LOADING]: Found valid mod file daffas_arsenal-3.2.0.jar with {daffas_arsenal} mods - versions {3.2.0}
[01Mar2026 21:48:41.829] [main/DEBUG] [net.minecraftforge.fml.loading.moddiscovery.ModFile/LOADING]: Loading mod file C:\ServerMine\mods\daffas_arsenal-3.2.0.jar with languages [LanguageSpec[languageName=javafml, acceptedVersions=[47,)]]
[01Mar2026 21:48:41.829] [main/DEBUG] [net.minecraftforge.fml.loading.moddiscovery.ModFileParser/LOADING]: Considering mod file candidate C:\ServerMine\mods\entity_model_features_1.20.1-forge-3.0.12.jar
[01Mar2026 21:48:41.829] [main/DEBUG] [net.minecraftforge.fml.loading.moddiscovery.ModFileInfo/LOADING]: Found valid mod file entity_model_features_1.20.1-forge-3.0.12.jar with {entity_model_features} mods - versions {3.0.12}
[01Mar2026 21:48:41.829] [main/DEBUG] [net.minecraftforge.fml.loading.moddiscovery.ModFile/LOADING]: Loading mod file C:\ServerMine\mods\entity_model_features_1.20.1-forge-3.0.12.jar with languages [LanguageSpec[languageName=javafml, acceptedVersions=[33,)]]
[01Mar2026 21:48:41.829] [main/DEBUG] [net.minecraftforge.fml.loading.moddiscovery.ModFileParser/LOADING]: Considering mod file candidate C:\ServerMine\mods\FarmersDelight-1.20.1-1.2.10.jar
[01Mar2026 21:48:41.829] [main/DEBUG] [net.minecraftforge.fml.loading.moddiscovery.ModFileInfo/LOADING]: Found valid mod file FarmersDelight-1.20.1-1.2.10.jar with {farmersdelight} mods - versions {1.20.1-1.2.10}
[01Mar2026 21:48:41.829] [main/DEBUG] [net.minecraftforge.fml.loading.moddiscovery.ModFile/LOADING]: Loading mod file C:\ServerMine\mods\FarmersDelight-1.20.1-1.2.10.jar with languages [LanguageSpec[languageName=javafml, acceptedVersions=[46,)]]
[01Mar2026 21:48:41.829] [main/DEBUG] [net.minecraftforge.fml.loading.moddiscovery.ModFileParser/LOADING]: Considering mod file candidate C:\ServerMine\mods\mcw-bridges-3.1.2-mc1.20.1forge.jar
[01Mar2026 21:48:41.829] [main/DEBUG] [net.minecraftforge.fml.loading.moddiscovery.ModFileInfo/LOADING]: Found valid mod file mcw-bridges-3.1.2-mc1.20.1forge.jar with {mcwbridges} mods - versions {3.1.2}
[01Mar2026 21:48:41.829] [main/DEBUG] [net.minecraftforge.fml.loading.moddiscovery.ModFile/LOADING]: Loading mod file C:\ServerMine\mods\mcw-bridges-3.1.2-mc1.20.1forge.jar with languages [LanguageSpec[languageName=javafml, acceptedVersions=[28,)]]
[01Mar2026 21:48:41.829] [main/DEBUG] [net.minecraftforge.fml.loading.moddiscovery.ModFileParser/LOADING]: Considering mod file candidate C:\ServerMine\mods\entity_texture_features_1.20.1-forge-7.0.9.jar
[01Mar2026 21:48:41.829] [main/DEBUG] [net.minecraftforge.fml.loading.moddiscovery.ModFileInfo/LOADING]: Found valid mod file entity_texture_features_1.20.1-forge-7.0.9.jar with {entity_texture_features} mods - versions {7.0.9}
[01Mar2026 21:48:41.829] [main/DEBUG] [net.minecraftforge.fml.loading.moddiscovery.ModFile/LOADING]: Loading mod file C:\ServerMine\mods\entity_texture_features_1.20.1-forge-7.0.9.jar with languages [LanguageSpec[languageName=javafml, acceptedVersions=[33,)]]
[01Mar2026 21:48:41.830] [main/DEBUG] [net.minecraftforge.fml.loading.moddiscovery.ModFileParser/LOADING]: Considering mod file candidate C:\ServerMine\mods\MTS Official Pack-1.20.1-V28.2.jar
[01Mar2026 21:48:41.830] [main/DEBUG] [net.minecraftforge.fml.loading.moddiscovery.ModFileInfo/LOADING]: Found valid mod file MTS Official Pack-1.20.1-V28.2.jar with {mtsofficialpack} mods - versions {28}
[01Mar2026 21:48:41.830] [main/DEBUG] [net.minecraftforge.fml.loading.moddiscovery.ModFile/LOADING]: Loading mod file C:\ServerMine\mods\MTS Official Pack-1.20.1-V28.2.jar with languages [LanguageSpec[languageName=javafml, acceptedVersions=[36,)]]
[01Mar2026 21:48:41.830] [main/DEBUG] [net.minecraftforge.fml.loading.moddiscovery.ModFileParser/LOADING]: Considering mod file candidate C:\ServerMine\mods\DustrialDecor-1.3.5-1.20.jar
[01Mar2026 21:48:41.830] [main/DEBUG] [net.minecraftforge.fml.loading.moddiscovery.ModFileInfo/LOADING]: Found valid mod file DustrialDecor-1.3.5-1.20.jar with {dustrial_decor} mods - versions {1.3.2}
[01Mar2026 21:48:41.830] [main/DEBUG] [net.minecraftforge.fml.loading.moddiscovery.ModFile/LOADING]: Loading mod file C:\ServerMine\mods\DustrialDecor-1.3.5-1.20.jar with languages [LanguageSpec[languageName=javafml, acceptedVersions=[46,)]]
[01Mar2026 21:48:41.830] [main/DEBUG] [net.minecraftforge.fml.loading.moddiscovery.ModFileParser/LOADING]: Considering mod file candidate C:\ServerMine\mods\AmbientSounds_FORGE_v6.3.4_mc1.20.1.jar
[01Mar2026 21:48:41.830] [main/DEBUG] [net.minecraftforge.fml.loading.moddiscovery.ModFileInfo/LOADING]: Found valid mod file AmbientSounds_FORGE_v6.3.4_mc1.20.1.jar with {ambientsounds} mods - versions {6.3.4}
[01Mar2026 21:48:41.830] [main/DEBUG] [net.minecraftforge.fml.loading.moddiscovery.ModFile/LOADING]: Loading mod file C:\ServerMine\mods\AmbientSounds_FORGE_v6.3.4_mc1.20.1.jar with languages [LanguageSpec[languageName=javafml, acceptedVersions=[46,)]]
[01Mar2026 21:48:41.830] [main/DEBUG] [net.minecraftforge.fml.loading.moddiscovery.ModFileParser/LOADING]: Considering mod file candidate C:\ServerMine\mods\crashutilities-8.1.4.jar
[01Mar2026 21:48:41.830] [main/DEBUG] [net.minecraftforge.fml.loading.moddiscovery.ModFileInfo/LOADING]: Found valid mod file crashutilities-8.1.4.jar with {crashutilities} mods - versions {8.1.4}
[01Mar2026 21:48:41.830] [main/DEBUG] [net.minecraftforge.fml.loading.moddiscovery.ModFile/LOADING]: Loading mod file C:\ServerMine\mods\crashutilities-8.1.4.jar with languages [LanguageSpec[languageName=javafml, acceptedVersions=[47,)]]
[01Mar2026 21:48:41.830] [main/DEBUG] [net.minecraftforge.fml.loading.moddiscovery.ModFileParser/LOADING]: Considering mod file candidate C:\ServerMine\mods\projectvibrantjourneys-1.20.1-6.2.0.jar
[01Mar2026 21:48:41.831] [main/DEBUG] [net.minecraftforge.fml.loading.moddiscovery.ModFileInfo/LOADING]: Found valid mod file projectvibrantjourneys-1.20.1-6.2.0.jar with {projectvibrantjourneys} mods - versions {1.20.1-6.2.0}
[01Mar2026 21:48:41.831] [main/DEBUG] [net.minecraftforge.fml.loading.moddiscovery.ModFile/LOADING]: Loading mod file C:\ServerMine\mods\projectvibrantjourneys-1.20.1-6.2.0.jar with languages [LanguageSpec[languageName=javafml, acceptedVersions=[47,)]]
[01Mar2026 21:48:41.831] [main/DEBUG] [net.minecraftforge.fml.loading.moddiscovery.ModFileParser/LOADING]: Considering mod file candidate C:\ServerMine\mods\simpleshops-1.2.2.jar
[01Mar2026 21:48:41.831] [main/DEBUG] [net.minecraftforge.fml.loading.moddiscovery.ModFileInfo/LOADING]: Found valid mod file simpleshops-1.2.2.jar with {simpleshops} mods - versions {1.2.2}
[01Mar2026 21:48:41.831] [main/DEBUG] [net.minecraftforge.fml.loading.moddiscovery.ModFile/LOADING]: Loading mod file C:\ServerMine\mods\simpleshops-1.2.2.jar with languages [LanguageSpec[languageName=javafml, acceptedVersions=[47,)]]
[01Mar2026 21:48:41.831] [main/DEBUG] [net.minecraftforge.fml.loading.moddiscovery.ModFileParser/LOADING]: Considering mod file candidate C:\ServerMine\mods\RapidLeafDecay-1.20.1-2.0.2.jar
[01Mar2026 21:48:41.831] [main/DEBUG] [net.minecraftforge.fml.loading.moddiscovery.ModFileInfo/LOADING]: Found valid mod file RapidLeafDecay-1.20.1-2.0.2.jar with {rapid_leaf_decay} mods - versions {2.0.2}
[01Mar2026 21:48:41.831] [main/DEBUG] [net.minecraftforge.fml.loading.moddiscovery.ModFile/LOADING]: Loading mod file C:\ServerMine\mods\RapidLeafDecay-1.20.1-2.0.2.jar with languages [LanguageSpec[languageName=javafml, acceptedVersions=[47,)]]
[01Mar2026 21:48:41.831] [main/DEBUG] [net.minecraftforge.fml.loading.moddiscovery.ModFileParser/LOADING]: Considering mod file candidate C:\ServerMine\mods\mcw-mcwfences-1.2.1-mc1.20.1forge.jar
[01Mar2026 21:48:41.831] [main/DEBUG] [net.minecraftforge.fml.loading.moddiscovery.ModFileInfo/LOADING]: Found valid mod file mcw-mcwfences-1.2.1-mc1.20.1forge.jar with {mcwfences} mods - versions {1.2.1}
[01Mar2026 21:48:41.831] [main/DEBUG] [net.minecraftforge.fml.loading.moddiscovery.ModFile/LOADING]: Loading mod file C:\ServerMine\mods\mcw-mcwfences-1.2.1-mc1.20.1forge.jar with languages [LanguageSpec[languageName=javafml, acceptedVersions=[28,)]]
[01Mar2026 21:48:41.831] [main/DEBUG] [net.minecraftforge.fml.loading.moddiscovery.ModFileParser/LOADING]: Considering mod file candidate C:\ServerMine\mods\nostartupmessages-1.0.1.jar
[01Mar2026 21:48:41.832] [main/DEBUG] [net.minecraftforge.fml.loading.moddiscovery.ModFileInfo/LOADING]: Found valid mod file nostartupmessages-1.0.1.jar with {nostartupmessages} mods - versions {1.0.1}
[01Mar2026 21:48:41.832] [main/DEBUG] [net.minecraftforge.fml.loading.moddiscovery.ModFile/LOADING]: Loading mod file C:\ServerMine\mods\nostartupmessages-1.0.1.jar with languages [LanguageSpec[languageName=javafml, acceptedVersions=[47,)]]
[01Mar2026 21:48:41.832] [main/DEBUG] [net.minecraftforge.fml.loading.moddiscovery.ModFileParser/LOADING]: Considering mod file candidate C:\ServerMine\mods\pandalib-forge-mc1.20-0.5.2-SNAPSHOT.jar
[01Mar2026 21:48:41.832] [main/DEBUG] [net.minecraftforge.fml.loading.moddiscovery.ModFileInfo/LOADING]: Found valid mod file pandalib-forge-mc1.20-0.5.2-SNAPSHOT.jar with {pandalib} mods - versions {0.5.2}
[01Mar2026 21:48:41.832] [main/DEBUG] [net.minecraftforge.fml.loading.moddiscovery.ModFile/LOADING]: Loading mod file C:\ServerMine\mods\pandalib-forge-mc1.20-0.5.2-SNAPSHOT.jar with languages [LanguageSpec[languageName=javafml, acceptedVersions=*]]
[01Mar2026 21:48:41.832] [main/DEBUG] [net.minecraftforge.fml.loading.moddiscovery.ModFileParser/LOADING]: Considering mod file candidate C:\ServerMine\mods\apocalypsenow-3.0.5-forge-1.20.1.jar
[01Mar2026 21:48:41.832] [main/DEBUG] [net.minecraftforge.fml.loading.moddiscovery.ModFileInfo/LOADING]: Found valid mod file apocalypsenow-3.0.5-forge-1.20.1.jar with {apocalypsenow} mods - versions {3.0.5}
[01Mar2026 21:48:41.832] [main/DEBUG] [net.minecraftforge.fml.loading.moddiscovery.ModFile/LOADING]: Loading mod file C:\ServerMine\mods\apocalypsenow-3.0.5-forge-1.20.1.jar with languages [LanguageSpec[languageName=javafml, acceptedVersions=[47,)]]
[01Mar2026 21:48:41.832] [main/DEBUG] [net.minecraftforge.fml.loading.moddiscovery.ModFileParser/LOADING]: Considering mod file candidate C:\ServerMine\mods\FazRoleplayClothes-1.20.1-2.4.jar
[01Mar2026 21:48:41.832] [main/DEBUG] [net.minecraftforge.fml.loading.moddiscovery.ModFileInfo/LOADING]: Found valid mod file FazRoleplayClothes-1.20.1-2.4.jar with {faz_roleplay_plus} mods - versions {2.4}
[01Mar2026 21:48:41.832] [main/DEBUG] [net.minecraftforge.fml.loading.moddiscovery.ModFile/LOADING]: Loading mod file C:\ServerMine\mods\FazRoleplayClothes-1.20.1-2.4.jar with languages [LanguageSpec[languageName=javafml, acceptedVersions=[47,)]]
[01Mar2026 21:48:41.832] [main/DEBUG] [net.minecraftforge.fml.loading.moddiscovery.ModFileParser/LOADING]: Considering mod file candidate C:\ServerMine\mods\jeffs_cursed_walking_structures-3.3.0-forge-1.20.1.jar
[01Mar2026 21:48:41.832] [main/DEBUG] [net.minecraftforge.fml.loading.moddiscovery.ModFileInfo/LOADING]: Found valid mod file jeffs_cursed_walking_structures-3.3.0-forge-1.20.1.jar with {jeffs_cursed_walking_structures} mods - versions {3.3.0}
[01Mar2026 21:48:41.832] [main/DEBUG] [net.minecraftforge.fml.loading.moddiscovery.ModFile/LOADING]: Loading mod file C:\ServerMine\mods\jeffs_cursed_walking_structures-3.3.0-forge-1.20.1.jar with languages [LanguageSpec[languageName=javafml, acceptedVersions=[47,)]]
[01Mar2026 21:48:41.832] [main/DEBUG] [net.minecraftforge.fml.loading.moddiscovery.ModFileParser/LOADING]: Considering mod file candidate C:\ServerMine\mods\Patchouli-1.20.1-84.1-FORGE.jar
[01Mar2026 21:48:41.833] [main/DEBUG] [net.minecraftforge.fml.loading.moddiscovery.ModFileInfo/LOADING]: Found valid mod file Patchouli-1.20.1-84.1-FORGE.jar with {patchouli} mods - versions {1.20.1-84.1-FORGE}
[01Mar2026 21:48:41.833] [main/DEBUG] [net.minecraftforge.fml.loading.moddiscovery.ModFile/LOADING]: Loading mod file C:\ServerMine\mods\Patchouli-1.20.1-84.1-FORGE.jar with languages [LanguageSpec[languageName=javafml, acceptedVersions=[47,)]]
[01Mar2026 21:48:41.833] [main/DEBUG] [net.minecraftforge.fml.loading.moddiscovery.ModFileParser/LOADING]: Considering mod file candidate C:\ServerMine\mods\collective-1.20.1-8.13.jar
[01Mar2026 21:48:41.833] [main/DEBUG] [net.minecraftforge.fml.loading.moddiscovery.ModFileInfo/LOADING]: Found valid mod file collective-1.20.1-8.13.jar with {collective} mods - versions {8.13}
[01Mar2026 21:48:41.833] [main/DEBUG] [net.minecraftforge.fml.loading.moddiscovery.ModFile/LOADING]: Loading mod file C:\ServerMine\mods\collective-1.20.1-8.13.jar with languages [LanguageSpec[languageName=javafml, acceptedVersions=*]]
[01Mar2026 21:48:41.833] [main/DEBUG] [net.minecraftforge.fml.loading.moddiscovery.ModFileParser/LOADING]: Considering mod file candidate C:\ServerMine\mods\flan-1.20.1-1.11.15-forge.jar
[01Mar2026 21:48:41.833] [main/DEBUG] [net.minecraftforge.fml.loading.moddiscovery.ModFileInfo/LOADING]: Found valid mod file flan-1.20.1-1.11.15-forge.jar with {flan} mods - versions {1.20.1-1.11.15}
[01Mar2026 21:48:41.833] [main/DEBUG] [net.minecraftforge.fml.loading.moddiscovery.ModFile/LOADING]: Loading mod file C:\ServerMine\mods\flan-1.20.1-1.11.15-forge.jar with languages [LanguageSpec[languageName=javafml, acceptedVersions=[47,)]]
[01Mar2026 21:48:41.833] [main/DEBUG] [net.minecraftforge.fml.loading.moddiscovery.ModFileParser/LOADING]: Considering mod file candidate C:\ServerMine\mods\BridgeMaker-1.20.1-2.0.3.jar
[01Mar2026 21:48:41.833] [main/DEBUG] [net.minecraftforge.fml.loading.moddiscovery.ModFileInfo/LOADING]: Found valid mod file BridgeMaker-1.20.1-2.0.3.jar with {bridge_maker} mods - versions {2.0.3}
[01Mar2026 21:48:41.833] [main/DEBUG] [net.minecraftforge.fml.loading.moddiscovery.ModFile/LOADING]: Loading mod file C:\ServerMine\mods\BridgeMaker-1.20.1-2.0.3.jar with languages [LanguageSpec[languageName=javafml, acceptedVersions=[47,)]]
[01Mar2026 21:48:41.833] [main/DEBUG] [net.minecraftforge.fml.loading.moddiscovery.ModFileParser/LOADING]: Considering mod file candidate C:\ServerMine\mods\legendarysurvivaloverhaul-1.20.1-2.4.2.jar
[01Mar2026 21:48:41.833] [main/DEBUG] [net.minecraftforge.fml.loading.moddiscovery.ModFileInfo/LOADING]: Found valid mod file legendarysurvivaloverhaul-1.20.1-2.4.2.jar with {legendarysurvivaloverhaul} mods - versions {1.20.1-2.4.2}
[01Mar2026 21:48:41.834] [main/DEBUG] [net.minecraftforge.fml.loading.moddiscovery.ModFile/LOADING]: Loading mod file C:\ServerMine\mods\legendarysurvivaloverhaul-1.20.1-2.4.2.jar with languages [LanguageSpec[languageName=javafml, acceptedVersions=[47,)]]
[01Mar2026 21:48:41.834] [main/DEBUG] [net.minecraftforge.fml.loading.moddiscovery.ModFileParser/LOADING]: Considering mod file candidate C:\ServerMine\mods\YungsBetterStrongholds-1.20-Forge-4.0.3.jar
[01Mar2026 21:48:41.834] [main/DEBUG] [net.minecraftforge.fml.loading.moddiscovery.ModFileInfo/LOADING]: Found valid mod file YungsBetterStrongholds-1.20-Forge-4.0.3.jar with {betterstrongholds} mods - versions {1.20-Forge-4.0.3}
[01Mar2026 21:48:41.834] [main/DEBUG] [net.minecraftforge.fml.loading.moddiscovery.ModFile/LOADING]: Loading mod file C:\ServerMine\mods\YungsBetterStrongholds-1.20-Forge-4.0.3.jar with languages [LanguageSpec[languageName=javafml, acceptedVersions=[46,)]]
[01Mar2026 21:48:41.834] [main/DEBUG] [net.minecraftforge.fml.loading.moddiscovery.ModFileParser/LOADING]: Considering mod file candidate C:\ServerMine\mods\resourcefullib-forge-1.20.1-2.1.29.jar
[01Mar2026 21:48:41.834] [main/DEBUG] [net.minecraftforge.fml.loading.moddiscovery.ModFileInfo/LOADING]: Found valid mod file resourcefullib-forge-1.20.1-2.1.29.jar with {resourcefullib} mods - versions {2.1.29}
[01Mar2026 21:48:41.834] [main/DEBUG] [net.minecraftforge.fml.loading.moddiscovery.ModFile/LOADING]: Loading mod file C:\ServerMine\mods\resourcefullib-forge-1.20.1-2.1.29.jar with languages [LanguageSpec[languageName=javafml, acceptedVersions=[46,)]]
[01Mar2026 21:48:41.834] [main/DEBUG] [net.minecraftforge.fml.loading.moddiscovery.ModFileParser/LOADING]: Considering mod file candidate C:\ServerMine\mods\eatinganimation-1.20.1-5.1.0.jar
[01Mar2026 21:48:41.834] [main/DEBUG] [net.minecraftforge.fml.loading.moddiscovery.ModFileInfo/LOADING]: Found valid mod file eatinganimation-1.20.1-5.1.0.jar with {eatinganimation} mods - versions {5.1.0}
[01Mar2026 21:48:41.834] [main/DEBUG] [net.minecraftforge.fml.loading.moddiscovery.ModFile/LOADING]: Loading mod file C:\ServerMine\mods\eatinganimation-1.20.1-5.1.0.jar with languages [LanguageSpec[languageName=gml, acceptedVersions=[1,)]]
[01Mar2026 21:48:41.834] [main/DEBUG] [net.minecraftforge.fml.loading.moddiscovery.ModFileParser/LOADING]: Considering mod file candidate C:\ServerMine\mods\ScalingMobs-2.2.2.jar
[01Mar2026 21:48:41.834] [main/DEBUG] [net.minecraftforge.fml.loading.moddiscovery.ModFileInfo/LOADING]: Found valid mod file ScalingMobs-2.2.2.jar with {scalingmobs} mods - versions {2.2.2}
[01Mar2026 21:48:41.834] [main/DEBUG] [net.minecraftforge.fml.loading.moddiscovery.ModFile/LOADING]: Loading mod file C:\ServerMine\mods\ScalingMobs-2.2.2.jar with languages [LanguageSpec[languageName=javafml, acceptedVersions=[47,)]]
[01Mar2026 21:48:41.834] [main/DEBUG] [net.minecraftforge.fml.loading.moddiscovery.ModFileParser/LOADING]: Considering mod file candidate C:\ServerMine\mods\starterkit-1.20.1-7.4.jar
[01Mar2026 21:48:41.835] [main/DEBUG] [net.minecraftforge.fml.loading.moddiscovery.ModFileInfo/LOADING]: Found valid mod file starterkit-1.20.1-7.4.jar with {starterkit} mods - versions {7.4}
[01Mar2026 21:48:41.835] [main/DEBUG] [net.minecraftforge.fml.loading.moddiscovery.ModFile/LOADING]: Loading mod file C:\ServerMine\mods\starterkit-1.20.1-7.4.jar with languages [LanguageSpec[languageName=javafml, acceptedVersions=*]]
[01Mar2026 21:48:41.835] [main/DEBUG] [net.minecraftforge.fml.loading.moddiscovery.ModFileParser/LOADING]: Considering mod file candidate C:\ServerMine\mods\MekanismTools-1.20.1-10.4.16.80.jar
[01Mar2026 21:48:41.835] [main/DEBUG] [net.minecraftforge.fml.loading.moddiscovery.ModFileInfo/LOADING]: Found valid mod file MekanismTools-1.20.1-10.4.16.80.jar with {mekanismtools} mods - versions {10.4.16}
[01Mar2026 21:48:41.835] [main/DEBUG] [net.minecraftforge.fml.loading.moddiscovery.ModFile/LOADING]: Loading mod file C:\ServerMine\mods\MekanismTools-1.20.1-10.4.16.80.jar with languages [LanguageSpec[languageName=javafml, acceptedVersions=[47,)]]
[01Mar2026 21:48:41.835] [main/DEBUG] [net.minecraftforge.fml.loading.moddiscovery.ModFileParser/LOADING]: Considering mod file candidate C:\ServerMine\mods\architectury-9.2.14-forge.jar
[01Mar2026 21:48:41.835] [main/DEBUG] [net.minecraftforge.fml.loading.moddiscovery.ModFileInfo/LOADING]: Found valid mod file architectury-9.2.14-forge.jar with {architectury} mods - versions {9.2.14}
[01Mar2026 21:48:41.835] [main/DEBUG] [net.minecraftforge.fml.loading.moddiscovery.ModFile/LOADING]: Loading mod file C:\ServerMine\mods\architectury-9.2.14-forge.jar with languages [LanguageSpec[languageName=javafml, acceptedVersions=[46,)]]
[01Mar2026 21:48:41.835] [main/DEBUG] [net.minecraftforge.fml.loading.moddiscovery.ModFileParser/LOADING]: Considering mod file candidate C:\ServerMine\mods\cupboard-1.20.1-3.0.jar
[01Mar2026 21:48:41.835] [main/DEBUG] [net.minecraftforge.fml.loading.moddiscovery.ModFileInfo/LOADING]: Found valid mod file cupboard-1.20.1-3.0.jar with {cupboard} mods - versions {1.20.1-3.0}
[01Mar2026 21:48:41.835] [main/DEBUG] [net.minecraftforge.fml.loading.moddiscovery.ModFile/LOADING]: Loading mod file C:\ServerMine\mods\cupboard-1.20.1-3.0.jar with languages [LanguageSpec[languageName=javafml, acceptedVersions=[36,)]]
[01Mar2026 21:48:41.835] [main/DEBUG] [net.minecraftforge.fml.loading.moddiscovery.ModFileParser/LOADING]: Considering mod file candidate C:\ServerMine\mods\set_things_up-1.0.jar
[01Mar2026 21:48:41.835] [main/DEBUG] [net.minecraftforge.fml.loading.moddiscovery.ModFileInfo/LOADING]: Found valid mod file set_things_up-1.0.jar with {set_things_up} mods - versions {1.0.0}
[01Mar2026 21:48:41.835] [main/DEBUG] [net.minecraftforge.fml.loading.moddiscovery.ModFile/LOADING]: Loading mod file C:\ServerMine\mods\set_things_up-1.0.jar with languages [LanguageSpec[languageName=javafml, acceptedVersions=[47,)]]
[01Mar2026 21:48:41.835] [main/DEBUG] [net.minecraftforge.fml.loading.moddiscovery.ModFileParser/LOADING]: Considering mod file candidate C:\ServerMine\mods\chaoszpack_structures-1.0.2-1.20.1.jar
[01Mar2026 21:48:41.836] [main/DEBUG] [net.minecraftforge.fml.loading.moddiscovery.ModFileInfo/LOADING]: Found valid mod file chaoszpack_structures-1.0.2-1.20.1.jar with {chaoszpack_structures} mods - versions {1.0.2}
[01Mar2026 21:48:41.836] [main/DEBUG] [net.minecraftforge.fml.loading.moddiscovery.ModFile/LOADING]: Loading mod file C:\ServerMine\mods\chaoszpack_structures-1.0.2-1.20.1.jar with languages [LanguageSpec[languageName=javafml, acceptedVersions=[47,)]]
[01Mar2026 21:48:41.836] [main/DEBUG] [net.minecraftforge.fml.loading.moddiscovery.ModFileParser/LOADING]: Considering mod file candidate C:\ServerMine\mods\firstjoinmessage-1.20.1-3.8.jar
[01Mar2026 21:48:41.836] [main/DEBUG] [net.minecraftforge.fml.loading.moddiscovery.ModFileInfo/LOADING]: Found valid mod file firstjoinmessage-1.20.1-3.8.jar with {firstjoinmessage} mods - versions {3.8}
[01Mar2026 21:48:41.836] [main/DEBUG] [net.minecraftforge.fml.loading.moddiscovery.ModFile/LOADING]: Loading mod file C:\ServerMine\mods\firstjoinmessage-1.20.1-3.8.jar with languages [LanguageSpec[languageName=javafml, acceptedVersions=*]]
[01Mar2026 21:48:41.836] [main/DEBUG] [net.minecraftforge.fml.loading.moddiscovery.ModFileParser/LOADING]: Considering mod file candidate C:\ServerMine\mods\refurbished_furniture-forge-1.20.1-1.0.20.jar
[01Mar2026 21:48:41.837] [main/DEBUG] [net.minecraftforge.fml.loading.moddiscovery.ModFileInfo/LOADING]: Found valid mod file refurbished_furniture-forge-1.20.1-1.0.20.jar with {refurbished_furniture} mods - versions {1.0.20}
[01Mar2026 21:48:41.837] [main/DEBUG] [net.minecraftforge.fml.loading.moddiscovery.ModFile/LOADING]: Loading mod file C:\ServerMine\mods\refurbished_furniture-forge-1.20.1-1.0.20.jar with languages [LanguageSpec[languageName=javafml, acceptedVersions=[39,)]]
[01Mar2026 21:48:41.837] [main/DEBUG] [net.minecraftforge.fml.loading.moddiscovery.ModFileParser/LOADING]: Considering mod file candidate C:\ServerMine\mods\framework-forge-1.20.1-0.8.0.jar
[01Mar2026 21:48:41.837] [main/DEBUG] [net.minecraftforge.fml.loading.moddiscovery.ModFileInfo/LOADING]: Found valid mod file framework-forge-1.20.1-0.8.0.jar with {framework} mods - versions {0.8.0}
[01Mar2026 21:48:41.837] [main/DEBUG] [net.minecraftforge.fml.loading.moddiscovery.ModFile/LOADING]: Loading mod file C:\ServerMine\mods\framework-forge-1.20.1-0.8.0.jar with languages [LanguageSpec[languageName=javafml, acceptedVersions=[39,)]]
[01Mar2026 21:48:41.837] [main/DEBUG] [net.minecraftforge.fml.loading.moddiscovery.ModFileParser/LOADING]: Considering mod file candidate C:\ServerMine\mods\letmedespawn-1.20.x-forge-1.5.0.jar
[01Mar2026 21:48:41.837] [main/DEBUG] [net.minecraftforge.fml.loading.moddiscovery.ModFileInfo/LOADING]: Found valid mod file letmedespawn-1.20.x-forge-1.5.0.jar with {letmedespawn} mods - versions {1.5.0}
[01Mar2026 21:48:41.837] [main/DEBUG] [net.minecraftforge.fml.loading.moddiscovery.ModFile/LOADING]: Loading mod file C:\ServerMine\mods\letmedespawn-1.20.x-forge-1.5.0.jar with languages [LanguageSpec[languageName=javafml, acceptedVersions=[47,)]]
[01Mar2026 21:48:41.837] [main/DEBUG] [net.minecraftforge.fml.loading.moddiscovery.ModFileParser/LOADING]: Considering mod file candidate C:\ServerMine\mods\simply_traps-1.7-forge-1.20.1.jar
[01Mar2026 21:48:41.837] [main/DEBUG] [net.minecraftforge.fml.loading.moddiscovery.ModFileInfo/LOADING]: Found valid mod file simply_traps-1.7-forge-1.20.1.jar with {simply_traps} mods - versions {1.7}
[01Mar2026 21:48:41.837] [main/DEBUG] [net.minecraftforge.fml.loading.moddiscovery.ModFile/LOADING]: Loading mod file C:\ServerMine\mods\simply_traps-1.7-forge-1.20.1.jar with languages [LanguageSpec[languageName=javafml, acceptedVersions=[47,)]]
[01Mar2026 21:48:41.837] [main/DEBUG] [net.minecraftforge.fml.loading.moddiscovery.ModFileParser/LOADING]: Considering mod file candidate C:\ServerMine\mods\crawlondemand-1.20-1.0.1.jar
[01Mar2026 21:48:41.837] [main/DEBUG] [net.minecraftforge.fml.loading.moddiscovery.ModFileInfo/LOADING]: Found valid mod file crawlondemand-1.20-1.0.1.jar with {crawlondemand} mods - versions {1.20-1.0.1}
[01Mar2026 21:48:41.838] [main/DEBUG] [net.minecraftforge.fml.loading.moddiscovery.ModFile/LOADING]: Loading mod file C:\ServerMine\mods\crawlondemand-1.20-1.0.1.jar with languages [LanguageSpec[languageName=javafml, acceptedVersions=[46,)]]
[01Mar2026 21:48:41.838] [main/DEBUG] [net.minecraftforge.fml.loading.moddiscovery.ModFileParser/LOADING]: Considering mod file candidate C:\ServerMine\mods\matmos_tct-7.4-forge-1.20.1.jar
[01Mar2026 21:48:41.838] [main/DEBUG] [net.minecraftforge.fml.loading.moddiscovery.ModFileInfo/LOADING]: Found valid mod file matmos_tct-7.4-forge-1.20.1.jar with {matmos_tct} mods - versions {7.4}
[01Mar2026 21:48:41.838] [main/DEBUG] [net.minecraftforge.fml.loading.moddiscovery.ModFile/LOADING]: Loading mod file C:\ServerMine\mods\matmos_tct-7.4-forge-1.20.1.jar with languages [LanguageSpec[languageName=javafml, acceptedVersions=[47,)]]
[01Mar2026 21:48:41.838] [main/DEBUG] [net.minecraftforge.fml.loading.moddiscovery.ModFileParser/LOADING]: Considering mod file candidate C:\ServerMine\mods\Data_Anchor-forge-1.20.1-1.0.0.20.jar
[01Mar2026 21:48:41.838] [main/DEBUG] [net.minecraftforge.fml.loading.moddiscovery.ModFileInfo/LOADING]: Found valid mod file Data_Anchor-forge-1.20.1-1.0.0.20.jar with {dataanchor} mods - versions {1.0.0.20}
[01Mar2026 21:48:41.838] [main/DEBUG] [net.minecraftforge.fml.loading.moddiscovery.ModFile/LOADING]: Loading mod file C:\ServerMine\mods\Data_Anchor-forge-1.20.1-1.0.0.20.jar with languages [LanguageSpec[languageName=javafml, acceptedVersions=[47,)]]
[01Mar2026 21:48:41.838] [main/DEBUG] [net.minecraftforge.fml.loading.moddiscovery.ModFileParser/LOADING]: Considering mod file candidate C:\ServerMine\mods\lradd-1.20.1-0.3.0.jar
[01Mar2026 21:48:41.838] [main/DEBUG] [net.minecraftforge.fml.loading.moddiscovery.ModFileInfo/LOADING]: Found valid mod file lradd-1.20.1-0.3.0.jar with {lradd} mods - versions {0.3.0}
[01Mar2026 21:48:41.838] [main/DEBUG] [net.minecraftforge.fml.loading.moddiscovery.ModFile/LOADING]: Loading mod file C:\ServerMine\mods\lradd-1.20.1-0.3.0.jar with languages [LanguageSpec[languageName=javafml, acceptedVersions=[47,)]]
[01Mar2026 21:48:41.838] [main/DEBUG] [net.minecraftforge.fml.loading.moddiscovery.ModFileParser/LOADING]: Considering mod file candidate C:\ServerMine\mods\CraftPresence-2.7.0+1.20.1-forge.jar
[01Mar2026 21:48:41.838] [main/DEBUG] [net.minecraftforge.fml.loading.moddiscovery.ModFileInfo/LOADING]: Found valid mod file CraftPresence-2.7.0+1.20.1-forge.jar with {craftpresence} mods - versions {2.7.0}
[01Mar2026 21:48:41.838] [main/DEBUG] [net.minecraftforge.fml.loading.moddiscovery.ModFile/LOADING]: Loading mod file C:\ServerMine\mods\CraftPresence-2.7.0+1.20.1-forge.jar with languages [LanguageSpec[languageName=javafml, acceptedVersions=[46,)]]
[01Mar2026 21:48:41.838] [main/DEBUG] [net.minecraftforge.fml.loading.moddiscovery.ModFileParser/LOADING]: Considering mod file candidate C:\ServerMine\mods\fallingtrees-forge-mc1.20-0.13.2-SNAPSHOT.jar
[01Mar2026 21:48:41.838] [main/DEBUG] [net.minecraftforge.fml.loading.moddiscovery.ModFileInfo/LOADING]: Found valid mod file fallingtrees-forge-mc1.20-0.13.2-SNAPSHOT.jar with {fallingtrees} mods - versions {0.13.2}
[01Mar2026 21:48:41.838] [main/DEBUG] [net.minecraftforge.fml.loading.moddiscovery.ModFile/LOADING]: Loading mod file C:\ServerMine\mods\fallingtrees-forge-mc1.20-0.13.2-SNAPSHOT.jar with languages [LanguageSpec[languageName=javafml, acceptedVersions=*]]
[01Mar2026 21:48:41.839] [main/DEBUG] [net.minecraftforge.fml.loading.moddiscovery.ModFileParser/LOADING]: Considering mod file candidate C:\ServerMine\mods\rhino-forge-2001.2.3-build.10.jar
[01Mar2026 21:48:41.839] [main/DEBUG] [net.minecraftforge.fml.loading.moddiscovery.ModFileInfo/LOADING]: Found valid mod file rhino-forge-2001.2.3-build.10.jar with {rhino} mods - versions {2001.2.3-build.10}
[01Mar2026 21:48:41.839] [main/DEBUG] [net.minecraftforge.fml.loading.moddiscovery.ModFile/LOADING]: Loading mod file C:\ServerMine\mods\rhino-forge-2001.2.3-build.10.jar with languages [LanguageSpec[languageName=javafml, acceptedVersions=[38,)]]
[01Mar2026 21:48:41.839] [main/DEBUG] [net.minecraftforge.fml.loading.moddiscovery.ModFileParser/LOADING]: Considering mod file candidate C:\ServerMine\mods\amendments-1.20-2.2.5.jar
[01Mar2026 21:48:41.839] [main/DEBUG] [net.minecraftforge.fml.loading.moddiscovery.ModFileInfo/LOADING]: Found valid mod file amendments-1.20-2.2.5.jar with {amendments} mods - versions {1.20-2.2.5}
[01Mar2026 21:48:41.839] [main/DEBUG] [net.minecraftforge.fml.loading.moddiscovery.ModFile/LOADING]: Loading mod file C:\ServerMine\mods\amendments-1.20-2.2.5.jar with languages [LanguageSpec[languageName=javafml, acceptedVersions=[47,)]]
[01Mar2026 21:48:41.839] [main/DEBUG] [net.minecraftforge.fml.loading.moddiscovery.ModFileParser/LOADING]: Considering mod file candidate C:\ServerMine\mods\copycats-3.0.7+mc.1.20.1-forge.jar
[01Mar2026 21:48:41.839] [main/DEBUG] [net.minecraftforge.fml.loading.moddiscovery.ModFileInfo/LOADING]: Found valid mod file copycats-3.0.7+mc.1.20.1-forge.jar with {copycats} mods - versions {3.0.7+mc.1.20.1-forge}
[01Mar2026 21:48:41.839] [main/DEBUG] [net.minecraftforge.fml.loading.moddiscovery.ModFile/LOADING]: Loading mod file C:\ServerMine\mods\copycats-3.0.7+mc.1.20.1-forge.jar with languages [LanguageSpec[languageName=javafml, acceptedVersions=[47,)]]
[01Mar2026 21:48:41.839] [main/DEBUG] [net.minecraftforge.fml.loading.moddiscovery.ModFileParser/LOADING]: Considering mod file candidate C:\ServerMine\mods\DreamCasLib 1.0.1 - 1.20.1.jar
[01Mar2026 21:48:41.839] [main/DEBUG] [net.minecraftforge.fml.loading.moddiscovery.ModFileInfo/LOADING]: Found valid mod file DreamCasLib 1.0.1 - 1.20.1.jar with {dreamcaslib} mods - versions {1.0.0}
[01Mar2026 21:48:41.839] [main/DEBUG] [net.minecraftforge.fml.loading.moddiscovery.ModFile/LOADING]: Loading mod file C:\ServerMine\mods\DreamCasLib 1.0.1 - 1.20.1.jar with languages [LanguageSpec[languageName=javafml, acceptedVersions=[47,)]]
[01Mar2026 21:48:41.839] [main/DEBUG] [net.minecraftforge.fml.loading.moddiscovery.ModFileParser/LOADING]: Considering mod file candidate C:\ServerMine\mods\OctoLib-FORGE-0.5.0.1+1.20.1.jar
[01Mar2026 21:48:41.840] [main/DEBUG] [net.minecraftforge.fml.loading.moddiscovery.ModFileInfo/LOADING]: Found valid mod file OctoLib-FORGE-0.5.0.1+1.20.1.jar with {octolib} mods - versions {0.5.0.1}
[01Mar2026 21:48:41.840] [main/DEBUG] [net.minecraftforge.fml.loading.moddiscovery.ModFile/LOADING]: Loading mod file C:\ServerMine\mods\OctoLib-FORGE-0.5.0.1+1.20.1.jar with languages [LanguageSpec[languageName=javafml, acceptedVersions=[47,)]]
[01Mar2026 21:48:41.840] [main/DEBUG] [net.minecraftforge.fml.loading.moddiscovery.ModFileParser/LOADING]: Considering mod file candidate C:\ServerMine\mods\tacz-1.20.1-1.1.7-hotfix.jar
[01Mar2026 21:48:41.840] [main/DEBUG] [net.minecraftforge.fml.loading.moddiscovery.ModFileInfo/LOADING]: Found valid mod file tacz-1.20.1-1.1.7-hotfix.jar with {tacz} mods - versions {1.1.7-hotfix}
[01Mar2026 21:48:41.840] [main/DEBUG] [net.minecraftforge.fml.loading.moddiscovery.ModFile/LOADING]: Loading mod file C:\ServerMine\mods\tacz-1.20.1-1.1.7-hotfix.jar with languages [LanguageSpec[languageName=javafml, acceptedVersions=[46,)]]
[01Mar2026 21:48:41.840] [main/DEBUG] [net.minecraftforge.fml.loading.moddiscovery.ModFileParser/LOADING]: Considering mod file candidate C:\ServerMine\mods\create-1.20.1-6.0.8.jar
[01Mar2026 21:48:41.840] [main/DEBUG] [net.minecraftforge.fml.loading.moddiscovery.ModFileInfo/LOADING]: Found valid mod file create-1.20.1-6.0.8.jar with {create} mods - versions {6.0.8}
[01Mar2026 21:48:41.840] [main/DEBUG] [net.minecraftforge.fml.loading.moddiscovery.ModFile/LOADING]: Loading mod file C:\ServerMine\mods\create-1.20.1-6.0.8.jar with languages [LanguageSpec[languageName=javafml, acceptedVersions=[47,)]]
[01Mar2026 21:48:41.840] [main/DEBUG] [net.minecraftforge.fml.loading.moddiscovery.ModFileParser/LOADING]: Considering mod file candidate C:\ServerMine\mods\Structory_1.20.x_v1.3.5.jar
[01Mar2026 21:48:41.840] [main/DEBUG] [net.minecraftforge.fml.loading.moddiscovery.ModFileInfo/LOADING]: Found valid mod file Structory_1.20.x_v1.3.5.jar with {structory} mods - versions {1.3.5}
[01Mar2026 21:48:41.840] [main/DEBUG] [net.minecraftforge.fml.loading.moddiscovery.ModFile/LOADING]: Loading mod file C:\ServerMine\mods\Structory_1.20.x_v1.3.5.jar with languages [LanguageSpec[languageName=lowcodefml, acceptedVersions=[1,)]]
[01Mar2026 21:48:41.840] [main/DEBUG] [net.minecraftforge.fml.loading.moddiscovery.ModFileParser/LOADING]: Considering mod file candidate C:\ServerMine\mods\comforts-forge-6.4.0+1.20.1.jar
[01Mar2026 21:48:41.840] [main/DEBUG] [net.minecraftforge.fml.loading.moddiscovery.ModFileInfo/LOADING]: Found valid mod file comforts-forge-6.4.0+1.20.1.jar with {comforts} mods - versions {6.4.0+1.20.1}
[01Mar2026 21:48:41.840] [main/DEBUG] [net.minecraftforge.fml.loading.moddiscovery.ModFile/LOADING]: Loading mod file C:\ServerMine\mods\comforts-forge-6.4.0+1.20.1.jar with languages [LanguageSpec[languageName=javafml, acceptedVersions=[46,)]]
[01Mar2026 21:48:41.840] [main/DEBUG] [net.minecraftforge.fml.loading.moddiscovery.ModFileParser/LOADING]: Considering mod file candidate C:\ServerMine\mods\decorative_blocks-forge-1.20.1-4.1.3.jar
[01Mar2026 21:48:41.841] [main/DEBUG] [net.minecraftforge.fml.loading.moddiscovery.ModFileInfo/LOADING]: Found valid mod file decorative_blocks-forge-1.20.1-4.1.3.jar with {decorative_blocks} mods - versions {4.1.3}
[01Mar2026 21:48:41.841] [main/DEBUG] [net.minecraftforge.fml.loading.moddiscovery.ModFile/LOADING]: Loading mod file C:\ServerMine\mods\decorative_blocks-forge-1.20.1-4.1.3.jar with languages [LanguageSpec[languageName=javafml, acceptedVersions=[47,)]]
[01Mar2026 21:48:41.841] [main/DEBUG] [net.minecraftforge.fml.loading.moddiscovery.ModFileParser/LOADING]: Considering mod file candidate C:\ServerMine\mods\MyServerIsCompatible-1.20-1.0.jar
[01Mar2026 21:48:41.841] [main/DEBUG] [net.minecraftforge.fml.loading.moddiscovery.ModFileInfo/LOADING]: Found valid mod file MyServerIsCompatible-1.20-1.0.jar with {myserveriscompatible} mods - versions {1.0}
[01Mar2026 21:48:41.841] [main/DEBUG] [net.minecraftforge.fml.loading.moddiscovery.ModFile/LOADING]: Loading mod file C:\ServerMine\mods\MyServerIsCompatible-1.20-1.0.jar with languages [LanguageSpec[languageName=javafml, acceptedVersions=[46,)]]
[01Mar2026 21:48:41.841] [main/DEBUG] [net.minecraftforge.fml.loading.moddiscovery.ModFileParser/LOADING]: Considering mod file candidate 
[01Mar2026 21:48:41.841] [main/DEBUG] [net.minecraftforge.fml.loading.moddiscovery.ModFileInfo/LOADING]: Found valid mod file lingua_bib-1.20.1-1.0.6-forge.jar with {lingua_bib} mods - versions {1.20.1-1.0.6}
[01Mar2026 21:48:41.841] [main/DEBUG] [net.minecraftforge.fml.loading.moddiscovery.ModFile/LOADING]: Loading mod file  with languages [LanguageSpec[languageName=javafml, acceptedVersions=[0.14.21,)]]
[01Mar2026 21:48:41.841] [main/DEBUG] [net.minecraftforge.fml.loading.moddiscovery.ModFileParser/LOADING]: Considering mod file candidate C:\ServerMine\mods\BadMobs-1.20.1-19.0.4.jar
[01Mar2026 21:48:41.841] [main/DEBUG] [net.minecraftforge.fml.loading.moddiscovery.ModFileInfo/LOADING]: Found valid mod file BadMobs-1.20.1-19.0.4.jar with {badmobs} mods - versions {19.0.4}
[01Mar2026 21:48:41.841] [main/DEBUG] [net.minecraftforge.fml.loading.moddiscovery.ModFile/LOADING]: Loading mod file C:\ServerMine\mods\BadMobs-1.20.1-19.0.4.jar with languages [LanguageSpec[languageName=javafml, acceptedVersions=[47,]]]
[01Mar2026 21:48:41.841] [main/DEBUG] [net.minecraftforge.fml.loading.moddiscovery.ModFileParser/LOADING]: Considering mod file candidate C:\ServerMine\mods\access_denied-6.2.1.jar
[01Mar2026 21:48:41.841] [main/DEBUG] [net.minecraftforge.fml.loading.moddiscovery.ModFileInfo/LOADING]: Found valid mod file access_denied-6.2.1.jar with {access_denied} mods - versions {6.2.1}
[01Mar2026 21:48:41.841] [main/DEBUG] [net.minecraftforge.fml.loading.moddiscovery.ModFile/LOADING]: Loading mod file C:\ServerMine\mods\access_denied-6.2.1.jar with languages [LanguageSpec[languageName=javafml, acceptedVersions=[47,)]]
[01Mar2026 21:48:41.842] [main/DEBUG] [net.minecraftforge.fml.loading.moddiscovery.ModFileParser/LOADING]: Considering mod file candidate C:\ServerMine\mods\Immersive Vehicles-1.20.1-23.0.0.jar
[01Mar2026 21:48:41.842] [main/DEBUG] [net.minecraftforge.fml.loading.moddiscovery.ModFileInfo/LOADING]: Found valid mod file Immersive Vehicles-1.20.1-23.0.0.jar with {mts} mods - versions {23.0.0}
[01Mar2026 21:48:41.842] [main/DEBUG] [net.minecraftforge.fml.loading.moddiscovery.ModFile/LOADING]: Loading mod file C:\ServerMine\mods\Immersive Vehicles-1.20.1-23.0.0.jar with languages [LanguageSpec[languageName=javafml, acceptedVersions=[47,)]]
[01Mar2026 21:48:41.842] [main/DEBUG] [net.minecraftforge.fml.loading.moddiscovery.ModFileParser/LOADING]: Considering mod file candidate C:\ServerMine\mods\Terralith_1.20.x_v2.5.4.jar
[01Mar2026 21:48:41.842] [main/DEBUG] [net.minecraftforge.fml.loading.moddiscovery.ModFileInfo/LOADING]: Found valid mod file Terralith_1.20.x_v2.5.4.jar with {terralith} mods - versions {2.5.4}
[01Mar2026 21:48:41.842] [main/DEBUG] [net.minecraftforge.fml.loading.moddiscovery.ModFile/LOADING]: Loading mod file C:\ServerMine\mods\Terralith_1.20.x_v2.5.4.jar with languages [LanguageSpec[languageName=lowcodefml, acceptedVersions=[1,)]]
[01Mar2026 21:48:41.842] [main/DEBUG] [net.minecraftforge.fml.loading.moddiscovery.ModFileParser/LOADING]: Considering mod file candidate C:\ServerMine\mods\experimentalsettingsdisabler-1.20.1-3.0.jar
[01Mar2026 21:48:41.842] [main/DEBUG] [net.minecraftforge.fml.loading.moddiscovery.ModFileInfo/LOADING]: Found valid mod file experimentalsettingsdisabler-1.20.1-3.0.jar with {experimentalsettingsdisabler} mods - versions {3.0}
[01Mar2026 21:48:41.842] [main/DEBUG] [net.minecraftforge.fml.loading.moddiscovery.ModFile/LOADING]: Loading mod file C:\ServerMine\mods\experimentalsettingsdisabler-1.20.1-3.0.jar with languages [LanguageSpec[languageName=javafml, acceptedVersions=[47,)]]
[01Mar2026 21:48:41.842] [main/DEBUG] [net.minecraftforge.fml.loading.moddiscovery.ModFileParser/LOADING]: Considering mod file candidate C:\ServerMine\mods\jeffsgibbing-1.0.5-forge-1.20.1.jar
[01Mar2026 21:48:41.842] [main/DEBUG] [net.minecraftforge.fml.loading.moddiscovery.ModFileInfo/LOADING]: Found valid mod file jeffsgibbing-1.0.5-forge-1.20.1.jar with {jeffsgibbing} mods - versions {1.0.5}
[01Mar2026 21:48:41.842] [main/DEBUG] [net.minecraftforge.fml.loading.moddiscovery.ModFile/LOADING]: Loading mod file C:\ServerMine\mods\jeffsgibbing-1.0.5-forge-1.20.1.jar with languages [LanguageSpec[languageName=javafml, acceptedVersions=[47,)]]
[01Mar2026 21:48:41.842] [main/DEBUG] [net.minecraftforge.fml.loading.moddiscovery.ModFileParser/LOADING]: Considering mod file candidate C:\ServerMine\mods\EnchantmentDescriptions-Forge-1.20.1-17.1.21.jar
[01Mar2026 21:48:41.842] [main/DEBUG] [net.minecraftforge.fml.loading.moddiscovery.ModFileInfo/LOADING]: Found valid mod file EnchantmentDescriptions-Forge-1.20.1-17.1.21.jar with {enchdesc} mods - versions {17.1.21}
[01Mar2026 21:48:41.843] [main/DEBUG] [net.minecraftforge.fml.loading.moddiscovery.ModFile/LOADING]: Loading mod file C:\ServerMine\mods\EnchantmentDescriptions-Forge-1.20.1-17.1.21.jar with languages [LanguageSpec[languageName=javafml, acceptedVersions=[47,)]]
[01Mar2026 21:48:41.843] [main/DEBUG] [net.minecraftforge.fml.loading.moddiscovery.ModFileParser/LOADING]: Considering mod file candidate C:\ServerMine\mods\extragore-1.20.1-5.2.3.1.jar
[01Mar2026 21:48:41.843] [main/DEBUG] [net.minecraftforge.fml.loading.moddiscovery.ModFileInfo/LOADING]: Found valid mod file extragore-1.20.1-5.2.3.1.jar with {extragore} mods - versions {5.2.3.1}
[01Mar2026 21:48:41.843] [main/DEBUG] [net.minecraftforge.fml.loading.moddiscovery.ModFile/LOADING]: Loading mod file C:\ServerMine\mods\extragore-1.20.1-5.2.3.1.jar with languages [LanguageSpec[languageName=javafml, acceptedVersions=[47,)]]
[01Mar2026 21:48:41.843] [main/DEBUG] [net.minecraftforge.fml.loading.moddiscovery.ModFileParser/LOADING]: Considering mod file candidate C:\ServerMine\mods\moonlight-1.20-2.16.28-forge.jar
[01Mar2026 21:48:41.843] [main/DEBUG] [net.minecraftforge.fml.loading.moddiscovery.ModFileInfo/LOADING]: Found valid mod file moonlight-1.20-2.16.28-forge.jar with {moonlight} mods - versions {1.20-2.16.28}
[01Mar2026 21:48:41.843] [main/DEBUG] [net.minecraftforge.fml.loading.moddiscovery.ModFile/LOADING]: Loading mod file C:\ServerMine\mods\moonlight-1.20-2.16.28-forge.jar with languages [LanguageSpec[languageName=javafml, acceptedVersions=[40,)]]
[01Mar2026 21:48:41.843] [main/DEBUG] [net.minecraftforge.fml.loading.moddiscovery.ModFileParser/LOADING]: Considering mod file candidate C:\ServerMine\mods\RegionsUnexploredForge-0.5.6+1.20.1.jar
[01Mar2026 21:48:41.843] [main/DEBUG] [net.minecraftforge.fml.loading.moddiscovery.ModFileInfo/LOADING]: Found valid mod file RegionsUnexploredForge-0.5.6+1.20.1.jar with {regions_unexplored} mods - versions {0.5.6}
[01Mar2026 21:48:41.843] [main/DEBUG] [net.minecraftforge.fml.loading.moddiscovery.ModFile/LOADING]: Loading mod file C:\ServerMine\mods\RegionsUnexploredForge-0.5.6+1.20.1.jar with languages [LanguageSpec[languageName=javafml, acceptedVersions=[47,)]]
[01Mar2026 21:48:41.843] [main/DEBUG] [net.minecraftforge.fml.loading.moddiscovery.ModFileParser/LOADING]: Considering mod file candidate C:\ServerMine\mods\ToolBelt-1.20.1-1.20.02.jar
[01Mar2026 21:48:41.844] [main/DEBUG] [net.minecraftforge.fml.loading.moddiscovery.ModFileInfo/LOADING]: Found valid mod file ToolBelt-1.20.1-1.20.02.jar with {toolbelt} mods - versions {1.20.02}
[01Mar2026 21:48:41.844] [main/DEBUG] [net.minecraftforge.fml.loading.moddiscovery.ModFile/LOADING]: Loading mod file C:\ServerMine\mods\ToolBelt-1.20.1-1.20.02.jar with languages [LanguageSpec[languageName=javafml, acceptedVersions=[46,)]]
[01Mar2026 21:48:41.844] [main/DEBUG] [net.minecraftforge.fml.loading.moddiscovery.ModFileParser/LOADING]: Considering mod file candidate C:\ServerMine\mods\Jade-1.20.1-Forge-11.13.2.jar
[01Mar2026 21:48:41.844] [main/DEBUG] [net.minecraftforge.fml.loading.moddiscovery.ModFileInfo/LOADING]: Found valid mod file Jade-1.20.1-Forge-11.13.2.jar with {jade} mods - versions {11.13.2+forge}
[01Mar2026 21:48:41.844] [main/DEBUG] [net.minecraftforge.fml.loading.moddiscovery.ModFile/LOADING]: Loading mod file C:\ServerMine\mods\Jade-1.20.1-Forge-11.13.2.jar with languages [LanguageSpec[languageName=javafml, acceptedVersions=[46,)]]
[01Mar2026 21:48:41.844] [main/DEBUG] [net.minecraftforge.fml.loading.moddiscovery.ModFileParser/LOADING]: Considering mod file candidate C:\ServerMine\mods\CreativeCore_FORGE_v2.12.35_mc1.20.1.jar
[01Mar2026 21:48:41.844] [main/DEBUG] [net.minecraftforge.fml.loading.moddiscovery.ModFileInfo/LOADING]: Found valid mod file CreativeCore_FORGE_v2.12.35_mc1.20.1.jar with {creativecore} mods - versions {2.12.35}
[01Mar2026 21:48:41.844] [main/DEBUG] [net.minecraftforge.fml.loading.moddiscovery.ModFile/LOADING]: Loading mod file C:\ServerMine\mods\CreativeCore_FORGE_v2.12.35_mc1.20.1.jar with languages [LanguageSpec[languageName=javafml, acceptedVersions=[46,)]]
[01Mar2026 21:48:41.844] [main/DEBUG] [net.minecraftforge.fml.loading.moddiscovery.ModFileParser/LOADING]: Considering mod file candidate C:\ServerMine\mods\dweller_dweller-3.13.1.jar
[01Mar2026 21:48:41.844] [main/DEBUG] [net.minecraftforge.fml.loading.moddiscovery.ModFileInfo/LOADING]: Found valid mod file dweller_dweller-3.13.1.jar with {dweller_dweller} mods - versions {3.13.1}
[01Mar2026 21:48:41.844] [main/DEBUG] [net.minecraftforge.fml.loading.moddiscovery.ModFile/LOADING]: Loading mod file C:\ServerMine\mods\dweller_dweller-3.13.1.jar with languages [LanguageSpec[languageName=javafml, acceptedVersions=[47,)]]
[01Mar2026 21:48:41.844] [main/DEBUG] [net.minecraftforge.fml.loading.moddiscovery.ModFileParser/LOADING]: Considering mod file candidate C:\ServerMine\mods\smoothboot(reloaded)-mc1.20.1-0.0.4.jar
[01Mar2026 21:48:41.844] [main/DEBUG] [net.minecraftforge.fml.loading.moddiscovery.ModFileInfo/LOADING]: Found valid mod file smoothboot(reloaded)-mc1.20.1-0.0.4.jar with {smoothboot} mods - versions {0.0.4}
[01Mar2026 21:48:41.844] [main/DEBUG] [net.minecraftforge.fml.loading.moddiscovery.ModFile/LOADING]: Loading mod file C:\ServerMine\mods\smoothboot(reloaded)-mc1.20.1-0.0.4.jar with languages [LanguageSpec[languageName=javafml, acceptedVersions=[47,)]]
[01Mar2026 21:48:41.844] [main/DEBUG] [net.minecraftforge.fml.loading.moddiscovery.ModFileParser/LOADING]: Considering mod file candidate C:\ServerMine\mods\VoidFog-1.20.1-2.0.23.jar
[01Mar2026 21:48:41.844] [main/DEBUG] [net.minecraftforge.fml.loading.moddiscovery.ModFileInfo/LOADING]: Found valid mod file VoidFog-1.20.1-2.0.23.jar with {voidfog} mods - versions {1.20.1-2.0.23}
[01Mar2026 21:48:41.844] [main/DEBUG] [net.minecraftforge.fml.loading.moddiscovery.ModFile/LOADING]: Loading mod file C:\ServerMine\mods\VoidFog-1.20.1-2.0.23.jar with languages [LanguageSpec[languageName=javafml, acceptedVersions=[46,)]]
[01Mar2026 21:48:41.844] [main/DEBUG] [net.minecraftforge.fml.loading.moddiscovery.ModFileParser/LOADING]: Considering mod file candidate C:\ServerMine\mods\mobsunscreen-forge-1.20.1-3.1.1.jar
[01Mar2026 21:48:41.844] [main/DEBUG] [net.minecraftforge.fml.loading.moddiscovery.ModFileInfo/LOADING]: Found valid mod file mobsunscreen-forge-1.20.1-3.1.1.jar with {mobsunscreen} mods - versions {3.1.1}
[01Mar2026 21:48:41.844] [main/DEBUG] [net.minecraftforge.fml.loading.moddiscovery.ModFile/LOADING]: Loading mod file C:\ServerMine\mods\mobsunscreen-forge-1.20.1-3.1.1.jar with languages [LanguageSpec[languageName=javafml, acceptedVersions=[46,)]]
[01Mar2026 21:48:41.844] [main/DEBUG] [net.minecraftforge.fml.loading.moddiscovery.ModFileParser/LOADING]: Considering mod file candidate C:\ServerMine\mods\fancymenu_forge_3.8.1_MC_1.20.1.jar
[01Mar2026 21:48:41.845] [main/DEBUG] [net.minecraftforge.fml.loading.moddiscovery.ModFileInfo/LOADING]: Found valid mod file fancymenu_forge_3.8.1_MC_1.20.1.jar with {fancymenu} mods - versions {3.8.1}
[01Mar2026 21:48:41.845] [main/DEBUG] [net.minecraftforge.fml.loading.moddiscovery.ModFile/LOADING]: Loading mod file C:\ServerMine\mods\fancymenu_forge_3.8.1_MC_1.20.1.jar with languages [LanguageSpec[languageName=javafml, acceptedVersions=[47,)]]
[01Mar2026 21:48:41.845] [main/DEBUG] [net.minecraftforge.fml.loading.moddiscovery.ModFileParser/LOADING]: Considering mod file candidate C:\ServerMine\mods\coroutil-forge-1.20.1-1.3.7.jar
[01Mar2026 21:48:41.845] [main/DEBUG] [net.minecraftforge.fml.loading.moddiscovery.ModFileInfo/LOADING]: Found valid mod file coroutil-forge-1.20.1-1.3.7.jar with {coroutil} mods - versions {1.20.1-1.3.7}
[01Mar2026 21:48:41.845] [main/DEBUG] [net.minecraftforge.fml.loading.moddiscovery.ModFile/LOADING]: Loading mod file C:\ServerMine\mods\coroutil-forge-1.20.1-1.3.7.jar with languages [LanguageSpec[languageName=javafml, acceptedVersions=[47,)]]
[01Mar2026 21:48:41.845] [main/DEBUG] [net.minecraftforge.fml.loading.moddiscovery.ModFileParser/LOADING]: Considering mod file candidate C:\ServerMine\mods\lios_overhauled_villages-0.1.0.jar
[01Mar2026 21:48:41.845] [main/DEBUG] [net.minecraftforge.fml.loading.moddiscovery.ModFileInfo/LOADING]: Found valid mod file lios_overhauled_villages-0.1.0.jar with {lios_overhauled_villages} mods - versions {0.1.0}
[01Mar2026 21:48:41.846] [main/DEBUG] [net.minecraftforge.fml.loading.moddiscovery.ModFile/LOADING]: Loading mod file C:\ServerMine\mods\lios_overhauled_villages-0.1.0.jar with languages [LanguageSpec[languageName=lowcodefml, acceptedVersions=40,]]
[01Mar2026 21:48:41.846] [main/DEBUG] [net.minecraftforge.fml.loading.moddiscovery.ModFileParser/LOADING]: Considering mod file candidate C:\ServerMine\mods\nobz-1.3.jar
[01Mar2026 21:48:41.846] [main/DEBUG] [net.minecraftforge.fml.loading.moddiscovery.ModFileInfo/LOADING]: Found valid mod file nobz-1.3.jar with {nobz} mods - versions {1.3}
[01Mar2026 21:48:41.846] [main/DEBUG] [net.minecraftforge.fml.loading.moddiscovery.ModFile/LOADING]: Loading mod file C:\ServerMine\mods\nobz-1.3.jar with languages [LanguageSpec[languageName=javafml, acceptedVersions=[47,)]]
[01Mar2026 21:48:41.846] [main/DEBUG] [net.minecraftforge.fml.loading.moddiscovery.ModFileParser/LOADING]: Considering mod file candidate C:\ServerMine\mods\ferritecore-6.0.1-forge.jar
[01Mar2026 21:48:41.846] [main/DEBUG] [net.minecraftforge.fml.loading.moddiscovery.ModFileInfo/LOADING]: Found valid mod file ferritecore-6.0.1-forge.jar with {ferritecore} mods - versions {6.0.1}
[01Mar2026 21:48:41.846] [main/DEBUG] [net.minecraftforge.fml.loading.moddiscovery.ModFile/LOADING]: Loading mod file C:\ServerMine\mods\ferritecore-6.0.1-forge.jar with languages [LanguageSpec[languageName=javafml, acceptedVersions=[28,)]]
[01Mar2026 21:48:41.847] [main/DEBUG] [net.minecraftforge.fml.loading.moddiscovery.ModFileParser/LOADING]: Considering mod file candidate C:\ServerMine\mods\yet_another_config_lib_v3-3.6.6+1.20.1-forge.jar
[01Mar2026 21:48:41.847] [main/DEBUG] [net.minecraftforge.fml.loading.moddiscovery.ModFileInfo/LOADING]: Found valid mod file yet_another_config_lib_v3-3.6.6+1.20.1-forge.jar with {yet_another_config_lib_v3} mods - versions {3.6.6+1.20.1-forge}
[01Mar2026 21:48:41.847] [main/DEBUG] [net.minecraftforge.fml.loading.moddiscovery.ModFile/LOADING]: Loading mod file C:\ServerMine\mods\yet_another_config_lib_v3-3.6.6+1.20.1-forge.jar with languages [LanguageSpec[languageName=javafml, acceptedVersions=[46,)]]
[01Mar2026 21:48:41.847] [main/DEBUG] [net.minecraftforge.fml.loading.moddiscovery.ModFileParser/LOADING]: Considering mod file candidate C:\ServerMine\mods\Enhanced-Celestials-forge-1.20.1-5.0.3.1.jar
[01Mar2026 21:48:41.847] [main/DEBUG] [net.minecraftforge.fml.loading.moddiscovery.ModFileInfo/LOADING]: Found valid mod file Enhanced-Celestials-forge-1.20.1-5.0.3.1.jar with {enhancedcelestials} mods - versions {1.20.1-5.0.3.1}
[01Mar2026 21:48:41.847] [main/DEBUG] [net.minecraftforge.fml.loading.moddiscovery.ModFile/LOADING]: Loading mod file C:\ServerMine\mods\Enhanced-Celestials-forge-1.20.1-5.0.3.1.jar with languages [LanguageSpec[languageName=javafml, acceptedVersions=[40,)]]
[01Mar2026 21:48:41.847] [main/DEBUG] [net.minecraftforge.fml.loading.moddiscovery.ModFileParser/LOADING]: Considering mod file candidate C:\ServerMine\mods\charmofundying-forge-6.5.0+1.20.1.jar
[01Mar2026 21:48:41.847] [main/DEBUG] [net.minecraftforge.fml.loading.moddiscovery.ModFileInfo/LOADING]: Found valid mod file charmofundying-forge-6.5.0+1.20.1.jar with {charmofundying} mods - versions {6.5.0+1.20.1}
[01Mar2026 21:48:41.847] [main/DEBUG] [net.minecraftforge.fml.loading.moddiscovery.ModFile/LOADING]: Loading mod file C:\ServerMine\mods\charmofundying-forge-6.5.0+1.20.1.jar with languages [LanguageSpec[languageName=javafml, acceptedVersions=[41,)]]
[01Mar2026 21:48:41.847] [main/DEBUG] [net.minecraftforge.fml.loading.moddiscovery.ModFileParser/LOADING]: Considering mod file candidate C:\ServerMine\mods\justzoom_forge_2.1.1_MC_1.20.1.jar
[01Mar2026 21:48:41.848] [main/DEBUG] [net.minecraftforge.fml.loading.moddiscovery.ModFileInfo/LOADING]: Found valid mod file justzoom_forge_2.1.1_MC_1.20.1.jar with {justzoom} mods - versions {2.1.1}
[01Mar2026 21:48:41.848] [main/DEBUG] [net.minecraftforge.fml.loading.moddiscovery.ModFile/LOADING]: Loading mod file C:\ServerMine\mods\justzoom_forge_2.1.1_MC_1.20.1.jar with languages [LanguageSpec[languageName=javafml, acceptedVersions=[47,)]]
[01Mar2026 21:48:41.848] [main/DEBUG] [net.minecraftforge.fml.loading.moddiscovery.ModFileParser/LOADING]: Considering mod file candidate C:\ServerMine\mods\quantified api-forge-1.20.1-1.2.1.jar
[01Mar2026 21:48:41.848] [main/DEBUG] [net.minecraftforge.fml.loading.moddiscovery.ModFileInfo/LOADING]: Found valid mod file quantified api-forge-1.20.1-1.2.1.jar with {quantified} mods - versions {1.2.1}
[01Mar2026 21:48:41.848] [main/DEBUG] [net.minecraftforge.fml.loading.moddiscovery.ModFile/LOADING]: Loading mod file C:\ServerMine\mods\quantified api-forge-1.20.1-1.2.1.jar with languages [LanguageSpec[languageName=javafml, acceptedVersions=[47,)]]
[01Mar2026 21:48:41.848] [main/DEBUG] [net.minecraftforge.fml.loading.moddiscovery.ModFileParser/LOADING]: Considering mod file candidate C:\ServerMine\mods\rrls-4.0.6.1+mc1.20.1-forge.jar
[01Mar2026 21:48:41.848] [main/DEBUG] [net.minecraftforge.fml.loading.moddiscovery.ModFileInfo/LOADING]: Found valid mod file rrls-4.0.6.1+mc1.20.1-forge.jar with {rrls} mods - versions {4.0.6.1+mc1.20.1-forge}
[01Mar2026 21:48:41.848] [main/DEBUG] [net.minecraftforge.fml.loading.moddiscovery.ModFile/LOADING]: Loading mod file C:\ServerMine\mods\rrls-4.0.6.1+mc1.20.1-forge.jar with languages [LanguageSpec[languageName=lowcodefml, acceptedVersions=*]]
[01Mar2026 21:48:41.848] [main/DEBUG] [net.minecraftforge.fml.loading.moddiscovery.ModFileParser/LOADING]: Considering mod file candidate C:\ServerMine\mods\create_furnitures-1.1.2-forge-1.20.1.jar
[01Mar2026 21:48:41.848] [main/DEBUG] [net.minecraftforge.fml.loading.moddiscovery.ModFileInfo/LOADING]: Found valid mod file create_furnitures-1.1.2-forge-1.20.1.jar with {create_furnitures} mods - versions {1.1.2}
[01Mar2026 21:48:41.848] [main/DEBUG] [net.minecraftforge.fml.loading.moddiscovery.ModFile/LOADING]: Loading mod file C:\ServerMine\mods\create_furnitures-1.1.2-forge-1.20.1.jar with languages [LanguageSpec[languageName=javafml, acceptedVersions=[47,)]]
[01Mar2026 21:48:41.848] [main/DEBUG] [net.minecraftforge.fml.loading.moddiscovery.ModFileParser/LOADING]: Considering mod file candidate C:\ServerMine\mods\eh1.3.1-1.20.1.jar
[01Mar2026 21:48:41.849] [main/DEBUG] [net.minecraftforge.fml.loading.moddiscovery.ModFileInfo/LOADING]: Found valid mod file eh1.3.1-1.20.1.jar with {horde_hoard} mods - versions {1.1.0}
[01Mar2026 21:48:41.849] [main/DEBUG] [net.minecraftforge.fml.loading.moddiscovery.ModFile/LOADING]: Loading mod file C:\ServerMine\mods\eh1.3.1-1.20.1.jar with languages [LanguageSpec[languageName=javafml, acceptedVersions=[47,)]]
[01Mar2026 21:48:41.849] [main/DEBUG] [net.minecraftforge.fml.loading.moddiscovery.ModFileParser/LOADING]: Considering mod file candidate C:\ServerMine\mods\packetfixer-3.3.1-1.18-1.20.4-merged.jar
[01Mar2026 21:48:41.849] [main/DEBUG] [net.minecraftforge.fml.loading.moddiscovery.ModFileInfo/LOADING]: Found valid mod file packetfixer-3.3.1-1.18-1.20.4-merged.jar with {packetfixer} mods - versions {3.3.1}
[01Mar2026 21:48:41.849] [main/DEBUG] [net.minecraftforge.fml.loading.moddiscovery.ModFile/LOADING]: Loading mod file C:\ServerMine\mods\packetfixer-3.3.1-1.18-1.20.4-merged.jar with languages [LanguageSpec[languageName=javafml, acceptedVersions=[0,)]]
[01Mar2026 21:48:41.849] [main/DEBUG] [net.minecraftforge.fml.loading.moddiscovery.ModFileParser/LOADING]: Considering mod file candidate C:\ServerMine\mods\improvedmobs-1.20.1-1.13.2-forge.jar
[01Mar2026 21:48:41.849] [main/DEBUG] [net.minecraftforge.fml.loading.moddiscovery.ModFileInfo/LOADING]: Found valid mod file improvedmobs-1.20.1-1.13.2-forge.jar with {improvedmobs} mods - versions {1.20.1-1.13.2}
[01Mar2026 21:48:41.849] [main/DEBUG] [net.minecraftforge.fml.loading.moddiscovery.ModFile/LOADING]: Loading mod file C:\ServerMine\mods\improvedmobs-1.20.1-1.13.2-forge.jar with languages [LanguageSpec[languageName=javafml, acceptedVersions=[0.14.21,)]]
[01Mar2026 21:48:41.849] [main/DEBUG] [net.minecraftforge.fml.loading.moddiscovery.ModFileParser/LOADING]: Considering mod file candidate C:\ServerMine\mods\OpenLoader-Forge-1.20.1-19.0.5.jar
[01Mar2026 21:48:41.849] [main/DEBUG] [net.minecraftforge.fml.loading.moddiscovery.ModFileInfo/LOADING]: Found valid mod file OpenLoader-Forge-1.20.1-19.0.5.jar with {openloader} mods - versions {19.0.5}
[01Mar2026 21:48:41.849] [main/DEBUG] [net.minecraftforge.fml.loading.moddiscovery.ModFile/LOADING]: Loading mod file C:\ServerMine\mods\OpenLoader-Forge-1.20.1-19.0.5.jar with languages [LanguageSpec[languageName=javafml, acceptedVersions=[47,)]]
[01Mar2026 21:48:41.849] [main/DEBUG] [net.minecraftforge.fml.loading.moddiscovery.ModFileParser/LOADING]: Considering mod file candidate C:\ServerMine\mods\PresenceFootsteps-1.20.1-1.9.1-beta.1.jar
[01Mar2026 21:48:41.849] [main/DEBUG] [net.minecraftforge.fml.loading.moddiscovery.ModFileInfo/LOADING]: Found valid mod file PresenceFootsteps-1.20.1-1.9.1-beta.1.jar with {presencefootsteps} mods - versions {1.20.1-1.9.1-beta.1}
[01Mar2026 21:48:41.849] [main/DEBUG] [net.minecraftforge.fml.loading.moddiscovery.ModFile/LOADING]: Loading mod file C:\ServerMine\mods\PresenceFootsteps-1.20.1-1.9.1-beta.1.jar with languages [LanguageSpec[languageName=javafml, acceptedVersions=[47,)]]
[01Mar2026 21:48:41.850] [main/DEBUG] [net.minecraftforge.fml.loading.moddiscovery.ModFile/LOADING]: Loading mod file  with languages []
[01Mar2026 21:48:41.850] [main/DEBUG] [net.minecraftforge.fml.loading.moddiscovery.ModFile/LOADING]: Loading mod file  with languages []
[01Mar2026 21:48:41.850] [main/DEBUG] [net.minecraftforge.fml.loading.moddiscovery.ModFile/LOADING]: Loading mod file  with languages []
[01Mar2026 21:48:41.850] [main/DEBUG] [net.minecraftforge.fml.loading.moddiscovery.ModFile/LOADING]: Loading mod file  with languages []
[01Mar2026 21:48:41.850] [main/DEBUG] [net.minecraftforge.fml.loading.moddiscovery.ModFile/LOADING]: Loading mod file  with languages []
[01Mar2026 21:48:41.850] [main/DEBUG] [net.minecraftforge.fml.loading.moddiscovery.ModFile/LOADING]: Loading mod file  with languages []
[01Mar2026 21:48:41.850] [main/DEBUG] [net.minecraftforge.fml.loading.moddiscovery.ModFile/LOADING]: Loading mod file  with languages []
[01Mar2026 21:48:41.850] [main/DEBUG] [net.minecraftforge.fml.loading.moddiscovery.ModFile/LOADING]: Loading mod file  with languages []
[01Mar2026 21:48:41.850] [main/DEBUG] [net.minecraftforge.fml.loading.moddiscovery.ModFile/LOADING]: Loading mod file  with languages []
[01Mar2026 21:48:41.850] [main/DEBUG] [net.minecraftforge.fml.loading.moddiscovery.ModFile/LOADING]: Loading mod file  with languages []
[01Mar2026 21:48:41.850] [main/DEBUG] [net.minecraftforge.fml.loading.moddiscovery.ModFile/LOADING]: Loading mod file  with languages []
[01Mar2026 21:48:41.850] [main/DEBUG] [net.minecraftforge.fml.loading.moddiscovery.ModFile/LOADING]: Loading mod file  with languages []
[01Mar2026 21:48:41.850] [main/DEBUG] [net.minecraftforge.fml.loading.moddiscovery.ModFile/LOADING]: Loading mod file  with languages []
[01Mar2026 21:48:41.850] [main/DEBUG] [net.minecraftforge.fml.loading.moddiscovery.ModFile/LOADING]: Loading mod file  with languages []
[01Mar2026 21:48:41.850] [main/DEBUG] [net.minecraftforge.fml.loading.moddiscovery.ModFile/LOADING]: Loading mod file  with languages []
[01Mar2026 21:48:41.850] [main/DEBUG] [net.minecraftforge.fml.loading.moddiscovery.ModFile/LOADING]: Loading mod file  with languages []
[01Mar2026 21:48:41.850] [main/DEBUG] [net.minecraftforge.fml.loading.moddiscovery.ModFile/LOADING]: Loading mod file  with languages []
[01Mar2026 21:48:41.850] [main/DEBUG] [net.minecraftforge.fml.loading.moddiscovery.ModFile/LOADING]: Loading mod file  with languages []
[01Mar2026 21:48:41.850] [main/DEBUG] [net.minecraftforge.fml.loading.moddiscovery.ModFile/LOADING]: Loading mod file  with languages []
[01Mar2026 21:48:41.850] [main/DEBUG] [net.minecraftforge.fml.loading.moddiscovery.ModFile/LOADING]: Loading mod file  with languages []
[01Mar2026 21:48:41.850] [main/DEBUG] [net.minecraftforge.fml.loading.moddiscovery.ModFile/LOADING]: Loading mod file  with languages []
[01Mar2026 21:48:41.850] [main/DEBUG] [net.minecraftforge.fml.loading.moddiscovery.ModFile/LOADING]: Loading mod file  with languages []
[01Mar2026 21:48:41.850] [main/DEBUG] [net.minecraftforge.fml.loading.moddiscovery.ModFile/LOADING]: Loading mod file  with languages []
[01Mar2026 21:48:41.850] [main/DEBUG] [net.minecraftforge.fml.loading.moddiscovery.ModFileParser/LOADING]: Considering mod file candidate 
[01Mar2026 21:48:41.850] [main/DEBUG] [net.minecraftforge.fml.loading.moddiscovery.ModFileInfo/LOADING]: Found valid mod file mixinsquared-forge-0.3.3.jar with {mixinsquared} mods - versions {0.3.3}
[01Mar2026 21:48:41.850] [main/DEBUG] [net.minecraftforge.fml.loading.moddiscovery.ModFile/LOADING]: Loading mod file  with languages [LanguageSpec[languageName=javafml, acceptedVersions=*]]
[01Mar2026 21:48:41.850] [main/DEBUG] [net.minecraftforge.fml.loading.moddiscovery.ModFile/LOADING]: Loading mod file  with languages []
[01Mar2026 21:48:41.850] [main/DEBUG] [net.minecraftforge.fml.loading.moddiscovery.ModFile/LOADING]: Loading mod file  with languages []
[01Mar2026 21:48:41.850] [main/DEBUG] [net.minecraftforge.fml.loading.moddiscovery.ModFile/LOADING]: Loading mod file  with languages []
[01Mar2026 21:48:41.850] [main/DEBUG] [net.minecraftforge.fml.loading.moddiscovery.ModFile/LOADING]: Loading mod file  with languages []
[01Mar2026 21:48:41.850] [main/DEBUG] [net.minecraftforge.fml.loading.moddiscovery.ModFile/LOADING]: Loading mod file  with languages []
[01Mar2026 21:48:41.850] [main/DEBUG] [net.minecraftforge.fml.loading.moddiscovery.ModFile/LOADING]: Loading mod file  with languages []
[01Mar2026 21:48:41.850] [main/DEBUG] [net.minecraftforge.fml.loading.moddiscovery.ModFile/LOADING]: Loading mod file  with languages []
[01Mar2026 21:48:41.850] [main/DEBUG] [net.minecraftforge.fml.loading.moddiscovery.ModFile/LOADING]: Loading mod file  with languages []
[01Mar2026 21:48:41.850] [main/DEBUG] [net.minecraftforge.fml.loading.moddiscovery.ModFile/LOADING]: Loading mod file  with languages []
[01Mar2026 21:48:41.850] [main/DEBUG] [net.minecraftforge.fml.loading.moddiscovery.ModFile/LOADING]: Loading mod file  with languages []
[01Mar2026 21:48:41.850] [main/DEBUG] [net.minecraftforge.fml.loading.moddiscovery.ModFile/LOADING]: Loading mod file  with languages []
[01Mar2026 21:48:41.850] [main/DEBUG] [net.minecraftforge.fml.loading.moddiscovery.ModFile/LOADING]: Loading mod file  with languages []
[01Mar2026 21:48:41.850] [main/DEBUG] [net.minecraftforge.fml.loading.moddiscovery.ModFile/LOADING]: Loading mod file  with languages []
[01Mar2026 21:48:41.851] [main/DEBUG] [net.minecraftforge.fml.loading.moddiscovery.ModFile/LOADING]: Loading mod file  with languages []
[01Mar2026 21:48:41.851] [main/DEBUG] [net.minecraftforge.fml.loading.moddiscovery.ModFile/LOADING]: Loading mod file  with languages []
[01Mar2026 21:48:41.851] [main/DEBUG] [net.minecraftforge.fml.loading.moddiscovery.ModFile/LOADING]: Loading mod file  with languages []
[01Mar2026 21:48:41.851] [main/DEBUG] [net.minecraftforge.fml.loading.moddiscovery.ModFile/LOADING]: Loading mod file  with languages []
[01Mar2026 21:48:41.851] [main/DEBUG] [net.minecraftforge.fml.loading.moddiscovery.ModFile/LOADING]: Loading mod file  with languages []
[01Mar2026 21:48:41.851] [main/DEBUG] [net.minecraftforge.fml.loading.moddiscovery.ModFile/LOADING]: Loading mod file  with languages []
[01Mar2026 21:48:41.851] [main/DEBUG] [net.minecraftforge.fml.loading.moddiscovery.ModFile/LOADING]: Loading mod file  with languages []
[01Mar2026 21:48:41.851] [main/DEBUG] [net.minecraftforge.fml.loading.moddiscovery.ModFile/LOADING]: Loading mod file  with languages []
[01Mar2026 21:48:41.851] [main/DEBUG] [net.minecraftforge.fml.loading.moddiscovery.ModFile/LOADING]: Loading mod file  with languages []
[01Mar2026 21:48:41.851] [main/DEBUG] [net.minecraftforge.fml.loading.moddiscovery.ModFile/LOADING]: Loading mod file  with languages []
[01Mar2026 21:48:41.851] [main/DEBUG] [net.minecraftforge.fml.loading.moddiscovery.ModFile/LOADING]: Loading mod file  with languages []
[01Mar2026 21:48:41.851] [main/DEBUG] [net.minecraftforge.fml.loading.moddiscovery.ModFile/LOADING]: Loading mod file  with languages []
[01Mar2026 21:48:41.851] [main/DEBUG] [net.minecraftforge.fml.loading.moddiscovery.ModFile/LOADING]: Loading mod file  with languages []
[01Mar2026 21:48:41.851] [main/DEBUG] [net.minecraftforge.fml.loading.moddiscovery.ModFile/LOADING]: Loading mod file  with languages []
[01Mar2026 21:48:41.851] [main/DEBUG] [net.minecraftforge.fml.loading.moddiscovery.ModFile/LOADING]: Loading mod file  with languages []
[01Mar2026 21:48:41.851] [main/DEBUG] [net.minecraftforge.fml.loading.moddiscovery.ModFileParser/LOADING]: Considering mod file candidate 
[01Mar2026 21:48:41.851] [main/DEBUG] [net.minecraftforge.fml.loading.moddiscovery.ModFileInfo/LOADING]: Found valid mod file mixinsquared-forge-0.3.3.jar with {mixinsquared} mods - versions {0.3.3}
[01Mar2026 21:48:41.851] [main/DEBUG] [net.minecraftforge.fml.loading.moddiscovery.ModFile/LOADING]: Loading mod file  with languages [LanguageSpec[languageName=javafml, acceptedVersions=*]]
[01Mar2026 21:48:41.851] [main/DEBUG] [net.minecraftforge.fml.loading.moddiscovery.ModFile/LOADING]: Loading mod file  with languages []
[01Mar2026 21:48:41.851] [main/DEBUG] [net.minecraftforge.fml.loading.moddiscovery.ModFile/LOADING]: Loading mod file  with languages []
[01Mar2026 21:48:41.851] [main/DEBUG] [net.minecraftforge.fml.loading.moddiscovery.ModFile/LOADING]: Loading mod file  with languages []
[01Mar2026 21:48:41.851] [main/DEBUG] [net.minecraftforge.fml.loading.moddiscovery.ModFile/LOADING]: Loading mod file  with languages []
[01Mar2026 21:48:41.851] [main/DEBUG] [net.minecraftforge.fml.loading.moddiscovery.ModFile/LOADING]: Loading mod file  with languages []
[01Mar2026 21:48:41.852] [main/DEBUG] [cpw.mods.modlauncher.TransformationServiceDecorator/MODLAUNCHER]: End scan trigger - transformation service fml
[01Mar2026 21:48:42.122] [main/INFO] [org.groovymc.gml.mappings.MappingsProvider/]: Starting runtime mappings setup...
[01Mar2026 21:48:42.141] [main/INFO] [org.groovymc.gml.internal.locator.ModLocatorInjector/]: Injecting ScriptModLocator candidates...
[01Mar2026 21:48:42.149] [main/INFO] [org.groovymc.gml.scriptmods.ScriptModLocator/]: Injected Jimfs file system
[01Mar2026 21:48:42.154] [main/INFO] [org.groovymc.gml.scriptmods.ScriptModLocator/]: Skipped loading script mods from directory C:\ServerMine\mods\scripts as it did not exist.
[01Mar2026 21:48:42.161] [main/INFO] [org.groovymc.gml.internal.locator.ModLocatorInjector/]: Injected ScriptModLocator mod candidates. Found 0 valid mod candidates and 0 broken mod files.
[01Mar2026 21:48:42.162] [main/DEBUG] [net.minecraftforge.fml.loading.LanguageLoadingProvider/CORE]: Found 5 language providers
[01Mar2026 21:48:42.163] [main/DEBUG] [net.minecraftforge.fml.loading.LanguageLoadingProvider/CORE]: Found language provider javafml, version 47
[01Mar2026 21:48:42.163] [main/DEBUG] [net.minecraftforge.fml.loading.LanguageLoadingProvider/CORE]: Found language provider lowcodefml, version 47
[01Mar2026 21:48:42.163] [main/DEBUG] [net.minecraftforge.fml.loading.LanguageLoadingProvider/CORE]: Found language provider minecraft, version 1.0
[01Mar2026 21:48:42.163] [main/DEBUG] [net.minecraftforge.fml.loading.LanguageLoadingProvider/CORE]: Found language provider gml, version 4.0.11
[01Mar2026 21:48:42.163] [main/DEBUG] [net.minecraftforge.fml.loading.LanguageLoadingProvider/CORE]: Found language provider kotlinforforge, version 4.12.0
[01Mar2026 21:48:42.167] [main/DEBUG] [net.minecraftforge.fml.loading.UniqueModListBuilder/]: Found 2 mods for first modid Registrate.MC1._20, selecting most recent based on version data
[01Mar2026 21:48:42.167] [main/DEBUG] [net.minecraftforge.fml.loading.UniqueModListBuilder/]: Selected file Registrate-MC1.20-1.3.3.jar for modid Registrate.MC1._20 with version 0.0NONE
[01Mar2026 21:48:42.167] [main/DEBUG] [net.minecraftforge.fml.loading.UniqueModListBuilder/]: Found 2 mods for first modid com.twelvemonkeys.imageio.metadata, selecting most recent based on version data
[01Mar2026 21:48:42.168] [main/DEBUG] [net.minecraftforge.fml.loading.UniqueModListBuilder/]: Selected file imageio-metadata-3.12.0.jar for modid com.twelvemonkeys.imageio.metadata with version 3.12.0
[01Mar2026 21:48:42.168] [main/DEBUG] [net.minecraftforge.fml.loading.UniqueModListBuilder/]: Found 2 mods for first modid com.madgag.gif.fmsware, selecting most recent based on version data
[01Mar2026 21:48:42.168] [main/DEBUG] [net.minecraftforge.fml.loading.UniqueModListBuilder/]: Selected file animated-gif-lib-for-java-animated-gif-lib-1.7.jar for modid com.madgag.gif.fmsware with version 0.0NONE
[01Mar2026 21:48:42.168] [main/DEBUG] [net.minecraftforge.fml.loading.UniqueModListBuilder/]: Found 2 mods for first modid org.quiltmc.parsers.gson, selecting most recent based on version data
[01Mar2026 21:48:42.168] [main/DEBUG] [net.minecraftforge.fml.loading.UniqueModListBuilder/]: Selected file gson-0.2.1.jar for modid org.quiltmc.parsers.gson with version 0.0NONE
[01Mar2026 21:48:42.168] [main/DEBUG] [net.minecraftforge.fml.loading.UniqueModListBuilder/]: Found 2 mods for first modid bytecodecs, selecting most recent based on version data
[01Mar2026 21:48:42.168] [main/DEBUG] [net.minecraftforge.fml.loading.UniqueModListBuilder/]: Selected file bytecodecs-1.0.2.jar for modid bytecodecs with version 0.0NONE
[01Mar2026 21:48:42.168] [main/DEBUG] [net.minecraftforge.fml.loading.UniqueModListBuilder/]: Found 2 mods for first modid jankson, selecting most recent based on version data
[01Mar2026 21:48:42.168] [main/DEBUG] [net.minecraftforge.fml.loading.UniqueModListBuilder/]: Selected file jankson-1.2.3.jar for modid jankson with version 0.0NONE
[01Mar2026 21:48:42.168] [main/DEBUG] [net.minecraftforge.fml.loading.UniqueModListBuilder/]: Found 2 mods for first modid jcpp, selecting most recent based on version data
[01Mar2026 21:48:42.168] [main/DEBUG] [net.minecraftforge.fml.loading.UniqueModListBuilder/]: Selected file jcpp-1.4.14.jar for modid jcpp with version 1.4.14
[01Mar2026 21:48:42.168] [main/DEBUG] [net.minecraftforge.fml.loading.UniqueModListBuilder/]: Found 2 mods for first modid MinecraftForgeAPI, selecting most recent based on version data
[01Mar2026 21:48:42.168] [main/DEBUG] [net.minecraftforge.fml.loading.UniqueModListBuilder/]: Selected file MinecraftForgeAPI-1.20.1-1.0.0.jar for modid MinecraftForgeAPI with version 1.0.0
[01Mar2026 21:48:42.168] [main/DEBUG] [net.minecraftforge.fml.loading.UniqueModListBuilder/]: Found 2 mods for first modid MixinSquared, selecting most recent based on version data
[01Mar2026 21:48:42.168] [main/DEBUG] [net.minecraftforge.fml.loading.UniqueModListBuilder/]: Selected file MixinSquared-0.3.3.jar for modid MixinSquared with version 0.0NONE
[01Mar2026 21:48:42.168] [main/DEBUG] [net.minecraftforge.fml.loading.UniqueModListBuilder/]: Found 2 mods for first modid mclib, selecting most recent based on version data
[01Mar2026 21:48:42.168] [main/DEBUG] [net.minecraftforge.fml.loading.UniqueModListBuilder/]: Selected file mclib-20.jar for modid mclib with version 0.0NONE
[01Mar2026 21:48:42.168] [main/DEBUG] [net.minecraftforge.fml.loading.UniqueModListBuilder/]: Found 2 mods for first modid org.quiltmc.parsers.json, selecting most recent based on version data
[01Mar2026 21:48:42.168] [main/DEBUG] [net.minecraftforge.fml.loading.UniqueModListBuilder/]: Selected file json-0.2.1.jar for modid org.quiltmc.parsers.json with version 0.0NONE
[01Mar2026 21:48:42.168] [main/DEBUG] [net.minecraftforge.fml.loading.UniqueModListBuilder/]: Found 2 mods for first modid com.twelvemonkeys.imageio.webp, selecting most recent based on version data
[01Mar2026 21:48:42.168] [main/DEBUG] [net.minecraftforge.fml.loading.UniqueModListBuilder/]: Selected file imageio-webp-3.12.0.jar for modid com.twelvemonkeys.imageio.webp with version 3.12.0
[01Mar2026 21:48:42.168] [main/DEBUG] [net.minecraftforge.fml.loading.UniqueModListBuilder/]: Found 2 mods for first modid mixinextras, selecting most recent based on version data
[01Mar2026 21:48:42.168] [main/DEBUG] [net.minecraftforge.fml.loading.UniqueModListBuilder/]: Selected file mixinextras-forge-0.5.0.jar for modid mixinextras with version 0.5.0
[01Mar2026 21:48:42.168] [main/DEBUG] [net.minecraftforge.fml.loading.UniqueModListBuilder/]: Found 2 mods for first modid com.twelvemonkeys.common.lang, selecting most recent based on version data
[01Mar2026 21:48:42.168] [main/DEBUG] [net.minecraftforge.fml.loading.UniqueModListBuilder/]: Selected file common-lang-3.12.0.jar for modid com.twelvemonkeys.common.lang with version 3.12.0
[01Mar2026 21:48:42.168] [main/DEBUG] [net.minecraftforge.fml.loading.UniqueModListBuilder/]: Found 2 mods for first modid org.yaml.snakeyaml, selecting most recent based on version data
[01Mar2026 21:48:42.168] [main/DEBUG] [net.minecraftforge.fml.loading.UniqueModListBuilder/]: Selected file snakeyaml-2.2.jar for modid org.yaml.snakeyaml with version 0.0NONE
[01Mar2026 21:48:42.168] [main/DEBUG] [net.minecraftforge.fml.loading.UniqueModListBuilder/]: Found 2 mods for first modid luaj.jse.figura, selecting most recent based on version data
[01Mar2026 21:48:42.168] [main/DEBUG] [net.minecraftforge.fml.loading.UniqueModListBuilder/]: Selected file luaj-jse-3.0.8-figura.jar for modid luaj.jse.figura with version 0.0NONE
[01Mar2026 21:48:42.168] [main/DEBUG] [net.minecraftforge.fml.loading.UniqueModListBuilder/]: Found 2 mods for first modid yabn, selecting most recent based on version data
[01Mar2026 21:48:42.168] [main/DEBUG] [net.minecraftforge.fml.loading.UniqueModListBuilder/]: Selected file yabn-1.0.3.jar for modid yabn with version 0.0NONE
[01Mar2026 21:48:42.168] [main/DEBUG] [net.minecraftforge.fml.loading.UniqueModListBuilder/]: Found 2 mods for first modid commons.math3, selecting most recent based on version data
[01Mar2026 21:48:42.168] [main/DEBUG] [net.minecraftforge.fml.loading.UniqueModListBuilder/]: Selected file commons-math3-3.6.1.jar for modid commons.math3 with version 3.6.1
[01Mar2026 21:48:42.168] [main/DEBUG] [net.minecraftforge.fml.loading.UniqueModListBuilder/]: Found 2 mods for first modid japng, selecting most recent based on version data
[01Mar2026 21:48:42.168] [main/DEBUG] [net.minecraftforge.fml.loading.UniqueModListBuilder/]: Selected file japng-0.5.3.jar for modid japng with version 0.5.3
[01Mar2026 21:48:42.168] [main/DEBUG] [net.minecraftforge.fml.loading.UniqueModListBuilder/]: Found 2 mods for first modid luaj.core.figura, selecting most recent based on version data
[01Mar2026 21:48:42.168] [main/DEBUG] [net.minecraftforge.fml.loading.UniqueModListBuilder/]: Selected file luaj-core-3.0.8-figura.jar for modid luaj.core.figura with version 0.0NONE
[01Mar2026 21:48:42.168] [main/DEBUG] [net.minecraftforge.fml.loading.UniqueModListBuilder/]: Found 2 mods for first modid Primitive.Collections, selecting most recent based on version data
[01Mar2026 21:48:42.168] [main/DEBUG] [net.minecraftforge.fml.loading.UniqueModListBuilder/]: Selected file Primitive Collections-0.8.9.jar for modid Primitive.Collections with version 0.0NONE
[01Mar2026 21:48:42.168] [main/DEBUG] [net.minecraftforge.fml.loading.UniqueModListBuilder/]: Found 2 mods for first modid MathParser.org.mXparser, selecting most recent based on version data
[01Mar2026 21:48:42.168] [main/DEBUG] [net.minecraftforge.fml.loading.UniqueModListBuilder/]: Selected file MathParser.org-mXparser-5.2.1.jar for modid MathParser.org.mXparser with version 0.0NONE
[01Mar2026 21:48:42.168] [main/DEBUG] [net.minecraftforge.fml.loading.UniqueModListBuilder/]: Found 2 mods for first modid com.twelvemonkeys.common.image, selecting most recent based on version data
[01Mar2026 21:48:42.168] [main/DEBUG] [net.minecraftforge.fml.loading.UniqueModListBuilder/]: Selected file common-image-3.12.0.jar for modid com.twelvemonkeys.common.image with version 3.12.0
[01Mar2026 21:48:42.168] [main/DEBUG] [net.minecraftforge.fml.loading.UniqueModListBuilder/]: Found 2 mods for first modid mixinsquared, selecting most recent based on version data
[01Mar2026 21:48:42.169] [main/DEBUG] [net.minecraftforge.fml.loading.UniqueModListBuilder/]: Selected file mixinsquared-forge-0.3.3.jar for modid mixinsquared with version 0.3.3
[01Mar2026 21:48:42.169] [main/DEBUG] [net.minecraftforge.fml.loading.UniqueModListBuilder/]: Found 2 mods for first modid org.apache.bcel, selecting most recent based on version data
[01Mar2026 21:48:42.169] [main/DEBUG] [net.minecraftforge.fml.loading.UniqueModListBuilder/]: Selected file bcel-6.6.1.jar for modid org.apache.bcel with version 6.6.1
[01Mar2026 21:48:42.169] [main/DEBUG] [net.minecraftforge.fml.loading.UniqueModListBuilder/]: Found 2 mods for first modid com.twelvemonkeys.imageio.core, selecting most recent based on version data
[01Mar2026 21:48:42.169] [main/DEBUG] [net.minecraftforge.fml.loading.UniqueModListBuilder/]: Selected file imageio-core-3.12.0.jar for modid com.twelvemonkeys.imageio.core with version 3.12.0
[01Mar2026 21:48:42.169] [main/DEBUG] [net.minecraftforge.fml.loading.UniqueModListBuilder/]: Found 2 mods for first modid thedarkcolour.kotlinforforge.kfflib, selecting most recent based on version data
[01Mar2026 21:48:42.169] [main/DEBUG] [net.minecraftforge.fml.loading.UniqueModListBuilder/]: Selected file kfflib-4.12.0.jar for modid thedarkcolour.kotlinforforge.kfflib with version 4.12.0
[01Mar2026 21:48:42.169] [main/DEBUG] [net.minecraftforge.fml.loading.UniqueModListBuilder/]: Found 2 mods for first modid com.twelvemonkeys.common.io, selecting most recent based on version data
[01Mar2026 21:48:42.169] [main/DEBUG] [net.minecraftforge.fml.loading.UniqueModListBuilder/]: Selected file common-io-3.12.0.jar for modid com.twelvemonkeys.common.io with version 3.12.0
[01Mar2026 21:48:42.169] [main/DEBUG] [net.minecraftforge.fml.loading.UniqueModListBuilder/]: Found 2 mods for first modid MixinExtras, selecting most recent based on version data
[01Mar2026 21:48:42.169] [main/DEBUG] [net.minecraftforge.fml.loading.UniqueModListBuilder/]: Selected file MixinExtras-0.5.0.jar for modid MixinExtras with version 0.5.0
[01Mar2026 21:48:42.171] [main/DEBUG] [net.minecraftforge.fml.loading.ModSorter/]: Configured system mods: [minecraft, forge]
[01Mar2026 21:48:42.171] [main/DEBUG] [net.minecraftforge.fml.loading.ModSorter/]: Found system mod: minecraft
[01Mar2026 21:48:42.171] [main/DEBUG] [net.minecraftforge.fml.loading.ModSorter/]: Found system mod: forge
[01Mar2026 21:48:42.175] [main/DEBUG] [net.minecraftforge.fml.loading.ModSorter/LOADING]: Found 603 mod requirements (518 mandatory, 85 optional)
[01Mar2026 21:48:42.177] [main/DEBUG] [net.minecraftforge.fml.loading.ModSorter/LOADING]: Found 0 mod requirements missing (0 mandatory, 0 optional)
[01Mar2026 21:48:42.705] [main/DEBUG] [cpw.mods.modlauncher.TransformationServicesHandler/MODLAUNCHER]: Transformation services loading transformers
[01Mar2026 21:48:42.706] [main/DEBUG] [cpw.mods.modlauncher.TransformationServiceDecorator/MODLAUNCHER]: Initializing transformers for transformation service mixin
[01Mar2026 21:48:42.707] [main/DEBUG] [cpw.mods.modlauncher.TransformationServiceDecorator/MODLAUNCHER]: Initialized transformers for transformation service mixin
[01Mar2026 21:48:42.707] [main/DEBUG] [cpw.mods.modlauncher.TransformationServiceDecorator/MODLAUNCHER]: Initializing transformers for transformation service fml
[01Mar2026 21:48:42.707] [main/DEBUG] [net.minecraftforge.fml.loading.FMLServiceProvider/CORE]: Loading coremod transformers
[01Mar2026 21:48:42.707] [main/DEBUG] [net.minecraftforge.coremod.CoreModEngine/COREMOD]: Loading CoreMod from coremods/potion_gui_tooltips.js
[01Mar2026 21:48:42.712] [GML Mappings Thread/INFO] [org.groovymc.gml.mappings.MappingsProvider/]: Found version metadata from piston-meta.
[01Mar2026 21:48:42.756] [GML Mappings Thread/INFO] [org.groovymc.gml.mappings.MappingsProvider/]: version.json is up to date.
[01Mar2026 21:48:42.884] [main/DEBUG] [net.minecraftforge.coremod.CoreModEngine/COREMOD]: CoreMod loaded successfully
[01Mar2026 21:48:42.884] [main/DEBUG] [net.minecraftforge.coremod.CoreModEngine/COREMOD]: Loading CoreMod from coremods/field_to_method.js
[01Mar2026 21:48:42.919] [main/DEBUG] [net.minecraftforge.coremod.CoreModEngine/COREMOD]: CoreMod loaded successfully
[01Mar2026 21:48:42.920] [main/DEBUG] [net.minecraftforge.coremod.CoreModEngine/COREMOD]: Loading CoreMod from coremods/field_to_instanceof.js
[01Mar2026 21:48:42.983] [main/DEBUG] [net.minecraftforge.coremod.CoreModEngine/COREMOD]: CoreMod loaded successfully
[01Mar2026 21:48:42.984] [main/DEBUG] [net.minecraftforge.coremod.CoreModEngine/COREMOD]: Loading CoreMod from coremods/add_bouncer_method.js
[01Mar2026 21:48:43.021] [main/DEBUG] [net.minecraftforge.coremod.CoreModEngine/COREMOD]: CoreMod loaded successfully
[01Mar2026 21:48:43.021] [main/DEBUG] [net.minecraftforge.coremod.CoreModEngine/COREMOD]: Loading CoreMod from coremods/method_redirector.js
[01Mar2026 21:48:43.087] [main/DEBUG] [net.minecraftforge.coremod.CoreModEngine/COREMOD]: CoreMod loaded successfully
[01Mar2026 21:48:43.087] [main/DEBUG] [net.minecraftforge.coremod.CoreModEngine/COREMOD]: Loading CoreMod from coremods/get_ench_level_event.js
[01Mar2026 21:48:43.096] [main/DEBUG] [net.minecraftforge.coremod.CoreModEngine/COREMOD]: CoreMod loaded successfully
[01Mar2026 21:48:43.097] [main/DEBUG] [net.minecraftforge.coremod.CoreModEngine/COREMOD]: Loading CoreMod from coremods/get_ench_level_event_specific.js
[01Mar2026 21:48:43.105] [main/DEBUG] [net.minecraftforge.coremod.CoreModEngine/COREMOD]: CoreMod loaded successfully
[01Mar2026 21:48:43.105] [main/DEBUG] [net.minecraftforge.coremod.CoreModEngine/COREMOD]: Loading CoreMod from asm/dataprovider-set-indent.js
[01Mar2026 21:48:43.116] [main/DEBUG] [net.minecraftforge.coremod.CoreModEngine/COREMOD]: CoreMod loaded successfully
[01Mar2026 21:48:43.127] [main/DEBUG] [cpw.mods.modlauncher.TransformStore/MODLAUNCHER]: Adding transformer net.minecraftforge.coremod.transformer.CoreModClassTransformer@2c56eba5 to Target : CLASS {Lnet/minecraft/world/level/biome/Biome;} {} {V}
[01Mar2026 21:48:43.128] [main/DEBUG] [cpw.mods.modlauncher.TransformStore/MODLAUNCHER]: Adding transformer net.minecraftforge.coremod.transformer.CoreModClassTransformer@4b336cc8 to Target : CLASS {Lnet/minecraft/world/level/levelgen/structure/Structure;} {} {V}
[01Mar2026 21:48:43.128] [main/DEBUG] [cpw.mods.modlauncher.TransformStore/MODLAUNCHER]: Adding transformer net.minecraftforge.coremod.transformer.CoreModClassTransformer@2570b316 to Target : CLASS {Lnet/minecraft/world/effect/MobEffectInstance;} {} {V}
[01Mar2026 21:48:43.129] [main/DEBUG] [cpw.mods.modlauncher.TransformStore/MODLAUNCHER]: Adding transformer net.minecraftforge.coremod.transformer.CoreModClassTransformer@56881196 to Target : CLASS {Lnet/minecraft/world/level/block/LiquidBlock;} {} {V}
[01Mar2026 21:48:43.129] [main/DEBUG] [cpw.mods.modlauncher.TransformStore/MODLAUNCHER]: Adding transformer net.minecraftforge.coremod.transformer.CoreModClassTransformer@75c33608 to Target : CLASS {Lnet/minecraft/world/item/BucketItem;} {} {V}
[01Mar2026 21:48:43.129] [main/DEBUG] [cpw.mods.modlauncher.TransformStore/MODLAUNCHER]: Adding transformer net.minecraftforge.coremod.transformer.CoreModClassTransformer@25464154 to Target : CLASS {Lnet/minecraft/world/level/block/StairBlock;} {} {V}
[01Mar2026 21:48:43.129] [main/DEBUG] [cpw.mods.modlauncher.TransformStore/MODLAUNCHER]: Adding transformer net.minecraftforge.coremod.transformer.CoreModClassTransformer@58ebee9 to Target : CLASS {Lnet/minecraft/world/level/block/FlowerPotBlock;} {} {V}
[01Mar2026 21:48:43.129] [main/DEBUG] [cpw.mods.modlauncher.TransformStore/MODLAUNCHER]: Adding transformer net.minecraftforge.coremod.transformer.CoreModClassTransformer@131c0b6f to Target : CLASS {Lnet/minecraft/world/item/ItemStack;} {} {V}
[01Mar2026 21:48:43.129] [main/DEBUG] [cpw.mods.modlauncher.TransformStore/MODLAUNCHER]: Adding transformer net.minecraftforge.coremod.transformer.CoreModClassTransformer@7f030c72 to Target : CLASS {Lnet/minecraft/network/play/client/CClientSettingsPacket;} {} {V}
[01Mar2026 21:48:43.129] [main/DEBUG] [cpw.mods.modlauncher.TransformStore/MODLAUNCHER]: Adding transformer net.minecraftforge.coremod.transformer.CoreModClassTransformer@68d8ae27 to Target : CLASS {Lnet/minecraft/world/entity/EntityType;} {} {V}
[01Mar2026 21:48:43.129] [main/DEBUG] [cpw.mods.modlauncher.TransformStore/MODLAUNCHER]: Adding transformer net.minecraftforge.coremod.transformer.CoreModClassTransformer@68d8ae27 to Target : CLASS {Lnet/minecraft/world/entity/animal/frog/Tadpole;} {} {V}
[01Mar2026 21:48:43.129] [main/DEBUG] [cpw.mods.modlauncher.TransformStore/MODLAUNCHER]: Adding transformer net.minecraftforge.coremod.transformer.CoreModClassTransformer@68d8ae27 to Target : CLASS {Lnet/minecraft/world/entity/npc/Villager;} {} {V}
[01Mar2026 21:48:43.129] [main/DEBUG] [cpw.mods.modlauncher.TransformStore/MODLAUNCHER]: Adding transformer net.minecraftforge.coremod.transformer.CoreModClassTransformer@68d8ae27 to Target : CLASS {Lnet/minecraft/world/level/levelgen/structure/structures/OceanRuinPieces$OceanRuinPiece;} {} {V}
[01Mar2026 21:48:43.129] [main/DEBUG] [cpw.mods.modlauncher.TransformStore/MODLAUNCHER]: Adding transformer net.minecraftforge.coremod.transformer.CoreModClassTransformer@68d8ae27 to Target : CLASS {Lnet/minecraft/world/entity/raid/Raid;} {} {V}
[01Mar2026 21:48:43.129] [main/DEBUG] [cpw.mods.modlauncher.TransformStore/MODLAUNCHER]: Adding transformer net.minecraftforge.coremod.transformer.CoreModClassTransformer@68d8ae27 to Target : CLASS {Lnet/minecraft/world/level/levelgen/PatrolSpawner;} {} {V}
[01Mar2026 21:48:43.129] [main/DEBUG] [cpw.mods.modlauncher.TransformStore/MODLAUNCHER]: Adding transformer net.minecraftforge.coremod.transformer.CoreModClassTransformer@68d8ae27 to Target : CLASS {Lnet/minecraft/world/level/levelgen/structure/structures/SwampHutPiece;} {} {V}
[01Mar2026 21:48:43.129] [main/DEBUG] [cpw.mods.modlauncher.TransformStore/MODLAUNCHER]: Adding transformer net.minecraftforge.coremod.transformer.CoreModClassTransformer@68d8ae27 to Target : CLASS {Lnet/minecraft/server/commands/SummonCommand;} {} {V}
[01Mar2026 21:48:43.129] [main/DEBUG] [cpw.mods.modlauncher.TransformStore/MODLAUNCHER]: Adding transformer net.minecraftforge.coremod.transformer.CoreModClassTransformer@68d8ae27 to Target : CLASS {Lnet/minecraft/world/entity/animal/horse/SkeletonTrapGoal;} {} {V}
[01Mar2026 21:48:43.129] [main/DEBUG] [cpw.mods.modlauncher.TransformStore/MODLAUNCHER]: Adding transformer net.minecraftforge.coremod.transformer.CoreModClassTransformer@68d8ae27 to Target : CLASS {Lnet/minecraft/world/level/levelgen/structure/structures/OceanMonumentPieces$OceanMonumentPiece;} {} {V}
[01Mar2026 21:48:43.129] [main/DEBUG] [cpw.mods.modlauncher.TransformStore/MODLAUNCHER]: Adding transformer net.minecraftforge.coremod.transformer.CoreModClassTransformer@68d8ae27 to Target : CLASS {Lnet/minecraft/world/entity/monster/Spider;} {} {V}
[01Mar2026 21:48:43.129] [main/DEBUG] [cpw.mods.modlauncher.TransformStore/MODLAUNCHER]: Adding transformer net.minecraftforge.coremod.transformer.CoreModClassTransformer@68d8ae27 to Target : CLASS {Lnet/minecraft/world/level/levelgen/structure/templatesystem/StructureTemplate;} {} {V}
[01Mar2026 21:48:43.129] [main/DEBUG] [cpw.mods.modlauncher.TransformStore/MODLAUNCHER]: Adding transformer net.minecraftforge.coremod.transformer.CoreModClassTransformer@68d8ae27 to Target : CLASS {Lnet/minecraft/world/entity/monster/Evoker$EvokerSummonSpellGoal;} {} {V}
[01Mar2026 21:48:43.129] [main/DEBUG] [cpw.mods.modlauncher.TransformStore/MODLAUNCHER]: Adding transformer net.minecraftforge.coremod.transformer.CoreModClassTransformer@68d8ae27 to Target : CLASS {Lnet/minecraft/world/level/levelgen/structure/structures/WoodlandMansionPieces$WoodlandMansionPiece;} {} {V}
[01Mar2026 21:48:43.129] [main/DEBUG] [cpw.mods.modlauncher.TransformStore/MODLAUNCHER]: Adding transformer net.minecraftforge.coremod.transformer.CoreModClassTransformer@68d8ae27 to Target : CLASS {Lnet/minecraft/world/entity/npc/CatSpawner;} {} {V}
[01Mar2026 21:48:43.129] [main/DEBUG] [cpw.mods.modlauncher.TransformStore/MODLAUNCHER]: Adding transformer net.minecraftforge.coremod.transformer.CoreModClassTransformer@68d8ae27 to Target : CLASS {Lnet/minecraft/world/entity/ai/village/VillageSiege;} {} {V}
[01Mar2026 21:48:43.129] [main/DEBUG] [cpw.mods.modlauncher.TransformStore/MODLAUNCHER]: Adding transformer net.minecraftforge.coremod.transformer.CoreModClassTransformer@68d8ae27 to Target : CLASS {Lnet/minecraft/world/entity/monster/Zombie;} {} {V}
[01Mar2026 21:48:43.129] [main/DEBUG] [cpw.mods.modlauncher.TransformStore/MODLAUNCHER]: Adding transformer net.minecraftforge.coremod.transformer.CoreModClassTransformer@68d8ae27 to Target : CLASS {Lnet/minecraft/world/entity/monster/ZombieVillager;} {} {V}
[01Mar2026 21:48:43.129] [main/DEBUG] [cpw.mods.modlauncher.TransformStore/MODLAUNCHER]: Adding transformer net.minecraftforge.coremod.transformer.CoreModClassTransformer@68d8ae27 to Target : CLASS {Lnet/minecraft/world/level/NaturalSpawner;} {} {V}
[01Mar2026 21:48:43.129] [main/DEBUG] [cpw.mods.modlauncher.TransformStore/MODLAUNCHER]: Adding transformer net.minecraftforge.coremod.transformer.CoreModClassTransformer@68d8ae27 to Target : CLASS {Lnet/minecraft/world/level/levelgen/PhantomSpawner;} {} {V}
[01Mar2026 21:48:43.130] [main/DEBUG] [cpw.mods.modlauncher.TransformStore/MODLAUNCHER]: Adding transformer net.minecraftforge.coremod.transformer.CoreModClassTransformer@68d8ae27 to Target : CLASS {Lnet/minecraft/server/commands/RaidCommand;} {} {V}
[01Mar2026 21:48:43.130] [main/DEBUG] [cpw.mods.modlauncher.TransformStore/MODLAUNCHER]: Adding transformer net.minecraftforge.coremod.transformer.CoreModClassTransformer@68d8ae27 to Target : CLASS {Lnet/minecraft/world/entity/monster/Strider;} {} {V}
[01Mar2026 21:48:43.130] [main/DEBUG] [cpw.mods.modlauncher.TransformStore/MODLAUNCHER]: Adding transformer net.minecraftforge.coremod.transformer.CoreModClassTransformer@18513c23 to Target : CLASS {Lnet/minecraft/data/DataProvider;} {} {V}
[01Mar2026 21:48:43.130] [main/DEBUG] [cpw.mods.modlauncher.TransformStore/MODLAUNCHER]: Adding transformer net.minecraftforge.coremod.transformer.CoreModMethodTransformer@ce2eaa7 to Target : METHOD {Lnet/minecraft/client/gui/screens/inventory/EffectRenderingInventoryScreen;} {m_280113_} {(Lnet/minecraft/client/gui/GuiGraphics;II)V}
[01Mar2026 21:48:43.130] [main/DEBUG] [cpw.mods.modlauncher.TransformStore/MODLAUNCHER]: Adding transformer net.minecraftforge.coremod.transformer.CoreModMethodTransformer@2166c48a to Target : METHOD {Lnet/minecraftforge/common/extensions/IForgeItemStack;} {getAllEnchantments} {()Ljava/util/Map;}
[01Mar2026 21:48:43.130] [main/DEBUG] [cpw.mods.modlauncher.TransformStore/MODLAUNCHER]: Adding transformer net.minecraftforge.coremod.transformer.CoreModMethodTransformer@304744a1 to Target : METHOD {Lnet/minecraftforge/common/extensions/IForgeItemStack;} {getEnchantmentLevel} {(Lnet/minecraft/world/item/enchantment/Enchantment;)I}
[01Mar2026 21:48:43.130] [main/DEBUG] [cpw.mods.modlauncher.TransformationServiceDecorator/MODLAUNCHER]: Initialized transformers for transformation service fml
[01Mar2026 21:48:43.131] [GML Mappings Thread/INFO] [org.groovymc.gml.mappings.MappingsProvider/]: Official mappings are up to date.
[01Mar2026 21:48:43.434] [GML Mappings Thread/INFO] [org.groovymc.gml.mappings.MappingsProvider/]: MCPConfig is up to date.
[01Mar2026 21:48:43.466] [pool-2-thread-1/DEBUG] [org.groovymc.gml.internal.GMLLangProvider/]: Found GMod entry-point class org.groovymc.gml.mod.GMLMod for mod gml
[01Mar2026 21:48:43.957] [pool-2-thread-1/DEBUG] [org.groovymc.gml.internal.GMLLangProvider/]: Found GMod entry-point class org.groovymc.cgl.impl.forge.CGLForge for mod commongroovylibrary
[01Mar2026 21:48:44.615] [GML Mappings Thread/INFO] [org.groovymc.gml.mappings.MappingsProvider/]: Loaded runtime mappings in 2450ms
[01Mar2026 21:48:44.615] [GML Mappings Thread/INFO] [org.groovymc.gml.mappings.MappingsProvider/]: Finished runtime mappings setup.
[01Mar2026 21:48:45.963] [main/DEBUG] [mixin/]: Processing prepare() for PlatformAgent[MixinPlatformAgentDefault:ModLauncher Root Container(ModLauncher:4f56a0a2)]
[01Mar2026 21:48:45.963] [main/DEBUG] [mixin/]: Processing launch tasks for PlatformAgent[MixinPlatformAgentDefault:ModLauncher Root Container(ModLauncher:4f56a0a2)]
[01Mar2026 21:48:45.963] [main/DEBUG] [mixin/]: Adding mixin platform agents for container SecureJarResource(betterdungeons)
[01Mar2026 21:48:45.963] [main/DEBUG] [mixin/]: Instancing new MixinPlatformAgentMinecraftForge for SecureJarResource(betterdungeons)
[01Mar2026 21:48:45.963] [main/DEBUG] [mixin/]: MixinPlatformAgentMinecraftForge rejected container SecureJarResource(betterdungeons)
[01Mar2026 21:48:45.963] [main/DEBUG] [mixin/]: Instancing new MixinPlatformAgentDefault for SecureJarResource(betterdungeons)
[01Mar2026 21:48:45.963] [main/DEBUG] [mixin/]: MixinPlatformAgentDefault accepted container SecureJarResource(betterdungeons)
[01Mar2026 21:48:45.963] [main/DEBUG] [mixin/]: Processing prepare() for PlatformAgent[MixinPlatformAgentDefault:SecureJarResource(betterdungeons)]
[01Mar2026 21:48:45.963] [main/DEBUG] [mixin/]: Registering mixin config: betterdungeons.mixins.json
[01Mar2026 21:48:45.976] [main/DEBUG] [mixin/]: Compatibility level JAVA_17 specified by betterdungeons.mixins.json is higher than the maximum level supported by this version of mixin (JAVA_13).
[01Mar2026 21:48:45.980] [main/INFO] [mixin/]: Compatibility level set to JAVA_17
[01Mar2026 21:48:45.980] [main/DEBUG] [mixin/]: Registering mixin config: betterdungeons_forge.mixins.json
[01Mar2026 21:48:45.982] [main/DEBUG] [mixin/]: Adding mixin platform agents for container SecureJarResource(auudio)
[01Mar2026 21:48:45.982] [main/DEBUG] [mixin/]: Instancing new MixinPlatformAgentMinecraftForge for SecureJarResource(auudio)
[01Mar2026 21:48:45.982] [main/DEBUG] [mixin/]: MixinPlatformAgentMinecraftForge rejected container SecureJarResource(auudio)
[01Mar2026 21:48:45.982] [main/DEBUG] [mixin/]: Instancing new MixinPlatformAgentDefault for SecureJarResource(auudio)
[01Mar2026 21:48:45.982] [main/DEBUG] [mixin/]: MixinPlatformAgentDefault accepted container SecureJarResource(auudio)
[01Mar2026 21:48:45.982] [main/DEBUG] [mixin/]: Processing prepare() for PlatformAgent[MixinPlatformAgentDefault:SecureJarResource(auudio)]
[01Mar2026 21:48:45.982] [main/DEBUG] [mixin/]: Registering mixin config: auudio.mixin.json
[01Mar2026 21:48:45.984] [main/DEBUG] [mixin/]: Adding mixin platform agents for container SecureJarResource(almanac)
[01Mar2026 21:48:45.984] [main/DEBUG] [mixin/]: Instancing new MixinPlatformAgentMinecraftForge for SecureJarResource(almanac)
[01Mar2026 21:48:45.984] [main/DEBUG] [mixin/]: MixinPlatformAgentMinecraftForge rejected container SecureJarResource(almanac)
[01Mar2026 21:48:45.984] [main/DEBUG] [mixin/]: Instancing new MixinPlatformAgentDefault for SecureJarResource(almanac)
[01Mar2026 21:48:45.984] [main/DEBUG] [mixin/]: MixinPlatformAgentDefault accepted container SecureJarResource(almanac)
[01Mar2026 21:48:45.984] [main/DEBUG] [mixin/]: Processing prepare() for PlatformAgent[MixinPlatformAgentDefault:SecureJarResource(almanac)]
[01Mar2026 21:48:45.984] [main/DEBUG] [mixin/]: Registering mixin config: almanac.mixins.json
[01Mar2026 21:48:45.986] [main/DEBUG] [mixin/]: Adding mixin platform agents for container SecureJarResource(modernworldcreation)
[01Mar2026 21:48:45.986] [main/DEBUG] [mixin/]: Instancing new MixinPlatformAgentMinecraftForge for SecureJarResource(modernworldcreation)
[01Mar2026 21:48:45.986] [main/DEBUG] [mixin/]: MixinPlatformAgentMinecraftForge rejected container SecureJarResource(modernworldcreation)
[01Mar2026 21:48:45.986] [main/DEBUG] [mixin/]: Instancing new MixinPlatformAgentDefault for SecureJarResource(modernworldcreation)
[01Mar2026 21:48:45.986] [main/DEBUG] [mixin/]: MixinPlatformAgentDefault accepted container SecureJarResource(modernworldcreation)
[01Mar2026 21:48:45.986] [main/DEBUG] [mixin/]: Processing prepare() for PlatformAgent[MixinPlatformAgentDefault:SecureJarResource(modernworldcreation)]
[01Mar2026 21:48:45.986] [main/DEBUG] [mixin/]: Registering mixin config: modernworldcreation.mixins.json
[01Mar2026 21:48:45.987] [main/DEBUG] [mixin/]: Registering mixin config: modernworldcreation.forge.mixins.json
[01Mar2026 21:48:45.989] [main/DEBUG] [mixin/]: Adding mixin platform agents for container SecureJarResource(playeranimator)
[01Mar2026 21:48:45.990] [main/DEBUG] [mixin/]: Instancing new MixinPlatformAgentMinecraftForge for SecureJarResource(playeranimator)
[01Mar2026 21:48:45.990] [main/DEBUG] [mixin/]: MixinPlatformAgentMinecraftForge rejected container SecureJarResource(playeranimator)
[01Mar2026 21:48:45.990] [main/DEBUG] [mixin/]: Instancing new MixinPlatformAgentDefault for SecureJarResource(playeranimator)
[01Mar2026 21:48:45.990] [main/DEBUG] [mixin/]: MixinPlatformAgentDefault accepted container SecureJarResource(playeranimator)
[01Mar2026 21:48:45.990] [main/DEBUG] [mixin/]: Processing prepare() for PlatformAgent[MixinPlatformAgentDefault:SecureJarResource(playeranimator)]
[01Mar2026 21:48:45.990] [main/DEBUG] [mixin/]: Registering mixin config: playerAnimator-common.mixins.json
[01Mar2026 21:48:45.991] [main/DEBUG] [mixin/]: Compatibility level JAVA_16 specified by playerAnimator-common.mixins.json is higher than the maximum level supported by this version of mixin (JAVA_13).
[01Mar2026 21:48:45.991] [main/DEBUG] [mixin/]: Adding mixin platform agents for container SecureJarResource(apocalypticarsenal)
[01Mar2026 21:48:45.991] [main/DEBUG] [mixin/]: Instancing new MixinPlatformAgentMinecraftForge for SecureJarResource(apocalypticarsenal)
[01Mar2026 21:48:45.991] [main/DEBUG] [mixin/]: MixinPlatformAgentMinecraftForge rejected container SecureJarResource(apocalypticarsenal)
[01Mar2026 21:48:45.991] [main/DEBUG] [mixin/]: Instancing new MixinPlatformAgentDefault for SecureJarResource(apocalypticarsenal)
[01Mar2026 21:48:45.991] [main/DEBUG] [mixin/]: MixinPlatformAgentDefault accepted container SecureJarResource(apocalypticarsenal)
[01Mar2026 21:48:45.991] [main/DEBUG] [mixin/]: Processing prepare() for PlatformAgent[MixinPlatformAgentDefault:SecureJarResource(apocalypticarsenal)]
[01Mar2026 21:48:45.991] [main/DEBUG] [mixin/]: Adding mixin platform agents for container SecureJarResource(gamemenuremovegfarb)
[01Mar2026 21:48:45.991] [main/DEBUG] [mixin/]: Instancing new MixinPlatformAgentMinecraftForge for SecureJarResource(gamemenuremovegfarb)
[01Mar2026 21:48:45.991] [main/DEBUG] [mixin/]: MixinPlatformAgentMinecraftForge rejected container SecureJarResource(gamemenuremovegfarb)
[01Mar2026 21:48:45.991] [main/DEBUG] [mixin/]: Instancing new MixinPlatformAgentDefault for SecureJarResource(gamemenuremovegfarb)
[01Mar2026 21:48:45.991] [main/DEBUG] [mixin/]: MixinPlatformAgentDefault accepted container SecureJarResource(gamemenuremovegfarb)
[01Mar2026 21:48:45.991] [main/DEBUG] [mixin/]: Processing prepare() for PlatformAgent[MixinPlatformAgentDefault:SecureJarResource(gamemenuremovegfarb)]
[01Mar2026 21:48:45.991] [main/DEBUG] [mixin/]: Registering mixin config: gamemenuremovegfarb-common.mixins.json
[01Mar2026 21:48:45.993] [main/ERROR] [mixin/]: Mixin config gamemenuremovegfarb-common.mixins.json does not specify "minVersion" property
[01Mar2026 21:48:45.993] [main/DEBUG] [mixin/]: Adding mixin platform agents for container SecureJarResource(satako)
[01Mar2026 21:48:45.993] [main/DEBUG] [mixin/]: Instancing new MixinPlatformAgentMinecraftForge for SecureJarResource(satako)
[01Mar2026 21:48:45.993] [main/DEBUG] [mixin/]: MixinPlatformAgentMinecraftForge rejected container SecureJarResource(satako)
[01Mar2026 21:48:45.993] [main/DEBUG] [mixin/]: Instancing new MixinPlatformAgentDefault for SecureJarResource(satako)
[01Mar2026 21:48:45.993] [main/DEBUG] [mixin/]: MixinPlatformAgentDefault accepted container SecureJarResource(satako)
[01Mar2026 21:48:45.993] [main/DEBUG] [mixin/]: Processing prepare() for PlatformAgent[MixinPlatformAgentDefault:SecureJarResource(satako)]
[01Mar2026 21:48:45.993] [main/DEBUG] [mixin/]: Adding mixin platform agents for container SecureJarResource(underground_bunkers)
[01Mar2026 21:48:45.993] [main/DEBUG] [mixin/]: Instancing new MixinPlatformAgentMinecraftForge for SecureJarResource(underground_bunkers)
[01Mar2026 21:48:45.993] [main/DEBUG] [mixin/]: MixinPlatformAgentMinecraftForge rejected container SecureJarResource(underground_bunkers)
[01Mar2026 21:48:45.993] [main/DEBUG] [mixin/]: Instancing new MixinPlatformAgentDefault for SecureJarResource(underground_bunkers)
[01Mar2026 21:48:45.993] [main/DEBUG] [mixin/]: MixinPlatformAgentDefault accepted container SecureJarResource(underground_bunkers)
[01Mar2026 21:48:45.993] [main/DEBUG] [mixin/]: Processing prepare() for PlatformAgent[MixinPlatformAgentDefault:SecureJarResource(underground_bunkers)]
[01Mar2026 21:48:45.994] [main/DEBUG] [mixin/]: Adding mixin platform agents for container SecureJarResource(modernfix)
[01Mar2026 21:48:45.994] [main/DEBUG] [mixin/]: Instancing new MixinPlatformAgentMinecraftForge for SecureJarResource(modernfix)
[01Mar2026 21:48:45.994] [main/DEBUG] [mixin/]: MixinPlatformAgentMinecraftForge rejected container SecureJarResource(modernfix)
[01Mar2026 21:48:45.994] [main/DEBUG] [mixin/]: Instancing new MixinPlatformAgentDefault for SecureJarResource(modernfix)
[01Mar2026 21:48:45.994] [main/DEBUG] [mixin/]: MixinPlatformAgentDefault accepted container SecureJarResource(modernfix)
[01Mar2026 21:48:45.994] [main/DEBUG] [mixin/]: Processing prepare() for PlatformAgent[MixinPlatformAgentDefault:SecureJarResource(modernfix)]
[01Mar2026 21:48:45.994] [main/DEBUG] [mixin/]: Registering mixin config: modernfix-modernfix.mixins.json
[01Mar2026 21:48:45.996] [main/DEBUG] [mixin/]: Adding mixin platform agents for container SecureJarResource(yungsapi)
[01Mar2026 21:48:45.997] [main/DEBUG] [mixin/]: Instancing new MixinPlatformAgentMinecraftForge for SecureJarResource(yungsapi)
[01Mar2026 21:48:45.997] [main/DEBUG] [mixin/]: MixinPlatformAgentMinecraftForge rejected container SecureJarResource(yungsapi)
[01Mar2026 21:48:45.997] [main/DEBUG] [mixin/]: Instancing new MixinPlatformAgentDefault for SecureJarResource(yungsapi)
[01Mar2026 21:48:45.997] [main/DEBUG] [mixin/]: MixinPlatformAgentDefault accepted container SecureJarResource(yungsapi)
[01Mar2026 21:48:45.997] [main/DEBUG] [mixin/]: Processing prepare() for PlatformAgent[MixinPlatformAgentDefault:SecureJarResource(yungsapi)]
[01Mar2026 21:48:45.997] [main/DEBUG] [mixin/]: Registering mixin config: yungsapi.mixins.json
[01Mar2026 21:48:45.998] [main/DEBUG] [mixin/]: Registering mixin config: yungsapi_forge.mixins.json
[01Mar2026 21:48:46.000] [main/DEBUG] [mixin/]: Adding mixin platform agents for container SecureJarResource(bbb)
[01Mar2026 21:48:46.000] [main/DEBUG] [mixin/]: Instancing new MixinPlatformAgentMinecraftForge for SecureJarResource(bbb)
[01Mar2026 21:48:46.000] [main/DEBUG] [mixin/]: MixinPlatformAgentMinecraftForge rejected container SecureJarResource(bbb)
[01Mar2026 21:48:46.000] [main/DEBUG] [mixin/]: Instancing new MixinPlatformAgentDefault for SecureJarResource(bbb)
[01Mar2026 21:48:46.000] [main/DEBUG] [mixin/]: MixinPlatformAgentDefault accepted container SecureJarResource(bbb)
[01Mar2026 21:48:46.000] [main/DEBUG] [mixin/]: Processing prepare() for PlatformAgent[MixinPlatformAgentDefault:SecureJarResource(bbb)]
[01Mar2026 21:48:46.000] [main/DEBUG] [mixin/]: Registering mixin config: bbb.mixins.json
[01Mar2026 21:48:46.001] [main/DEBUG] [mixin/]: Adding mixin platform agents for container SecureJarResource(guardvillagers)
[01Mar2026 21:48:46.001] [main/DEBUG] [mixin/]: Instancing new MixinPlatformAgentMinecraftForge for SecureJarResource(guardvillagers)
[01Mar2026 21:48:46.001] [main/DEBUG] [mixin/]: MixinPlatformAgentMinecraftForge rejected container SecureJarResource(guardvillagers)
[01Mar2026 21:48:46.001] [main/DEBUG] [mixin/]: Instancing new MixinPlatformAgentDefault for SecureJarResource(guardvillagers)
[01Mar2026 21:48:46.001] [main/DEBUG] [mixin/]: MixinPlatformAgentDefault accepted container SecureJarResource(guardvillagers)
[01Mar2026 21:48:46.001] [main/DEBUG] [mixin/]: Processing prepare() for PlatformAgent[MixinPlatformAgentDefault:SecureJarResource(guardvillagers)]
[01Mar2026 21:48:46.001] [main/DEBUG] [mixin/]: Registering mixin config: guardvillagers.mixins.json
[01Mar2026 21:48:46.002] [main/DEBUG] [mixin/]: Adding mixin platform agents for container SecureJarResource(createdieselgenerators)
[01Mar2026 21:48:46.002] [main/DEBUG] [mixin/]: Instancing new MixinPlatformAgentMinecraftForge for SecureJarResource(createdieselgenerators)
[01Mar2026 21:48:46.002] [main/DEBUG] [mixin/]: MixinPlatformAgentMinecraftForge rejected container SecureJarResource(createdieselgenerators)
[01Mar2026 21:48:46.002] [main/DEBUG] [mixin/]: Instancing new MixinPlatformAgentDefault for SecureJarResource(createdieselgenerators)
[01Mar2026 21:48:46.002] [main/DEBUG] [mixin/]: MixinPlatformAgentDefault accepted container SecureJarResource(createdieselgenerators)
[01Mar2026 21:48:46.002] [main/DEBUG] [mixin/]: Processing prepare() for PlatformAgent[MixinPlatformAgentDefault:SecureJarResource(createdieselgenerators)]
[01Mar2026 21:48:46.002] [main/DEBUG] [mixin/]: Registering mixin config: createdieselgenerators.mixins.json
[01Mar2026 21:48:46.003] [main/DEBUG] [mixin/]: Adding mixin platform agents for container SecureJarResource(hordes)
[01Mar2026 21:48:46.003] [main/DEBUG] [mixin/]: Instancing new MixinPlatformAgentMinecraftForge for SecureJarResource(hordes)
[01Mar2026 21:48:46.003] [main/DEBUG] [mixin/]: MixinPlatformAgentMinecraftForge rejected container SecureJarResource(hordes)
[01Mar2026 21:48:46.003] [main/DEBUG] [mixin/]: Instancing new MixinPlatformAgentDefault for SecureJarResource(hordes)
[01Mar2026 21:48:46.003] [main/DEBUG] [mixin/]: MixinPlatformAgentDefault accepted container SecureJarResource(hordes)
[01Mar2026 21:48:46.003] [main/DEBUG] [mixin/]: Processing prepare() for PlatformAgent[MixinPlatformAgentDefault:SecureJarResource(hordes)]
[01Mar2026 21:48:46.003] [main/DEBUG] [mixin/]: Registering mixin config: hordes.mixin.json
[01Mar2026 21:48:46.004] [main/DEBUG] [mixin/]: Adding mixin platform agents for container SecureJarResource(minetraps)
[01Mar2026 21:48:46.004] [main/DEBUG] [mixin/]: Instancing new MixinPlatformAgentMinecraftForge for SecureJarResource(minetraps)
[01Mar2026 21:48:46.004] [main/DEBUG] [mixin/]: MixinPlatformAgentMinecraftForge rejected container SecureJarResource(minetraps)
[01Mar2026 21:48:46.004] [main/DEBUG] [mixin/]: Instancing new MixinPlatformAgentDefault for SecureJarResource(minetraps)
[01Mar2026 21:48:46.004] [main/DEBUG] [mixin/]: MixinPlatformAgentDefault accepted container SecureJarResource(minetraps)
[01Mar2026 21:48:46.004] [main/DEBUG] [mixin/]: Processing prepare() for PlatformAgent[MixinPlatformAgentDefault:SecureJarResource(minetraps)]
[01Mar2026 21:48:46.004] [main/DEBUG] [mixin/]: Adding mixin platform agents for container SecureJarResource(k_turrets)
[01Mar2026 21:48:46.004] [main/DEBUG] [mixin/]: Instancing new MixinPlatformAgentMinecraftForge for SecureJarResource(k_turrets)
[01Mar2026 21:48:46.004] [main/DEBUG] [mixin/]: MixinPlatformAgentMinecraftForge rejected container SecureJarResource(k_turrets)
[01Mar2026 21:48:46.004] [main/DEBUG] [mixin/]: Instancing new MixinPlatformAgentDefault for SecureJarResource(k_turrets)
[01Mar2026 21:48:46.004] [main/DEBUG] [mixin/]: MixinPlatformAgentDefault accepted container SecureJarResource(k_turrets)
[01Mar2026 21:48:46.004] [main/DEBUG] [mixin/]: Processing prepare() for PlatformAgent[MixinPlatformAgentDefault:SecureJarResource(k_turrets)]
[01Mar2026 21:48:46.004] [main/DEBUG] [mixin/]: Adding mixin platform agents for container SecureJarResource(jeresources)
[01Mar2026 21:48:46.004] [main/DEBUG] [mixin/]: Instancing new MixinPlatformAgentMinecraftForge for SecureJarResource(jeresources)
[01Mar2026 21:48:46.004] [main/DEBUG] [mixin/]: MixinPlatformAgentMinecraftForge rejected container SecureJarResource(jeresources)
[01Mar2026 21:48:46.004] [main/DEBUG] [mixin/]: Instancing new MixinPlatformAgentDefault for SecureJarResource(jeresources)
[01Mar2026 21:48:46.004] [main/DEBUG] [mixin/]: MixinPlatformAgentDefault accepted container SecureJarResource(jeresources)
[01Mar2026 21:48:46.004] [main/DEBUG] [mixin/]: Processing prepare() for PlatformAgent[MixinPlatformAgentDefault:SecureJarResource(jeresources)]
[01Mar2026 21:48:46.004] [main/DEBUG] [mixin/]: Adding mixin platform agents for container SecureJarResource(chat_heads)
[01Mar2026 21:48:46.004] [main/DEBUG] [mixin/]: Instancing new MixinPlatformAgentMinecraftForge for SecureJarResource(chat_heads)
[01Mar2026 21:48:46.004] [main/DEBUG] [mixin/]: MixinPlatformAgentMinecraftForge rejected container SecureJarResource(chat_heads)
[01Mar2026 21:48:46.004] [main/DEBUG] [mixin/]: Instancing new MixinPlatformAgentDefault for SecureJarResource(chat_heads)
[01Mar2026 21:48:46.004] [main/DEBUG] [mixin/]: MixinPlatformAgentDefault accepted container SecureJarResource(chat_heads)
[01Mar2026 21:48:46.004] [main/DEBUG] [mixin/]: Processing prepare() for PlatformAgent[MixinPlatformAgentDefault:SecureJarResource(chat_heads)]
[01Mar2026 21:48:46.004] [main/DEBUG] [mixin/]: Registering mixin config: chat_heads.mixins.json
[01Mar2026 21:48:46.006] [main/DEBUG] [mixin/]: Registering mixin config: chat_heads.forge.mixins.json
[01Mar2026 21:48:46.007] [main/DEBUG] [mixin/]: Adding mixin platform agents for container SecureJarResource(bbs)
[01Mar2026 21:48:46.007] [main/DEBUG] [mixin/]: Instancing new MixinPlatformAgentMinecraftForge for SecureJarResource(bbs)
[01Mar2026 21:48:46.007] [main/DEBUG] [mixin/]: MixinPlatformAgentMinecraftForge rejected container SecureJarResource(bbs)
[01Mar2026 21:48:46.007] [main/DEBUG] [mixin/]: Instancing new MixinPlatformAgentDefault for SecureJarResource(bbs)
[01Mar2026 21:48:46.007] [main/DEBUG] [mixin/]: MixinPlatformAgentDefault accepted container SecureJarResource(bbs)
[01Mar2026 21:48:46.007] [main/DEBUG] [mixin/]: Processing prepare() for PlatformAgent[MixinPlatformAgentDefault:SecureJarResource(bbs)]
[01Mar2026 21:48:46.007] [main/DEBUG] [mixin/]: Registering mixin config: bbs.mixins.json
[01Mar2026 21:48:46.008] [main/DEBUG] [mixin/]: Adding mixin platform agents for container SecureJarResource(cloth_config)
[01Mar2026 21:48:46.008] [main/DEBUG] [mixin/]: Instancing new MixinPlatformAgentMinecraftForge for SecureJarResource(cloth_config)
[01Mar2026 21:48:46.008] [main/DEBUG] [mixin/]: MixinPlatformAgentMinecraftForge rejected container SecureJarResource(cloth_config)
[01Mar2026 21:48:46.008] [main/DEBUG] [mixin/]: Instancing new MixinPlatformAgentDefault for SecureJarResource(cloth_config)
[01Mar2026 21:48:46.008] [main/DEBUG] [mixin/]: MixinPlatformAgentDefault accepted container SecureJarResource(cloth_config)
[01Mar2026 21:48:46.008] [main/DEBUG] [mixin/]: Processing prepare() for PlatformAgent[MixinPlatformAgentDefault:SecureJarResource(cloth_config)]
[01Mar2026 21:48:46.008] [main/DEBUG] [mixin/]: Adding mixin platform agents for container SecureJarResource(combatlog)
[01Mar2026 21:48:46.008] [main/DEBUG] [mixin/]: Instancing new MixinPlatformAgentMinecraftForge for SecureJarResource(combatlog)
[01Mar2026 21:48:46.008] [main/DEBUG] [mixin/]: MixinPlatformAgentMinecraftForge rejected container SecureJarResource(combatlog)
[01Mar2026 21:48:46.008] [main/DEBUG] [mixin/]: Instancing new MixinPlatformAgentDefault for SecureJarResource(combatlog)
[01Mar2026 21:48:46.008] [main/DEBUG] [mixin/]: MixinPlatformAgentDefault accepted container SecureJarResource(combatlog)
[01Mar2026 21:48:46.008] [main/DEBUG] [mixin/]: Processing prepare() for PlatformAgent[MixinPlatformAgentDefault:SecureJarResource(combatlog)]
[01Mar2026 21:48:46.008] [main/DEBUG] [mixin/]: Registering mixin config: combatlog-common.mixins.json
[01Mar2026 21:48:46.009] [main/DEBUG] [mixin/]: Compatibility level JAVA_8 specified by combatlog-common.mixins.json is lower than the default level supported by the current mixin service (JAVA_16).
[01Mar2026 21:48:46.009] [main/DEBUG] [mixin/]: Registering mixin config: combatlog-forge.mixins.json
[01Mar2026 21:48:46.009] [main/DEBUG] [mixin/]: Compatibility level JAVA_8 specified by combatlog-forge.mixins.json is lower than the default level supported by the current mixin service (JAVA_16).
[01Mar2026 21:48:46.010] [main/ERROR] [mixin/]: Mixin config combatlog-forge.mixins.json does not specify "minVersion" property
[01Mar2026 21:48:46.010] [main/DEBUG] [mixin/]: Adding mixin platform agents for container SecureJarResource(embeddium)
[01Mar2026 21:48:46.010] [main/DEBUG] [mixin/]: Instancing new MixinPlatformAgentMinecraftForge for SecureJarResource(embeddium)
[01Mar2026 21:48:46.010] [main/DEBUG] [mixin/]: MixinPlatformAgentMinecraftForge rejected container SecureJarResource(embeddium)
[01Mar2026 21:48:46.010] [main/DEBUG] [mixin/]: Instancing new MixinPlatformAgentDefault for SecureJarResource(embeddium)
[01Mar2026 21:48:46.010] [main/DEBUG] [mixin/]: MixinPlatformAgentDefault accepted container SecureJarResource(embeddium)
[01Mar2026 21:48:46.010] [main/DEBUG] [mixin/]: Processing prepare() for PlatformAgent[MixinPlatformAgentDefault:SecureJarResource(embeddium)]
[01Mar2026 21:48:46.010] [main/DEBUG] [mixin/]: Registering mixin config: embeddium.mixins.json
[01Mar2026 21:48:46.011] [main/DEBUG] [mixin/]: Adding mixin platform agents for container SecureJarResource(athena)
[01Mar2026 21:48:46.012] [main/DEBUG] [mixin/]: Instancing new MixinPlatformAgentMinecraftForge for SecureJarResource(athena)
[01Mar2026 21:48:46.012] [main/DEBUG] [mixin/]: MixinPlatformAgentMinecraftForge rejected container SecureJarResource(athena)
[01Mar2026 21:48:46.012] [main/DEBUG] [mixin/]: Instancing new MixinPlatformAgentDefault for SecureJarResource(athena)
[01Mar2026 21:48:46.012] [main/DEBUG] [mixin/]: MixinPlatformAgentDefault accepted container SecureJarResource(athena)
[01Mar2026 21:48:46.012] [main/DEBUG] [mixin/]: Processing prepare() for PlatformAgent[MixinPlatformAgentDefault:SecureJarResource(athena)]
[01Mar2026 21:48:46.012] [main/DEBUG] [mixin/]: Registering mixin config: athena.mixins.json
[01Mar2026 21:48:46.013] [main/DEBUG] [mixin/]: Registering mixin config: athena-forge.mixins.json
[01Mar2026 21:48:46.014] [main/DEBUG] [mixin/]: Adding mixin platform agents for container SecureJarResource(geophilic_reforged)
[01Mar2026 21:48:46.014] [main/DEBUG] [mixin/]: Instancing new MixinPlatformAgentMinecraftForge for SecureJarResource(geophilic_reforged)
[01Mar2026 21:48:46.014] [main/DEBUG] [mixin/]: MixinPlatformAgentMinecraftForge rejected container SecureJarResource(geophilic_reforged)
[01Mar2026 21:48:46.014] [main/DEBUG] [mixin/]: Instancing new MixinPlatformAgentDefault for SecureJarResource(geophilic_reforged)
[01Mar2026 21:48:46.014] [main/DEBUG] [mixin/]: MixinPlatformAgentDefault accepted container SecureJarResource(geophilic_reforged)
[01Mar2026 21:48:46.014] [main/DEBUG] [mixin/]: Processing prepare() for PlatformAgent[MixinPlatformAgentDefault:SecureJarResource(geophilic_reforged)]
[01Mar2026 21:48:46.014] [main/DEBUG] [mixin/]: Adding mixin platform agents for container SecureJarResource(corpse)
[01Mar2026 21:48:46.014] [main/DEBUG] [mixin/]: Instancing new MixinPlatformAgentMinecraftForge for SecureJarResource(corpse)
[01Mar2026 21:48:46.014] [main/DEBUG] [mixin/]: MixinPlatformAgentMinecraftForge rejected container SecureJarResource(corpse)
[01Mar2026 21:48:46.014] [main/DEBUG] [mixin/]: Instancing new MixinPlatformAgentDefault for SecureJarResource(corpse)
[01Mar2026 21:48:46.014] [main/DEBUG] [mixin/]: MixinPlatformAgentDefault accepted container SecureJarResource(corpse)
[01Mar2026 21:48:46.014] [main/DEBUG] [mixin/]: Processing prepare() for PlatformAgent[MixinPlatformAgentDefault:SecureJarResource(corpse)]
[01Mar2026 21:48:46.014] [main/DEBUG] [mixin/]: Adding mixin platform agents for container SecureJarResource(tenshilib)
[01Mar2026 21:48:46.014] [main/DEBUG] [mixin/]: Instancing new MixinPlatformAgentMinecraftForge for SecureJarResource(tenshilib)
[01Mar2026 21:48:46.014] [main/DEBUG] [mixin/]: MixinPlatformAgentMinecraftForge rejected container SecureJarResource(tenshilib)
[01Mar2026 21:48:46.014] [main/DEBUG] [mixin/]: Instancing new MixinPlatformAgentDefault for SecureJarResource(tenshilib)
[01Mar2026 21:48:46.014] [main/DEBUG] [mixin/]: MixinPlatformAgentDefault accepted container SecureJarResource(tenshilib)
[01Mar2026 21:48:46.014] [main/DEBUG] [mixin/]: Processing prepare() for PlatformAgent[MixinPlatformAgentDefault:SecureJarResource(tenshilib)]
[01Mar2026 21:48:46.014] [main/DEBUG] [mixin/]: Registering mixin config: tenshilib.mixins.json
[01Mar2026 21:48:46.015] [main/DEBUG] [mixin/]: Compatibility level JAVA_16 specified by tenshilib.mixins.json is higher than the maximum level supported by this version of mixin (JAVA_13).
[01Mar2026 21:48:46.015] [main/DEBUG] [mixin/]: Adding mixin platform agents for container SecureJarResource(handcrafted)
[01Mar2026 21:48:46.015] [main/DEBUG] [mixin/]: Instancing new MixinPlatformAgentMinecraftForge for SecureJarResource(handcrafted)
[01Mar2026 21:48:46.015] [main/DEBUG] [mixin/]: MixinPlatformAgentMinecraftForge rejected container SecureJarResource(handcrafted)
[01Mar2026 21:48:46.015] [main/DEBUG] [mixin/]: Instancing new MixinPlatformAgentDefault for SecureJarResource(handcrafted)
[01Mar2026 21:48:46.015] [main/DEBUG] [mixin/]: MixinPlatformAgentDefault accepted container SecureJarResource(handcrafted)
[01Mar2026 21:48:46.015] [main/DEBUG] [mixin/]: Processing prepare() for PlatformAgent[MixinPlatformAgentDefault:SecureJarResource(handcrafted)]
[01Mar2026 21:48:46.015] [main/DEBUG] [mixin/]: Registering mixin config: handcrafted-common.mixins.json
[01Mar2026 21:48:46.016] [main/DEBUG] [mixin/]: Registering mixin config: handcrafted.mixins.json
[01Mar2026 21:48:46.018] [main/DEBUG] [mixin/]: Adding mixin platform agents for container SecureJarResource(combatroll)
[01Mar2026 21:48:46.018] [main/DEBUG] [mixin/]: Instancing new MixinPlatformAgentMinecraftForge for SecureJarResource(combatroll)
[01Mar2026 21:48:46.018] [main/DEBUG] [mixin/]: MixinPlatformAgentMinecraftForge rejected container SecureJarResource(combatroll)
[01Mar2026 21:48:46.018] [main/DEBUG] [mixin/]: Instancing new MixinPlatformAgentDefault for SecureJarResource(combatroll)
[01Mar2026 21:48:46.018] [main/DEBUG] [mixin/]: MixinPlatformAgentDefault accepted container SecureJarResource(combatroll)
[01Mar2026 21:48:46.018] [main/DEBUG] [mixin/]: Processing prepare() for PlatformAgent[MixinPlatformAgentDefault:SecureJarResource(combatroll)]
[01Mar2026 21:48:46.018] [main/DEBUG] [mixin/]: Registering mixin config: combatroll.mixins.json
[01Mar2026 21:48:46.019] [main/DEBUG] [mixin/]: Adding mixin platform agents for container SecureJarResource(warrior)
[01Mar2026 21:48:46.019] [main/DEBUG] [mixin/]: Instancing new MixinPlatformAgentMinecraftForge for SecureJarResource(warrior)
[01Mar2026 21:48:46.019] [main/DEBUG] [mixin/]: MixinPlatformAgentMinecraftForge rejected container SecureJarResource(warrior)
[01Mar2026 21:48:46.019] [main/DEBUG] [mixin/]: Instancing new MixinPlatformAgentDefault for SecureJarResource(warrior)
[01Mar2026 21:48:46.019] [main/DEBUG] [mixin/]: MixinPlatformAgentDefault accepted container SecureJarResource(warrior)
[01Mar2026 21:48:46.019] [main/DEBUG] [mixin/]: Processing prepare() for PlatformAgent[MixinPlatformAgentDefault:SecureJarResource(warrior)]
[01Mar2026 21:48:46.019] [main/DEBUG] [mixin/]: Adding mixin platform agents for container SecureJarResource(gml)
[01Mar2026 21:48:46.019] [main/DEBUG] [mixin/]: Instancing new MixinPlatformAgentMinecraftForge for SecureJarResource(gml)
[01Mar2026 21:48:46.019] [main/DEBUG] [mixin/]: MixinPlatformAgentMinecraftForge rejected container SecureJarResource(gml)
[01Mar2026 21:48:46.019] [main/DEBUG] [mixin/]: Instancing new MixinPlatformAgentDefault for SecureJarResource(gml)
[01Mar2026 21:48:46.019] [main/DEBUG] [mixin/]: MixinPlatformAgentDefault accepted container SecureJarResource(gml)
[01Mar2026 21:48:46.019] [main/DEBUG] [mixin/]: Processing prepare() for PlatformAgent[MixinPlatformAgentDefault:SecureJarResource(gml)]
[01Mar2026 21:48:46.019] [main/DEBUG] [mixin/]: Adding mixin platform agents for container SecureJarResource(alekiships)
[01Mar2026 21:48:46.019] [main/DEBUG] [mixin/]: Instancing new MixinPlatformAgentMinecraftForge for SecureJarResource(alekiships)
[01Mar2026 21:48:46.019] [main/DEBUG] [mixin/]: MixinPlatformAgentMinecraftForge rejected container SecureJarResource(alekiships)
[01Mar2026 21:48:46.019] [main/DEBUG] [mixin/]: Instancing new MixinPlatformAgentDefault for SecureJarResource(alekiships)
[01Mar2026 21:48:46.019] [main/DEBUG] [mixin/]: MixinPlatformAgentDefault accepted container SecureJarResource(alekiships)
[01Mar2026 21:48:46.020] [main/DEBUG] [mixin/]: Processing prepare() for PlatformAgent[MixinPlatformAgentDefault:SecureJarResource(alekiships)]
[01Mar2026 21:48:46.020] [main/DEBUG] [mixin/]: Registering mixin config: alekiships.mixins.json
[01Mar2026 21:48:46.020] [main/DEBUG] [mixin/]: Adding mixin platform agents for container SecureJarResource(lrarmor)
[01Mar2026 21:48:46.021] [main/DEBUG] [mixin/]: Instancing new MixinPlatformAgentMinecraftForge for SecureJarResource(lrarmor)
[01Mar2026 21:48:46.021] [main/DEBUG] [mixin/]: MixinPlatformAgentMinecraftForge rejected container SecureJarResource(lrarmor)
[01Mar2026 21:48:46.021] [main/DEBUG] [mixin/]: Instancing new MixinPlatformAgentDefault for SecureJarResource(lrarmor)
[01Mar2026 21:48:46.021] [main/DEBUG] [mixin/]: MixinPlatformAgentDefault accepted container SecureJarResource(lrarmor)
[01Mar2026 21:48:46.021] [main/DEBUG] [mixin/]: Processing prepare() for PlatformAgent[MixinPlatformAgentDefault:SecureJarResource(lrarmor)]
[01Mar2026 21:48:46.021] [main/DEBUG] [mixin/]: Registering mixin config: lrarmor.mixins.json
[01Mar2026 21:48:46.022] [main/DEBUG] [mixin/]: Adding mixin platform agents for container SecureJarResource(fishingoverhaul)
[01Mar2026 21:48:46.022] [main/DEBUG] [mixin/]: Instancing new MixinPlatformAgentMinecraftForge for SecureJarResource(fishingoverhaul)
[01Mar2026 21:48:46.022] [main/DEBUG] [mixin/]: MixinPlatformAgentMinecraftForge rejected container SecureJarResource(fishingoverhaul)
[01Mar2026 21:48:46.022] [main/DEBUG] [mixin/]: Instancing new MixinPlatformAgentDefault for SecureJarResource(fishingoverhaul)
[01Mar2026 21:48:46.022] [main/DEBUG] [mixin/]: MixinPlatformAgentDefault accepted container SecureJarResource(fishingoverhaul)
[01Mar2026 21:48:46.022] [main/DEBUG] [mixin/]: Processing prepare() for PlatformAgent[MixinPlatformAgentDefault:SecureJarResource(fishingoverhaul)]
[01Mar2026 21:48:46.022] [main/DEBUG] [mixin/]: Registering mixin config: fishingoverhaul.mixins.json
[01Mar2026 21:48:46.023] [main/DEBUG] [mixin/]: Adding mixin platform agents for container SecureJarResource(propertymodifier)
[01Mar2026 21:48:46.023] [main/DEBUG] [mixin/]: Instancing new MixinPlatformAgentMinecraftForge for SecureJarResource(propertymodifier)
[01Mar2026 21:48:46.023] [main/DEBUG] [mixin/]: MixinPlatformAgentMinecraftForge rejected container SecureJarResource(propertymodifier)
[01Mar2026 21:48:46.023] [main/DEBUG] [mixin/]: Instancing new MixinPlatformAgentDefault for SecureJarResource(propertymodifier)
[01Mar2026 21:48:46.023] [main/DEBUG] [mixin/]: MixinPlatformAgentDefault accepted container SecureJarResource(propertymodifier)
[01Mar2026 21:48:46.023] [main/DEBUG] [mixin/]: Processing prepare() for PlatformAgent[MixinPlatformAgentDefault:SecureJarResource(propertymodifier)]
[01Mar2026 21:48:46.023] [main/DEBUG] [mixin/]: Registering mixin config: propertymodifier.mixins.json
[01Mar2026 21:48:46.024] [main/DEBUG] [mixin/]: Adding mixin platform agents for container SecureJarResource(mcwtrpdoors)
[01Mar2026 21:48:46.024] [main/DEBUG] [mixin/]: Instancing new MixinPlatformAgentMinecraftForge for SecureJarResource(mcwtrpdoors)
[01Mar2026 21:48:46.024] [main/DEBUG] [mixin/]: MixinPlatformAgentMinecraftForge rejected container SecureJarResource(mcwtrpdoors)
[01Mar2026 21:48:46.024] [main/DEBUG] [mixin/]: Instancing new MixinPlatformAgentDefault for SecureJarResource(mcwtrpdoors)
[01Mar2026 21:48:46.024] [main/DEBUG] [mixin/]: MixinPlatformAgentDefault accepted container SecureJarResource(mcwtrpdoors)
[01Mar2026 21:48:46.024] [main/DEBUG] [mixin/]: Processing prepare() for PlatformAgent[MixinPlatformAgentDefault:SecureJarResource(mcwtrpdoors)]
[01Mar2026 21:48:46.024] [main/DEBUG] [mixin/]: Adding mixin platform agents for container SecureJarResource(spark)
[01Mar2026 21:48:46.024] [main/DEBUG] [mixin/]: Instancing new MixinPlatformAgentMinecraftForge for SecureJarResource(spark)
[01Mar2026 21:48:46.024] [main/DEBUG] [mixin/]: MixinPlatformAgentMinecraftForge rejected container SecureJarResource(spark)
[01Mar2026 21:48:46.024] [main/DEBUG] [mixin/]: Instancing new MixinPlatformAgentDefault for SecureJarResource(spark)
[01Mar2026 21:48:46.024] [main/DEBUG] [mixin/]: MixinPlatformAgentDefault accepted container SecureJarResource(spark)
[01Mar2026 21:48:46.024] [main/DEBUG] [mixin/]: Processing prepare() for PlatformAgent[MixinPlatformAgentDefault:SecureJarResource(spark)]
[01Mar2026 21:48:46.024] [main/DEBUG] [mixin/]: Adding mixin platform agents for container SecureJarResource(philipsruins)
[01Mar2026 21:48:46.024] [main/DEBUG] [mixin/]: Instancing new MixinPlatformAgentMinecraftForge for SecureJarResource(philipsruins)
[01Mar2026 21:48:46.024] [main/DEBUG] [mixin/]: MixinPlatformAgentMinecraftForge rejected container SecureJarResource(philipsruins)
[01Mar2026 21:48:46.024] [main/DEBUG] [mixin/]: Instancing new MixinPlatformAgentDefault for SecureJarResource(philipsruins)
[01Mar2026 21:48:46.024] [main/DEBUG] [mixin/]: MixinPlatformAgentDefault accepted container SecureJarResource(philipsruins)
[01Mar2026 21:48:46.024] [main/DEBUG] [mixin/]: Processing prepare() for PlatformAgent[MixinPlatformAgentDefault:SecureJarResource(philipsruins)]
[01Mar2026 21:48:46.024] [main/DEBUG] [mixin/]: Adding mixin platform agents for container SecureJarResource(dimension_access_manager)
[01Mar2026 21:48:46.024] [main/DEBUG] [mixin/]: Instancing new MixinPlatformAgentMinecraftForge for SecureJarResource(dimension_access_manager)
[01Mar2026 21:48:46.024] [main/DEBUG] [mixin/]: MixinPlatformAgentMinecraftForge rejected container SecureJarResource(dimension_access_manager)
[01Mar2026 21:48:46.024] [main/DEBUG] [mixin/]: Instancing new MixinPlatformAgentDefault for SecureJarResource(dimension_access_manager)
[01Mar2026 21:48:46.024] [main/DEBUG] [mixin/]: MixinPlatformAgentDefault accepted container SecureJarResource(dimension_access_manager)
[01Mar2026 21:48:46.024] [main/DEBUG] [mixin/]: Processing prepare() for PlatformAgent[MixinPlatformAgentDefault:SecureJarResource(dimension_access_manager)]
[01Mar2026 21:48:46.024] [main/DEBUG] [mixin/]: Adding mixin platform agents for container SecureJarResource(gunfireoverhaul)
[01Mar2026 21:48:46.024] [main/DEBUG] [mixin/]: Instancing new MixinPlatformAgentMinecraftForge for SecureJarResource(gunfireoverhaul)
[01Mar2026 21:48:46.024] [main/DEBUG] [mixin/]: MixinPlatformAgentMinecraftForge rejected container SecureJarResource(gunfireoverhaul)
[01Mar2026 21:48:46.024] [main/DEBUG] [mixin/]: Instancing new MixinPlatformAgentDefault for SecureJarResource(gunfireoverhaul)
[01Mar2026 21:48:46.025] [main/DEBUG] [mixin/]: MixinPlatformAgentDefault accepted container SecureJarResource(gunfireoverhaul)
[01Mar2026 21:48:46.025] [main/DEBUG] [mixin/]: Processing prepare() for PlatformAgent[MixinPlatformAgentDefault:SecureJarResource(gunfireoverhaul)]
[01Mar2026 21:48:46.025] [main/DEBUG] [mixin/]: Registering mixin config: gunfireoverhaul.mixins.json
[01Mar2026 21:48:46.026] [main/DEBUG] [mixin/]: Adding mixin platform agents for container SecureJarResource(oculus)
[01Mar2026 21:48:46.026] [main/DEBUG] [mixin/]: Instancing new MixinPlatformAgentMinecraftForge for SecureJarResource(oculus)
[01Mar2026 21:48:46.027] [main/DEBUG] [mixin/]: MixinPlatformAgentMinecraftForge rejected container SecureJarResource(oculus)
[01Mar2026 21:48:46.027] [main/DEBUG] [mixin/]: Instancing new MixinPlatformAgentDefault for SecureJarResource(oculus)
[01Mar2026 21:48:46.027] [main/DEBUG] [mixin/]: MixinPlatformAgentDefault accepted container SecureJarResource(oculus)
[01Mar2026 21:48:46.027] [main/DEBUG] [mixin/]: Processing prepare() for PlatformAgent[MixinPlatformAgentDefault:SecureJarResource(oculus)]
[01Mar2026 21:48:46.027] [main/DEBUG] [mixin/]: Registering mixin config: mixins.oculus.json
[01Mar2026 21:48:46.028] [main/DEBUG] [mixin/]: Compatibility level JAVA_8 specified by mixins.oculus.json is lower than the default level supported by the current mixin service (JAVA_16).
[01Mar2026 21:48:46.028] [main/DEBUG] [mixin/]: Registering mixin config: mixins.oculus.fantastic.json
[01Mar2026 21:48:46.029] [main/DEBUG] [mixin/]: Compatibility level JAVA_8 specified by mixins.oculus.fantastic.json is lower than the default level supported by the current mixin service (JAVA_16).
[01Mar2026 21:48:46.029] [main/DEBUG] [mixin/]: Registering mixin config: mixins.oculus.vertexformat.json
[01Mar2026 21:48:46.030] [main/DEBUG] [mixin/]: Compatibility level JAVA_8 specified by mixins.oculus.vertexformat.json is lower than the default level supported by the current mixin service (JAVA_16).
[01Mar2026 21:48:46.030] [main/DEBUG] [mixin/]: Registering mixin config: mixins.oculus.bettermipmaps.json
[01Mar2026 21:48:46.031] [main/DEBUG] [mixin/]: Compatibility level JAVA_8 specified by mixins.oculus.bettermipmaps.json is lower than the default level supported by the current mixin service (JAVA_16).
[01Mar2026 21:48:46.031] [main/DEBUG] [mixin/]: Registering mixin config: mixins.oculus.fixes.maxfpscrash.json
[01Mar2026 21:48:46.032] [main/DEBUG] [mixin/]: Compatibility level JAVA_8 specified by mixins.oculus.fixes.maxfpscrash.json is lower than the default level supported by the current mixin service (JAVA_16).
[01Mar2026 21:48:46.032] [main/DEBUG] [mixin/]: Registering mixin config: oculus-batched-entity-rendering.mixins.json
[01Mar2026 21:48:46.032] [main/DEBUG] [mixin/]: Compatibility level JAVA_8 specified by oculus-batched-entity-rendering.mixins.json is lower than the default level supported by the current mixin service (JAVA_16).
[01Mar2026 21:48:46.033] [main/DEBUG] [mixin/]: Registering mixin config: mixins.oculus.compat.sodium.json
[01Mar2026 21:48:46.033] [main/DEBUG] [mixin/]: Compatibility level JAVA_8 specified by mixins.oculus.compat.sodium.json is lower than the default level supported by the current mixin service (JAVA_16).
[01Mar2026 21:48:46.033] [main/DEBUG] [mixin/]: Registering mixin config: mixins.oculus.compat.indigo.json
[01Mar2026 21:48:46.034] [main/DEBUG] [mixin/]: Compatibility level JAVA_8 specified by mixins.oculus.compat.indigo.json is lower than the default level supported by the current mixin service (JAVA_16).
[01Mar2026 21:48:46.034] [main/DEBUG] [mixin/]: Registering mixin config: mixins.oculus.compat.indium.json
[01Mar2026 21:48:46.035] [main/DEBUG] [mixin/]: Compatibility level JAVA_8 specified by mixins.oculus.compat.indium.json is lower than the default level supported by the current mixin service (JAVA_16).
[01Mar2026 21:48:46.035] [main/DEBUG] [mixin/]: Registering mixin config: mixins.oculus.compat.dh.json
[01Mar2026 21:48:46.036] [main/DEBUG] [mixin/]: Compatibility level JAVA_8 specified by mixins.oculus.compat.dh.json is lower than the default level supported by the current mixin service (JAVA_16).
[01Mar2026 21:48:46.036] [main/DEBUG] [mixin/]: Registering mixin config: mixins.oculus.compat.pixelmon.json
[01Mar2026 21:48:46.037] [main/DEBUG] [mixin/]: Compatibility level JAVA_8 specified by mixins.oculus.compat.pixelmon.json is lower than the default level supported by the current mixin service (JAVA_16).
[01Mar2026 21:48:46.037] [main/DEBUG] [mixin/]: Adding mixin platform agents for container SecureJarResource(itemblacklist)
[01Mar2026 21:48:46.037] [main/DEBUG] [mixin/]: Instancing new MixinPlatformAgentMinecraftForge for SecureJarResource(itemblacklist)
[01Mar2026 21:48:46.037] [main/DEBUG] [mixin/]: MixinPlatformAgentMinecraftForge rejected container SecureJarResource(itemblacklist)
[01Mar2026 21:48:46.037] [main/DEBUG] [mixin/]: Instancing new MixinPlatformAgentDefault for SecureJarResource(itemblacklist)
[01Mar2026 21:48:46.037] [main/DEBUG] [mixin/]: MixinPlatformAgentDefault accepted container SecureJarResource(itemblacklist)
[01Mar2026 21:48:46.037] [main/DEBUG] [mixin/]: Processing prepare() for PlatformAgent[MixinPlatformAgentDefault:SecureJarResource(itemblacklist)]
[01Mar2026 21:48:46.037] [main/DEBUG] [mixin/]: Registering mixin config: itemblacklist.mixins.json
[01Mar2026 21:48:46.037] [main/DEBUG] [mixin/]: Adding mixin platform agents for container SecureJarResource(commongroovylibrary)
[01Mar2026 21:48:46.038] [main/DEBUG] [mixin/]: Instancing new MixinPlatformAgentMinecraftForge for SecureJarResource(commongroovylibrary)
[01Mar2026 21:48:46.038] [main/DEBUG] [mixin/]: MixinPlatformAgentMinecraftForge rejected container SecureJarResource(commongroovylibrary)
[01Mar2026 21:48:46.038] [main/DEBUG] [mixin/]: Instancing new MixinPlatformAgentDefault for SecureJarResource(commongroovylibrary)
[01Mar2026 21:48:46.038] [main/DEBUG] [mixin/]: MixinPlatformAgentDefault accepted container SecureJarResource(commongroovylibrary)
[01Mar2026 21:48:46.038] [main/DEBUG] [mixin/]: Processing prepare() for PlatformAgent[MixinPlatformAgentDefault:SecureJarResource(commongroovylibrary)]
[01Mar2026 21:48:46.038] [main/DEBUG] [mixin/]: Adding mixin platform agents for container SecureJarResource(searchables)
[01Mar2026 21:48:46.038] [main/DEBUG] [mixin/]: Instancing new MixinPlatformAgentMinecraftForge for SecureJarResource(searchables)
[01Mar2026 21:48:46.038] [main/DEBUG] [mixin/]: MixinPlatformAgentMinecraftForge rejected container SecureJarResource(searchables)
[01Mar2026 21:48:46.038] [main/DEBUG] [mixin/]: Instancing new MixinPlatformAgentDefault for SecureJarResource(searchables)
[01Mar2026 21:48:46.038] [main/DEBUG] [mixin/]: MixinPlatformAgentDefault accepted container SecureJarResource(searchables)
[01Mar2026 21:48:46.038] [main/DEBUG] [mixin/]: Processing prepare() for PlatformAgent[MixinPlatformAgentDefault:SecureJarResource(searchables)]
[01Mar2026 21:48:46.038] [main/DEBUG] [mixin/]: Registering mixin config: searchables.mixins.json
[01Mar2026 21:48:46.038] [main/DEBUG] [mixin/]: Registering mixin config: searchables.forge.mixins.json
[01Mar2026 21:48:46.039] [main/DEBUG] [mixin/]: Adding mixin platform agents for container SecureJarResource(attributeslib)
[01Mar2026 21:48:46.039] [main/DEBUG] [mixin/]: Instancing new MixinPlatformAgentMinecraftForge for SecureJarResource(attributeslib)
[01Mar2026 21:48:46.039] [main/DEBUG] [mixin/]: MixinPlatformAgentMinecraftForge rejected container SecureJarResource(attributeslib)
[01Mar2026 21:48:46.039] [main/DEBUG] [mixin/]: Instancing new MixinPlatformAgentDefault for SecureJarResource(attributeslib)
[01Mar2026 21:48:46.039] [main/DEBUG] [mixin/]: MixinPlatformAgentDefault accepted container SecureJarResource(attributeslib)
[01Mar2026 21:48:46.039] [main/DEBUG] [mixin/]: Processing prepare() for PlatformAgent[MixinPlatformAgentDefault:SecureJarResource(attributeslib)]
[01Mar2026 21:48:46.039] [main/DEBUG] [mixin/]: Registering mixin config: attributeslib.mixins.json
[01Mar2026 21:48:46.040] [main/DEBUG] [mixin/]: Adding mixin platform agents for container SecureJarResource(noisium)
[01Mar2026 21:48:46.040] [main/DEBUG] [mixin/]: Instancing new MixinPlatformAgentMinecraftForge for SecureJarResource(noisium)
[01Mar2026 21:48:46.040] [main/DEBUG] [mixin/]: MixinPlatformAgentMinecraftForge rejected container SecureJarResource(noisium)
[01Mar2026 21:48:46.040] [main/DEBUG] [mixin/]: Instancing new MixinPlatformAgentDefault for SecureJarResource(noisium)
[01Mar2026 21:48:46.040] [main/DEBUG] [mixin/]: MixinPlatformAgentDefault accepted container SecureJarResource(noisium)
[01Mar2026 21:48:46.040] [main/DEBUG] [mixin/]: Processing prepare() for PlatformAgent[MixinPlatformAgentDefault:SecureJarResource(noisium)]
[01Mar2026 21:48:46.040] [main/DEBUG] [mixin/]: Registering mixin config: noisium-common.mixins.json
[01Mar2026 21:48:46.041] [main/DEBUG] [mixin/]: Adding mixin platform agents for container SecureJarResource(pointblank)
[01Mar2026 21:48:46.041] [main/DEBUG] [mixin/]: Instancing new MixinPlatformAgentMinecraftForge for SecureJarResource(pointblank)
[01Mar2026 21:48:46.041] [main/DEBUG] [mixin/]: MixinPlatformAgentMinecraftForge rejected container SecureJarResource(pointblank)
[01Mar2026 21:48:46.041] [main/DEBUG] [mixin/]: Instancing new MixinPlatformAgentDefault for SecureJarResource(pointblank)
[01Mar2026 21:48:46.041] [main/DEBUG] [mixin/]: MixinPlatformAgentDefault accepted container SecureJarResource(pointblank)
[01Mar2026 21:48:46.041] [main/DEBUG] [mixin/]: Processing prepare() for PlatformAgent[MixinPlatformAgentDefault:SecureJarResource(pointblank)]
[01Mar2026 21:48:46.041] [main/DEBUG] [mixin/]: Registering mixin config: pointblank.mixins.json
[01Mar2026 21:48:46.043] [main/DEBUG] [mixin/]: Registering mixin config: pointblank.mixins.compat.iris.json
[01Mar2026 21:48:46.044] [main/DEBUG] [mixin/]: Registering mixin config: pointblank.mixins.compat.iris16.json
[01Mar2026 21:48:46.045] [main/DEBUG] [mixin/]: Adding mixin platform agents for container SecureJarResource(chunkpregen)
[01Mar2026 21:48:46.045] [main/DEBUG] [mixin/]: Instancing new MixinPlatformAgentMinecraftForge for SecureJarResource(chunkpregen)
[01Mar2026 21:48:46.045] [main/DEBUG] [mixin/]: MixinPlatformAgentMinecraftForge rejected container SecureJarResource(chunkpregen)
[01Mar2026 21:48:46.045] [main/DEBUG] [mixin/]: Instancing new MixinPlatformAgentDefault for SecureJarResource(chunkpregen)
[01Mar2026 21:48:46.045] [main/DEBUG] [mixin/]: MixinPlatformAgentDefault accepted container SecureJarResource(chunkpregen)
[01Mar2026 21:48:46.045] [main/DEBUG] [mixin/]: Processing prepare() for PlatformAgent[MixinPlatformAgentDefault:SecureJarResource(chunkpregen)]
[01Mar2026 21:48:46.045] [main/DEBUG] [mixin/]: Registering mixin config: chunkpregen.mixins.json
[01Mar2026 21:48:46.046] [main/DEBUG] [mixin/]: Adding mixin platform agents for container SecureJarResource(atlaslib)
[01Mar2026 21:48:46.046] [main/DEBUG] [mixin/]: Instancing new MixinPlatformAgentMinecraftForge for SecureJarResource(atlaslib)
[01Mar2026 21:48:46.046] [main/DEBUG] [mixin/]: MixinPlatformAgentMinecraftForge rejected container SecureJarResource(atlaslib)
[01Mar2026 21:48:46.046] [main/DEBUG] [mixin/]: Instancing new MixinPlatformAgentDefault for SecureJarResource(atlaslib)
[01Mar2026 21:48:46.046] [main/DEBUG] [mixin/]: MixinPlatformAgentDefault accepted container SecureJarResource(atlaslib)
[01Mar2026 21:48:46.046] [main/DEBUG] [mixin/]: Processing prepare() for PlatformAgent[MixinPlatformAgentDefault:SecureJarResource(atlaslib)]
[01Mar2026 21:48:46.046] [main/DEBUG] [mixin/]: Adding mixin platform agents for container SecureJarResource(butchersdelight)
[01Mar2026 21:48:46.046] [main/DEBUG] [mixin/]: Instancing new MixinPlatformAgentMinecraftForge for SecureJarResource(butchersdelight)
[01Mar2026 21:48:46.046] [main/DEBUG] [mixin/]: MixinPlatformAgentMinecraftForge rejected container SecureJarResource(butchersdelight)
[01Mar2026 21:48:46.047] [main/DEBUG] [mixin/]: Instancing new MixinPlatformAgentDefault for SecureJarResource(butchersdelight)
[01Mar2026 21:48:46.047] [main/DEBUG] [mixin/]: MixinPlatformAgentDefault accepted container SecureJarResource(butchersdelight)
[01Mar2026 21:48:46.047] [main/DEBUG] [mixin/]: Processing prepare() for PlatformAgent[MixinPlatformAgentDefault:SecureJarResource(butchersdelight)]
[01Mar2026 21:48:46.047] [main/DEBUG] [mixin/]: Adding mixin platform agents for container SecureJarResource(cfm)
[01Mar2026 21:48:46.047] [main/DEBUG] [mixin/]: Instancing new MixinPlatformAgentMinecraftForge for SecureJarResource(cfm)
[01Mar2026 21:48:46.047] [main/DEBUG] [mixin/]: MixinPlatformAgentMinecraftForge rejected container SecureJarResource(cfm)
[01Mar2026 21:48:46.047] [main/DEBUG] [mixin/]: Instancing new MixinPlatformAgentDefault for SecureJarResource(cfm)
[01Mar2026 21:48:46.047] [main/DEBUG] [mixin/]: MixinPlatformAgentDefault accepted container SecureJarResource(cfm)
[01Mar2026 21:48:46.047] [main/DEBUG] [mixin/]: Processing prepare() for PlatformAgent[MixinPlatformAgentDefault:SecureJarResource(cfm)]
[01Mar2026 21:48:46.047] [main/DEBUG] [mixin/]: Registering mixin config: cfm.mixins.json
[01Mar2026 21:48:46.048] [main/DEBUG] [mixin/]: Adding mixin platform agents for container SecureJarResource(unilib)
[01Mar2026 21:48:46.048] [main/DEBUG] [mixin/]: Instancing new MixinPlatformAgentMinecraftForge for SecureJarResource(unilib)
[01Mar2026 21:48:46.048] [main/DEBUG] [mixin/]: MixinPlatformAgentMinecraftForge rejected container SecureJarResource(unilib)
[01Mar2026 21:48:46.048] [main/DEBUG] [mixin/]: Instancing new MixinPlatformAgentDefault for SecureJarResource(unilib)
[01Mar2026 21:48:46.048] [main/DEBUG] [mixin/]: MixinPlatformAgentDefault accepted container SecureJarResource(unilib)
[01Mar2026 21:48:46.048] [main/DEBUG] [mixin/]: Processing prepare() for PlatformAgent[MixinPlatformAgentDefault:SecureJarResource(unilib)]
[01Mar2026 21:48:46.048] [main/DEBUG] [mixin/]: Adding mixin platform agents for container SecureJarResource(doomsday_decoration)
[01Mar2026 21:48:46.048] [main/DEBUG] [mixin/]: Instancing new MixinPlatformAgentMinecraftForge for SecureJarResource(doomsday_decoration)
[01Mar2026 21:48:46.048] [main/DEBUG] [mixin/]: MixinPlatformAgentMinecraftForge rejected container SecureJarResource(doomsday_decoration)
[01Mar2026 21:48:46.048] [main/DEBUG] [mixin/]: Instancing new MixinPlatformAgentDefault for SecureJarResource(doomsday_decoration)
[01Mar2026 21:48:46.048] [main/DEBUG] [mixin/]: MixinPlatformAgentDefault accepted container SecureJarResource(doomsday_decoration)
[01Mar2026 21:48:46.048] [main/DEBUG] [mixin/]: Processing prepare() for PlatformAgent[MixinPlatformAgentDefault:SecureJarResource(doomsday_decoration)]
[01Mar2026 21:48:46.048] [main/DEBUG] [mixin/]: Adding mixin platform agents for container SecureJarResource(strayed_fates_forsaken)
[01Mar2026 21:48:46.048] [main/DEBUG] [mixin/]: Instancing new MixinPlatformAgentMinecraftForge for SecureJarResource(strayed_fates_forsaken)
[01Mar2026 21:48:46.048] [main/DEBUG] [mixin/]: MixinPlatformAgentMinecraftForge rejected container SecureJarResource(strayed_fates_forsaken)
[01Mar2026 21:48:46.048] [main/DEBUG] [mixin/]: Instancing new MixinPlatformAgentDefault for SecureJarResource(strayed_fates_forsaken)
[01Mar2026 21:48:46.048] [main/DEBUG] [mixin/]: MixinPlatformAgentDefault accepted container SecureJarResource(strayed_fates_forsaken)
[01Mar2026 21:48:46.048] [main/DEBUG] [mixin/]: Processing prepare() for PlatformAgent[MixinPlatformAgentDefault:SecureJarResource(strayed_fates_forsaken)]
[01Mar2026 21:48:46.048] [main/DEBUG] [mixin/]: Adding mixin platform agents for container SecureJarResource(krypton)
[01Mar2026 21:48:46.048] [main/DEBUG] [mixin/]: Instancing new MixinPlatformAgentMinecraftForge for SecureJarResource(krypton)
[01Mar2026 21:48:46.048] [main/DEBUG] [mixin/]: MixinPlatformAgentMinecraftForge rejected container SecureJarResource(krypton)
[01Mar2026 21:48:46.048] [main/DEBUG] [mixin/]: Instancing new MixinPlatformAgentDefault for SecureJarResource(krypton)
[01Mar2026 21:48:46.048] [main/DEBUG] [mixin/]: MixinPlatformAgentDefault accepted container SecureJarResource(krypton)
[01Mar2026 21:48:46.048] [main/DEBUG] [mixin/]: Processing prepare() for PlatformAgent[MixinPlatformAgentDefault:SecureJarResource(krypton)]
[01Mar2026 21:48:46.048] [main/DEBUG] [mixin/]: Registering mixin config: krypton.mixins.json
[01Mar2026 21:48:46.049] [main/DEBUG] [mixin/]: Compatibility level JAVA_16 specified by krypton.mixins.json is higher than the maximum level supported by this version of mixin (JAVA_13).
[01Mar2026 21:48:46.049] [main/DEBUG] [mixin/]: Adding mixin platform agents for container SecureJarResource(mobtimizations)
[01Mar2026 21:48:46.049] [main/DEBUG] [mixin/]: Instancing new MixinPlatformAgentMinecraftForge for SecureJarResource(mobtimizations)
[01Mar2026 21:48:46.049] [main/DEBUG] [mixin/]: MixinPlatformAgentMinecraftForge rejected container SecureJarResource(mobtimizations)
[01Mar2026 21:48:46.049] [main/DEBUG] [mixin/]: Instancing new MixinPlatformAgentDefault for SecureJarResource(mobtimizations)
[01Mar2026 21:48:46.049] [main/DEBUG] [mixin/]: MixinPlatformAgentDefault accepted container SecureJarResource(mobtimizations)
[01Mar2026 21:48:46.049] [main/DEBUG] [mixin/]: Processing prepare() for PlatformAgent[MixinPlatformAgentDefault:SecureJarResource(mobtimizations)]
[01Mar2026 21:48:46.049] [main/DEBUG] [mixin/]: Registering mixin config: mobtimizations.mixins.json
[01Mar2026 21:48:46.050] [main/DEBUG] [mixin/]: Adding mixin platform agents for container SecureJarResource(bettermineshafts)
[01Mar2026 21:48:46.050] [main/DEBUG] [mixin/]: Instancing new MixinPlatformAgentMinecraftForge for SecureJarResource(bettermineshafts)
[01Mar2026 21:48:46.050] [main/DEBUG] [mixin/]: MixinPlatformAgentMinecraftForge rejected container SecureJarResource(bettermineshafts)
[01Mar2026 21:48:46.050] [main/DEBUG] [mixin/]: Instancing new MixinPlatformAgentDefault for SecureJarResource(bettermineshafts)
[01Mar2026 21:48:46.050] [main/DEBUG] [mixin/]: MixinPlatformAgentDefault accepted container SecureJarResource(bettermineshafts)
[01Mar2026 21:48:46.050] [main/DEBUG] [mixin/]: Processing prepare() for PlatformAgent[MixinPlatformAgentDefault:SecureJarResource(bettermineshafts)]
[01Mar2026 21:48:46.050] [main/DEBUG] [mixin/]: Registering mixin config: bettermineshafts.mixins.json
[01Mar2026 21:48:46.051] [main/DEBUG] [mixin/]: Registering mixin config: bettermineshafts_forge.mixins.json
[01Mar2026 21:48:46.052] [main/DEBUG] [mixin/]: Adding mixin platform agents for container SecureJarResource(dynamictrees)
[01Mar2026 21:48:46.052] [main/DEBUG] [mixin/]: Instancing new MixinPlatformAgentMinecraftForge for SecureJarResource(dynamictrees)
[01Mar2026 21:48:46.052] [main/DEBUG] [mixin/]: MixinPlatformAgentMinecraftForge rejected container SecureJarResource(dynamictrees)
[01Mar2026 21:48:46.052] [main/DEBUG] [mixin/]: Instancing new MixinPlatformAgentDefault for SecureJarResource(dynamictrees)
[01Mar2026 21:48:46.052] [main/DEBUG] [mixin/]: MixinPlatformAgentDefault accepted container SecureJarResource(dynamictrees)
[01Mar2026 21:48:46.052] [main/DEBUG] [mixin/]: Processing prepare() for PlatformAgent[MixinPlatformAgentDefault:SecureJarResource(dynamictrees)]
[01Mar2026 21:48:46.052] [main/DEBUG] [mixin/]: Adding mixin platform agents for container SecureJarResource(dynamictreesplus)
[01Mar2026 21:48:46.052] [main/DEBUG] [mixin/]: Instancing new MixinPlatformAgentMinecraftForge for SecureJarResource(dynamictreesplus)
[01Mar2026 21:48:46.052] [main/DEBUG] [mixin/]: MixinPlatformAgentMinecraftForge rejected container SecureJarResource(dynamictreesplus)
[01Mar2026 21:48:46.052] [main/DEBUG] [mixin/]: Instancing new MixinPlatformAgentDefault for SecureJarResource(dynamictreesplus)
[01Mar2026 21:48:46.052] [main/DEBUG] [mixin/]: MixinPlatformAgentDefault accepted container SecureJarResource(dynamictreesplus)
[01Mar2026 21:48:46.052] [main/DEBUG] [mixin/]: Processing prepare() for PlatformAgent[MixinPlatformAgentDefault:SecureJarResource(dynamictreesplus)]
[01Mar2026 21:48:46.052] [main/DEBUG] [mixin/]: Adding mixin platform agents for container SecureJarResource(playerrevive)
[01Mar2026 21:48:46.052] [main/DEBUG] [mixin/]: Instancing new MixinPlatformAgentMinecraftForge for SecureJarResource(playerrevive)
[01Mar2026 21:48:46.052] [main/DEBUG] [mixin/]: MixinPlatformAgentMinecraftForge rejected container SecureJarResource(playerrevive)
[01Mar2026 21:48:46.052] [main/DEBUG] [mixin/]: Instancing new MixinPlatformAgentDefault for SecureJarResource(playerrevive)
[01Mar2026 21:48:46.052] [main/DEBUG] [mixin/]: MixinPlatformAgentDefault accepted container SecureJarResource(playerrevive)
[01Mar2026 21:48:46.052] [main/DEBUG] [mixin/]: Processing prepare() for PlatformAgent[MixinPlatformAgentDefault:SecureJarResource(playerrevive)]
[01Mar2026 21:48:46.052] [main/DEBUG] [mixin/]: Registering mixin config: playerrevive.mixins.json
[01Mar2026 21:48:46.053] [main/DEBUG] [mixin/]: Adding mixin platform agents for container SecureJarResource(smartbrainlib)
[01Mar2026 21:48:46.053] [main/DEBUG] [mixin/]: Instancing new MixinPlatformAgentMinecraftForge for SecureJarResource(smartbrainlib)
[01Mar2026 21:48:46.053] [main/DEBUG] [mixin/]: MixinPlatformAgentMinecraftForge rejected container SecureJarResource(smartbrainlib)
[01Mar2026 21:48:46.053] [main/DEBUG] [mixin/]: Instancing new MixinPlatformAgentDefault for SecureJarResource(smartbrainlib)
[01Mar2026 21:48:46.053] [main/DEBUG] [mixin/]: MixinPlatformAgentDefault accepted container SecureJarResource(smartbrainlib)
[01Mar2026 21:48:46.053] [main/DEBUG] [mixin/]: Processing prepare() for PlatformAgent[MixinPlatformAgentDefault:SecureJarResource(smartbrainlib)]
[01Mar2026 21:48:46.053] [main/DEBUG] [mixin/]: Adding mixin platform agents for container SecureJarResource(waterdripsound)
[01Mar2026 21:48:46.053] [main/DEBUG] [mixin/]: Instancing new MixinPlatformAgentMinecraftForge for SecureJarResource(waterdripsound)
[01Mar2026 21:48:46.053] [main/DEBUG] [mixin/]: MixinPlatformAgentMinecraftForge rejected container SecureJarResource(waterdripsound)
[01Mar2026 21:48:46.054] [main/DEBUG] [mixin/]: Instancing new MixinPlatformAgentDefault for SecureJarResource(waterdripsound)
[01Mar2026 21:48:46.054] [main/DEBUG] [mixin/]: MixinPlatformAgentDefault accepted container SecureJarResource(waterdripsound)
[01Mar2026 21:48:46.054] [main/DEBUG] [mixin/]: Processing prepare() for PlatformAgent[MixinPlatformAgentDefault:SecureJarResource(waterdripsound)]
[01Mar2026 21:48:46.054] [main/DEBUG] [mixin/]: Registering mixin config: waterdripsound.mixins.json
[01Mar2026 21:48:46.054] [main/DEBUG] [mixin/]: Compatibility level JAVA_16 specified by waterdripsound.mixins.json is higher than the maximum level supported by this version of mixin (JAVA_13).
[01Mar2026 21:48:46.054] [main/DEBUG] [mixin/]: Adding mixin platform agents for container SecureJarResource(mutantmonsters)
[01Mar2026 21:48:46.054] [main/DEBUG] [mixin/]: Instancing new MixinPlatformAgentMinecraftForge for SecureJarResource(mutantmonsters)
[01Mar2026 21:48:46.055] [main/DEBUG] [mixin/]: MixinPlatformAgentMinecraftForge rejected container SecureJarResource(mutantmonsters)
[01Mar2026 21:48:46.055] [main/DEBUG] [mixin/]: Instancing new MixinPlatformAgentDefault for SecureJarResource(mutantmonsters)
[01Mar2026 21:48:46.055] [main/DEBUG] [mixin/]: MixinPlatformAgentDefault accepted container SecureJarResource(mutantmonsters)
[01Mar2026 21:48:46.055] [main/DEBUG] [mixin/]: Processing prepare() for PlatformAgent[MixinPlatformAgentDefault:SecureJarResource(mutantmonsters)]
[01Mar2026 21:48:46.055] [main/DEBUG] [mixin/]: Registering mixin config: mutantmonsters.common.mixins.json
[01Mar2026 21:48:46.056] [main/DEBUG] [mixin/]: Adding mixin platform agents for container SecureJarResource(jei)
[01Mar2026 21:48:46.056] [main/DEBUG] [mixin/]: Instancing new MixinPlatformAgentMinecraftForge for SecureJarResource(jei)
[01Mar2026 21:48:46.056] [main/DEBUG] [mixin/]: MixinPlatformAgentMinecraftForge rejected container SecureJarResource(jei)
[01Mar2026 21:48:46.056] [main/DEBUG] [mixin/]: Instancing new MixinPlatformAgentDefault for SecureJarResource(jei)
[01Mar2026 21:48:46.056] [main/DEBUG] [mixin/]: MixinPlatformAgentDefault accepted container SecureJarResource(jei)
[01Mar2026 21:48:46.056] [main/DEBUG] [mixin/]: Processing prepare() for PlatformAgent[MixinPlatformAgentDefault:SecureJarResource(jei)]
[01Mar2026 21:48:46.056] [main/DEBUG] [mixin/]: Adding mixin platform agents for container SecureJarResource(pehkui)
[01Mar2026 21:48:46.057] [main/DEBUG] [mixin/]: Instancing new MixinPlatformAgentMinecraftForge for SecureJarResource(pehkui)
[01Mar2026 21:48:46.057] [main/DEBUG] [mixin/]: MixinPlatformAgentMinecraftForge rejected container SecureJarResource(pehkui)
[01Mar2026 21:48:46.057] [main/DEBUG] [mixin/]: Instancing new MixinPlatformAgentDefault for SecureJarResource(pehkui)
[01Mar2026 21:48:46.057] [main/DEBUG] [mixin/]: MixinPlatformAgentDefault accepted container SecureJarResource(pehkui)
[01Mar2026 21:48:46.057] [main/DEBUG] [mixin/]: Processing prepare() for PlatformAgent[MixinPlatformAgentDefault:SecureJarResource(pehkui)]
[01Mar2026 21:48:46.057] [main/DEBUG] [mixin/]: Registering mixin config: pehkui.mixins.json
[01Mar2026 21:48:46.058] [main/DEBUG] [mixin/]: Adding mixin platform agents for container SecureJarResource(immersive_weathering)
[01Mar2026 21:48:46.058] [main/DEBUG] [mixin/]: Instancing new MixinPlatformAgentMinecraftForge for SecureJarResource(immersive_weathering)
[01Mar2026 21:48:46.058] [main/DEBUG] [mixin/]: MixinPlatformAgentMinecraftForge rejected container SecureJarResource(immersive_weathering)
[01Mar2026 21:48:46.058] [main/DEBUG] [mixin/]: Instancing new MixinPlatformAgentDefault for SecureJarResource(immersive_weathering)
[01Mar2026 21:48:46.058] [main/DEBUG] [mixin/]: MixinPlatformAgentDefault accepted container SecureJarResource(immersive_weathering)
[01Mar2026 21:48:46.058] [main/DEBUG] [mixin/]: Processing prepare() for PlatformAgent[MixinPlatformAgentDefault:SecureJarResource(immersive_weathering)]
[01Mar2026 21:48:46.058] [main/DEBUG] [mixin/]: Registering mixin config: immersive_weathering-common.mixins.json
[01Mar2026 21:48:46.059] [main/DEBUG] [mixin/]: Registering mixin config: immersive_weathering.mixins.json
[01Mar2026 21:48:46.060] [main/DEBUG] [mixin/]: Compatibility level JAVA_16 specified by immersive_weathering.mixins.json is higher than the maximum level supported by this version of mixin (JAVA_13).
[01Mar2026 21:48:46.061] [main/DEBUG] [mixin/]: Adding mixin platform agents for container SecureJarResource(dtsoilscompat)
[01Mar2026 21:48:46.061] [main/DEBUG] [mixin/]: Instancing new MixinPlatformAgentMinecraftForge for SecureJarResource(dtsoilscompat)
[01Mar2026 21:48:46.061] [main/DEBUG] [mixin/]: MixinPlatformAgentMinecraftForge rejected container SecureJarResource(dtsoilscompat)
[01Mar2026 21:48:46.061] [main/DEBUG] [mixin/]: Instancing new MixinPlatformAgentDefault for SecureJarResource(dtsoilscompat)
[01Mar2026 21:48:46.061] [main/DEBUG] [mixin/]: MixinPlatformAgentDefault accepted container SecureJarResource(dtsoilscompat)
[01Mar2026 21:48:46.061] [main/DEBUG] [mixin/]: Processing prepare() for PlatformAgent[MixinPlatformAgentDefault:SecureJarResource(dtsoilscompat)]
[01Mar2026 21:48:46.061] [main/DEBUG] [mixin/]: Adding mixin platform agents for container SecureJarResource(fallingleaves)
[01Mar2026 21:48:46.061] [main/DEBUG] [mixin/]: Instancing new MixinPlatformAgentMinecraftForge for SecureJarResource(fallingleaves)
[01Mar2026 21:48:46.061] [main/DEBUG] [mixin/]: MixinPlatformAgentMinecraftForge rejected container SecureJarResource(fallingleaves)
[01Mar2026 21:48:46.061] [main/DEBUG] [mixin/]: Instancing new MixinPlatformAgentDefault for SecureJarResource(fallingleaves)
[01Mar2026 21:48:46.061] [main/DEBUG] [mixin/]: MixinPlatformAgentDefault accepted container SecureJarResource(fallingleaves)
[01Mar2026 21:48:46.061] [main/DEBUG] [mixin/]: Processing prepare() for PlatformAgent[MixinPlatformAgentDefault:SecureJarResource(fallingleaves)]
[01Mar2026 21:48:46.061] [main/DEBUG] [mixin/]: Registering mixin config: fallingleaves.mixins.json
[01Mar2026 21:48:46.062] [main/DEBUG] [mixin/]: Adding mixin platform agents for container SecureJarResource(berezka_api)
[01Mar2026 21:48:46.062] [main/DEBUG] [mixin/]: Instancing new MixinPlatformAgentMinecraftForge for SecureJarResource(berezka_api)
[01Mar2026 21:48:46.062] [main/DEBUG] [mixin/]: MixinPlatformAgentMinecraftForge rejected container SecureJarResource(berezka_api)
[01Mar2026 21:48:46.062] [main/DEBUG] [mixin/]: Instancing new MixinPlatformAgentDefault for SecureJarResource(berezka_api)
[01Mar2026 21:48:46.062] [main/DEBUG] [mixin/]: MixinPlatformAgentDefault accepted container SecureJarResource(berezka_api)
[01Mar2026 21:48:46.062] [main/DEBUG] [mixin/]: Processing prepare() for PlatformAgent[MixinPlatformAgentDefault:SecureJarResource(berezka_api)]
[01Mar2026 21:48:46.062] [main/DEBUG] [mixin/]: Registering mixin config: berezka_api.mixins.json
[01Mar2026 21:48:46.063] [main/DEBUG] [mixin/]: Compatibility level JAVA_8 specified by berezka_api.mixins.json is lower than the default level supported by the current mixin service (JAVA_16).
[01Mar2026 21:48:46.063] [main/DEBUG] [mixin/]: Adding mixin platform agents for container SecureJarResource(forgivingworld)
[01Mar2026 21:48:46.063] [main/DEBUG] [mixin/]: Instancing new MixinPlatformAgentMinecraftForge for SecureJarResource(forgivingworld)
[01Mar2026 21:48:46.063] [main/DEBUG] [mixin/]: MixinPlatformAgentMinecraftForge rejected container SecureJarResource(forgivingworld)
[01Mar2026 21:48:46.063] [main/DEBUG] [mixin/]: Instancing new MixinPlatformAgentDefault for SecureJarResource(forgivingworld)
[01Mar2026 21:48:46.063] [main/DEBUG] [mixin/]: MixinPlatformAgentDefault accepted container SecureJarResource(forgivingworld)
[01Mar2026 21:48:46.063] [main/DEBUG] [mixin/]: Processing prepare() for PlatformAgent[MixinPlatformAgentDefault:SecureJarResource(forgivingworld)]
[01Mar2026 21:48:46.063] [main/DEBUG] [mixin/]: Registering mixin config: forgivingworld.mixins.json
[01Mar2026 21:48:46.064] [main/DEBUG] [mixin/]: Adding mixin platform agents for container SecureJarResource(epherolib)
[01Mar2026 21:48:46.064] [main/DEBUG] [mixin/]: Instancing new MixinPlatformAgentMinecraftForge for SecureJarResource(epherolib)
[01Mar2026 21:48:46.064] [main/DEBUG] [mixin/]: MixinPlatformAgentMinecraftForge rejected container SecureJarResource(epherolib)
[01Mar2026 21:48:46.064] [main/DEBUG] [mixin/]: Instancing new MixinPlatformAgentDefault for SecureJarResource(epherolib)
[01Mar2026 21:48:46.064] [main/DEBUG] [mixin/]: MixinPlatformAgentDefault accepted container SecureJarResource(epherolib)
[01Mar2026 21:48:46.064] [main/DEBUG] [mixin/]: Processing prepare() for PlatformAgent[MixinPlatformAgentDefault:SecureJarResource(epherolib)]
[01Mar2026 21:48:46.064] [main/DEBUG] [mixin/]: Registering mixin config: epherolib.mixins.json
[01Mar2026 21:48:46.064] [main/DEBUG] [mixin/]: Adding mixin platform agents for container SecureJarResource(glitchcore)
[01Mar2026 21:48:46.064] [main/DEBUG] [mixin/]: Instancing new MixinPlatformAgentMinecraftForge for SecureJarResource(glitchcore)
[01Mar2026 21:48:46.064] [main/DEBUG] [mixin/]: MixinPlatformAgentMinecraftForge rejected container SecureJarResource(glitchcore)
[01Mar2026 21:48:46.064] [main/DEBUG] [mixin/]: Instancing new MixinPlatformAgentDefault for SecureJarResource(glitchcore)
[01Mar2026 21:48:46.064] [main/DEBUG] [mixin/]: MixinPlatformAgentDefault accepted container SecureJarResource(glitchcore)
[01Mar2026 21:48:46.064] [main/DEBUG] [mixin/]: Processing prepare() for PlatformAgent[MixinPlatformAgentDefault:SecureJarResource(glitchcore)]
[01Mar2026 21:48:46.064] [main/DEBUG] [mixin/]: Registering mixin config: glitchcore.mixins.json
[01Mar2026 21:48:46.065] [main/DEBUG] [mixin/]: Registering mixin config: glitchcore.forge.mixins.json
[01Mar2026 21:48:46.066] [main/DEBUG] [mixin/]: Adding mixin platform agents for container SecureJarResource(midnightlib)
[01Mar2026 21:48:46.066] [main/DEBUG] [mixin/]: Instancing new MixinPlatformAgentMinecraftForge for SecureJarResource(midnightlib)
[01Mar2026 21:48:46.066] [main/DEBUG] [mixin/]: MixinPlatformAgentMinecraftForge rejected container SecureJarResource(midnightlib)
[01Mar2026 21:48:46.066] [main/DEBUG] [mixin/]: Instancing new MixinPlatformAgentDefault for SecureJarResource(midnightlib)
[01Mar2026 21:48:46.066] [main/DEBUG] [mixin/]: MixinPlatformAgentDefault accepted container SecureJarResource(midnightlib)
[01Mar2026 21:48:46.066] [main/DEBUG] [mixin/]: Processing prepare() for PlatformAgent[MixinPlatformAgentDefault:SecureJarResource(midnightlib)]
[01Mar2026 21:48:46.066] [main/DEBUG] [mixin/]: Registering mixin config: midnightlib.mixins.json
[01Mar2026 21:48:46.067] [main/DEBUG] [mixin/]: Adding mixin platform agents for container SecureJarResource(mutantszombies)
[01Mar2026 21:48:46.067] [main/DEBUG] [mixin/]: Instancing new MixinPlatformAgentMinecraftForge for SecureJarResource(mutantszombies)
[01Mar2026 21:48:46.067] [main/DEBUG] [mixin/]: MixinPlatformAgentMinecraftForge rejected container SecureJarResource(mutantszombies)
[01Mar2026 21:48:46.067] [main/DEBUG] [mixin/]: Instancing new MixinPlatformAgentDefault for SecureJarResource(mutantszombies)
[01Mar2026 21:48:46.067] [main/DEBUG] [mixin/]: MixinPlatformAgentDefault accepted container SecureJarResource(mutantszombies)
[01Mar2026 21:48:46.067] [main/DEBUG] [mixin/]: Processing prepare() for PlatformAgent[MixinPlatformAgentDefault:SecureJarResource(mutantszombies)]
[01Mar2026 21:48:46.067] [main/DEBUG] [mixin/]: Adding mixin platform agents for container SecureJarResource(wegotrunnners)
[01Mar2026 21:48:46.067] [main/DEBUG] [mixin/]: Instancing new MixinPlatformAgentMinecraftForge for SecureJarResource(wegotrunnners)
[01Mar2026 21:48:46.067] [main/DEBUG] [mixin/]: MixinPlatformAgentMinecraftForge rejected container SecureJarResource(wegotrunnners)
[01Mar2026 21:48:46.067] [main/DEBUG] [mixin/]: Instancing new MixinPlatformAgentDefault for SecureJarResource(wegotrunnners)
[01Mar2026 21:48:46.067] [main/DEBUG] [mixin/]: MixinPlatformAgentDefault accepted container SecureJarResource(wegotrunnners)
[01Mar2026 21:48:46.067] [main/DEBUG] [mixin/]: Processing prepare() for PlatformAgent[MixinPlatformAgentDefault:SecureJarResource(wegotrunnners)]
[01Mar2026 21:48:46.067] [main/DEBUG] [mixin/]: Adding mixin platform agents for container SecureJarResource(table_top_craft)
[01Mar2026 21:48:46.067] [main/DEBUG] [mixin/]: Instancing new MixinPlatformAgentMinecraftForge for SecureJarResource(table_top_craft)
[01Mar2026 21:48:46.067] [main/DEBUG] [mixin/]: MixinPlatformAgentMinecraftForge rejected container SecureJarResource(table_top_craft)
[01Mar2026 21:48:46.068] [main/DEBUG] [mixin/]: Instancing new MixinPlatformAgentDefault for SecureJarResource(table_top_craft)
[01Mar2026 21:48:46.068] [main/DEBUG] [mixin/]: MixinPlatformAgentDefault accepted container SecureJarResource(table_top_craft)
[01Mar2026 21:48:46.068] [main/DEBUG] [mixin/]: Processing prepare() for PlatformAgent[MixinPlatformAgentDefault:SecureJarResource(table_top_craft)]
[01Mar2026 21:48:46.068] [main/DEBUG] [mixin/]: Registering mixin config: table_top_craft.mixins.json
[01Mar2026 21:48:46.068] [main/DEBUG] [mixin/]: Adding mixin platform agents for container SecureJarResource(solonion)
[01Mar2026 21:48:46.068] [main/DEBUG] [mixin/]: Instancing new MixinPlatformAgentMinecraftForge for SecureJarResource(solonion)
[01Mar2026 21:48:46.068] [main/DEBUG] [mixin/]: MixinPlatformAgentMinecraftForge rejected container SecureJarResource(solonion)
[01Mar2026 21:48:46.069] [main/DEBUG] [mixin/]: Instancing new MixinPlatformAgentDefault for SecureJarResource(solonion)
[01Mar2026 21:48:46.069] [main/DEBUG] [mixin/]: MixinPlatformAgentDefault accepted container SecureJarResource(solonion)
[01Mar2026 21:48:46.069] [main/DEBUG] [mixin/]: Processing prepare() for PlatformAgent[MixinPlatformAgentDefault:SecureJarResource(solonion)]
[01Mar2026 21:48:46.069] [main/DEBUG] [mixin/]: Adding mixin platform agents for container SecureJarResource(crafttweaker)
[01Mar2026 21:48:46.069] [main/DEBUG] [mixin/]: Instancing new MixinPlatformAgentMinecraftForge for SecureJarResource(crafttweaker)
[01Mar2026 21:48:46.069] [main/DEBUG] [mixin/]: MixinPlatformAgentMinecraftForge rejected container SecureJarResource(crafttweaker)
[01Mar2026 21:48:46.069] [main/DEBUG] [mixin/]: Instancing new MixinPlatformAgentDefault for SecureJarResource(crafttweaker)
[01Mar2026 21:48:46.069] [main/DEBUG] [mixin/]: MixinPlatformAgentDefault accepted container SecureJarResource(crafttweaker)
[01Mar2026 21:48:46.069] [main/DEBUG] [mixin/]: Processing prepare() for PlatformAgent[MixinPlatformAgentDefault:SecureJarResource(crafttweaker)]
[01Mar2026 21:48:46.069] [main/DEBUG] [mixin/]: Registering mixin config: crafttweaker.mixins.json
[01Mar2026 21:48:46.069] [main/DEBUG] [mixin/]: Registering mixin config: crafttweaker.forge.mixins.json
[01Mar2026 21:48:46.070] [main/DEBUG] [mixin/]: Adding mixin platform agents for container SecureJarResource(puzzlesaccessapi)
[01Mar2026 21:48:46.070] [main/DEBUG] [mixin/]: Instancing new MixinPlatformAgentMinecraftForge for SecureJarResource(puzzlesaccessapi)
[01Mar2026 21:48:46.070] [main/DEBUG] [mixin/]: MixinPlatformAgentMinecraftForge rejected container SecureJarResource(puzzlesaccessapi)
[01Mar2026 21:48:46.070] [main/DEBUG] [mixin/]: Instancing new MixinPlatformAgentDefault for SecureJarResource(puzzlesaccessapi)
[01Mar2026 21:48:46.070] [main/DEBUG] [mixin/]: MixinPlatformAgentDefault accepted container SecureJarResource(puzzlesaccessapi)
[01Mar2026 21:48:46.070] [main/DEBUG] [mixin/]: Processing prepare() for PlatformAgent[MixinPlatformAgentDefault:SecureJarResource(puzzlesaccessapi)]
[01Mar2026 21:48:46.070] [main/DEBUG] [mixin/]: Registering mixin config: puzzlesaccessapi.common.mixins.json
[01Mar2026 21:48:46.071] [main/DEBUG] [mixin/]: Registering mixin config: puzzlesaccessapi.forge.mixins.json
[01Mar2026 21:48:46.072] [main/DEBUG] [mixin/]: Adding mixin platform agents for container SecureJarResource(forge)
[01Mar2026 21:48:46.072] [main/DEBUG] [mixin/]: Instancing new MixinPlatformAgentMinecraftForge for SecureJarResource(forge)
[01Mar2026 21:48:46.072] [main/DEBUG] [mixin/]: MixinPlatformAgentMinecraftForge rejected container SecureJarResource(forge)
[01Mar2026 21:48:46.072] [main/DEBUG] [mixin/]: Instancing new MixinPlatformAgentDefault for SecureJarResource(forge)
[01Mar2026 21:48:46.072] [main/DEBUG] [mixin/]: MixinPlatformAgentDefault accepted container SecureJarResource(forge)
[01Mar2026 21:48:46.072] [main/DEBUG] [mixin/]: Processing prepare() for PlatformAgent[MixinPlatformAgentDefault:SecureJarResource(forge)]
[01Mar2026 21:48:46.072] [main/DEBUG] [mixin/]: Adding mixin platform agents for container SecureJarResource(drippyloadingscreen)
[01Mar2026 21:48:46.072] [main/DEBUG] [mixin/]: Instancing new MixinPlatformAgentMinecraftForge for SecureJarResource(drippyloadingscreen)
[01Mar2026 21:48:46.072] [main/DEBUG] [mixin/]: MixinPlatformAgentMinecraftForge rejected container SecureJarResource(drippyloadingscreen)
[01Mar2026 21:48:46.072] [main/DEBUG] [mixin/]: Instancing new MixinPlatformAgentDefault for SecureJarResource(drippyloadingscreen)
[01Mar2026 21:48:46.072] [main/DEBUG] [mixin/]: MixinPlatformAgentDefault accepted container SecureJarResource(drippyloadingscreen)
[01Mar2026 21:48:46.072] [main/DEBUG] [mixin/]: Processing prepare() for PlatformAgent[MixinPlatformAgentDefault:SecureJarResource(drippyloadingscreen)]
[01Mar2026 21:48:46.072] [main/DEBUG] [mixin/]: Registering mixin config: drippyloadingscreen.mixins.json
[01Mar2026 21:48:46.073] [main/DEBUG] [mixin/]: Registering mixin config: drippyloadingscreen.forge.mixins.json
[01Mar2026 21:48:46.074] [main/DEBUG] [mixin/]: Adding mixin platform agents for container SecureJarResource(tectonic)
[01Mar2026 21:48:46.074] [main/DEBUG] [mixin/]: Instancing new MixinPlatformAgentMinecraftForge for SecureJarResource(tectonic)
[01Mar2026 21:48:46.074] [main/DEBUG] [mixin/]: MixinPlatformAgentMinecraftForge rejected container SecureJarResource(tectonic)
[01Mar2026 21:48:46.074] [main/DEBUG] [mixin/]: Instancing new MixinPlatformAgentDefault for SecureJarResource(tectonic)
[01Mar2026 21:48:46.074] [main/DEBUG] [mixin/]: MixinPlatformAgentDefault accepted container SecureJarResource(tectonic)
[01Mar2026 21:48:46.074] [main/DEBUG] [mixin/]: Processing prepare() for PlatformAgent[MixinPlatformAgentDefault:SecureJarResource(tectonic)]
[01Mar2026 21:48:46.074] [main/DEBUG] [mixin/]: Registering mixin config: tectonic.mixins.json
[01Mar2026 21:48:46.074] [main/DEBUG] [mixin/]: Adding mixin platform agents for container SecureJarResource(minecraft)
[01Mar2026 21:48:46.074] [main/DEBUG] [mixin/]: Instancing new MixinPlatformAgentMinecraftForge for SecureJarResource(minecraft)
[01Mar2026 21:48:46.074] [main/DEBUG] [mixin/]: MixinPlatformAgentMinecraftForge rejected container SecureJarResource(minecraft)
[01Mar2026 21:48:46.074] [main/DEBUG] [mixin/]: Instancing new MixinPlatformAgentDefault for SecureJarResource(minecraft)
[01Mar2026 21:48:46.074] [main/DEBUG] [mixin/]: MixinPlatformAgentDefault accepted container SecureJarResource(minecraft)
[01Mar2026 21:48:46.074] [main/DEBUG] [mixin/]: Processing prepare() for PlatformAgent[MixinPlatformAgentDefault:SecureJarResource(minecraft)]
[01Mar2026 21:48:46.074] [main/DEBUG] [mixin/]: Adding mixin platform agents for container SecureJarResource(horror_element_mod)
[01Mar2026 21:48:46.074] [main/DEBUG] [mixin/]: Instancing new MixinPlatformAgentMinecraftForge for SecureJarResource(horror_element_mod)
[01Mar2026 21:48:46.074] [main/DEBUG] [mixin/]: MixinPlatformAgentMinecraftForge rejected container SecureJarResource(horror_element_mod)
[01Mar2026 21:48:46.074] [main/DEBUG] [mixin/]: Instancing new MixinPlatformAgentDefault for SecureJarResource(horror_element_mod)
[01Mar2026 21:48:46.074] [main/DEBUG] [mixin/]: MixinPlatformAgentDefault accepted container SecureJarResource(horror_element_mod)
[01Mar2026 21:48:46.074] [main/DEBUG] [mixin/]: Processing prepare() for PlatformAgent[MixinPlatformAgentDefault:SecureJarResource(horror_element_mod)]
[01Mar2026 21:48:46.074] [main/DEBUG] [mixin/]: Adding mixin platform agents for container SecureJarResource(cw_additions)
[01Mar2026 21:48:46.074] [main/DEBUG] [mixin/]: Instancing new MixinPlatformAgentMinecraftForge for SecureJarResource(cw_additions)
[01Mar2026 21:48:46.074] [main/DEBUG] [mixin/]: MixinPlatformAgentMinecraftForge rejected container SecureJarResource(cw_additions)
[01Mar2026 21:48:46.074] [main/DEBUG] [mixin/]: Instancing new MixinPlatformAgentDefault for SecureJarResource(cw_additions)
[01Mar2026 21:48:46.074] [main/DEBUG] [mixin/]: MixinPlatformAgentDefault accepted container SecureJarResource(cw_additions)
[01Mar2026 21:48:46.074] [main/DEBUG] [mixin/]: Processing prepare() for PlatformAgent[MixinPlatformAgentDefault:SecureJarResource(cw_additions)]
[01Mar2026 21:48:46.074] [main/DEBUG] [mixin/]: Adding mixin platform agents for container SecureJarResource(extinction)
[01Mar2026 21:48:46.074] [main/DEBUG] [mixin/]: Instancing new MixinPlatformAgentMinecraftForge for SecureJarResource(extinction)
[01Mar2026 21:48:46.074] [main/DEBUG] [mixin/]: MixinPlatformAgentMinecraftForge rejected container SecureJarResource(extinction)
[01Mar2026 21:48:46.074] [main/DEBUG] [mixin/]: Instancing new MixinPlatformAgentDefault for SecureJarResource(extinction)
[01Mar2026 21:48:46.074] [main/DEBUG] [mixin/]: MixinPlatformAgentDefault accepted container SecureJarResource(extinction)
[01Mar2026 21:48:46.076] [main/DEBUG] [mixin/]: Processing prepare() for PlatformAgent[MixinPlatformAgentDefault:SecureJarResource(extinction)]
[01Mar2026 21:48:46.076] [main/DEBUG] [mixin/]: Adding mixin platform agents for container SecureJarResource(overworld_netherite_ore)
[01Mar2026 21:48:46.076] [main/DEBUG] [mixin/]: Instancing new MixinPlatformAgentMinecraftForge for SecureJarResource(overworld_netherite_ore)
[01Mar2026 21:48:46.076] [main/DEBUG] [mixin/]: MixinPlatformAgentMinecraftForge rejected container SecureJarResource(overworld_netherite_ore)
[01Mar2026 21:48:46.076] [main/DEBUG] [mixin/]: Instancing new MixinPlatformAgentDefault for SecureJarResource(overworld_netherite_ore)
[01Mar2026 21:48:46.076] [main/DEBUG] [mixin/]: MixinPlatformAgentDefault accepted container SecureJarResource(overworld_netherite_ore)
[01Mar2026 21:48:46.076] [main/DEBUG] [mixin/]: Processing prepare() for PlatformAgent[MixinPlatformAgentDefault:SecureJarResource(overworld_netherite_ore)]
[01Mar2026 21:48:46.076] [main/DEBUG] [mixin/]: Adding mixin platform agents for container SecureJarResource(max_armory)
[01Mar2026 21:48:46.076] [main/DEBUG] [mixin/]: Instancing new MixinPlatformAgentMinecraftForge for SecureJarResource(max_armory)
[01Mar2026 21:48:46.076] [main/DEBUG] [mixin/]: MixinPlatformAgentMinecraftForge rejected container SecureJarResource(max_armory)
[01Mar2026 21:48:46.076] [main/DEBUG] [mixin/]: Instancing new MixinPlatformAgentDefault for SecureJarResource(max_armory)
[01Mar2026 21:48:46.076] [main/DEBUG] [mixin/]: MixinPlatformAgentDefault accepted container SecureJarResource(max_armory)
[01Mar2026 21:48:46.076] [main/DEBUG] [mixin/]: Processing prepare() for PlatformAgent[MixinPlatformAgentDefault:SecureJarResource(max_armory)]
[01Mar2026 21:48:46.076] [main/DEBUG] [mixin/]: Adding mixin platform agents for container SecureJarResource(cofh_core)
[01Mar2026 21:48:46.076] [main/DEBUG] [mixin/]: Instancing new MixinPlatformAgentMinecraftForge for SecureJarResource(cofh_core)
[01Mar2026 21:48:46.076] [main/DEBUG] [mixin/]: MixinPlatformAgentMinecraftForge rejected container SecureJarResource(cofh_core)
[01Mar2026 21:48:46.076] [main/DEBUG] [mixin/]: Instancing new MixinPlatformAgentDefault for SecureJarResource(cofh_core)
[01Mar2026 21:48:46.076] [main/DEBUG] [mixin/]: MixinPlatformAgentDefault accepted container SecureJarResource(cofh_core)
[01Mar2026 21:48:46.076] [main/DEBUG] [mixin/]: Processing prepare() for PlatformAgent[MixinPlatformAgentDefault:SecureJarResource(cofh_core)]
[01Mar2026 21:48:46.076] [main/DEBUG] [mixin/]: Registering mixin config: mixins.cofhcore.json
[01Mar2026 21:48:46.076] [main/DEBUG] [mixin/]: Adding mixin platform agents for container SecureJarResource(smoothchunk)
[01Mar2026 21:48:46.076] [main/DEBUG] [mixin/]: Instancing new MixinPlatformAgentMinecraftForge for SecureJarResource(smoothchunk)
[01Mar2026 21:48:46.076] [main/DEBUG] [mixin/]: MixinPlatformAgentMinecraftForge rejected container SecureJarResource(smoothchunk)
[01Mar2026 21:48:46.076] [main/DEBUG] [mixin/]: Instancing new MixinPlatformAgentDefault for SecureJarResource(smoothchunk)
[01Mar2026 21:48:46.076] [main/DEBUG] [mixin/]: MixinPlatformAgentDefault accepted container SecureJarResource(smoothchunk)
[01Mar2026 21:48:46.076] [main/DEBUG] [mixin/]: Processing prepare() for PlatformAgent[MixinPlatformAgentDefault:SecureJarResource(smoothchunk)]
[01Mar2026 21:48:46.076] [main/DEBUG] [mixin/]: Registering mixin config: smoothchunk.mixins.json
[01Mar2026 21:48:46.077] [main/DEBUG] [mixin/]: Adding mixin platform agents for container SecureJarResource(voicechat)
[01Mar2026 21:48:46.077] [main/DEBUG] [mixin/]: Instancing new MixinPlatformAgentMinecraftForge for SecureJarResource(voicechat)
[01Mar2026 21:48:46.077] [main/DEBUG] [mixin/]: MixinPlatformAgentMinecraftForge rejected container SecureJarResource(voicechat)
[01Mar2026 21:48:46.077] [main/DEBUG] [mixin/]: Instancing new MixinPlatformAgentDefault for SecureJarResource(voicechat)
[01Mar2026 21:48:46.077] [main/DEBUG] [mixin/]: MixinPlatformAgentDefault accepted container SecureJarResource(voicechat)
[01Mar2026 21:48:46.077] [main/DEBUG] [mixin/]: Processing prepare() for PlatformAgent[MixinPlatformAgentDefault:SecureJarResource(voicechat)]
[01Mar2026 21:48:46.077] [main/DEBUG] [mixin/]: Adding mixin platform agents for container SecureJarResource(sound_physics_remastered)
[01Mar2026 21:48:46.077] [main/DEBUG] [mixin/]: Instancing new MixinPlatformAgentMinecraftForge for SecureJarResource(sound_physics_remastered)
[01Mar2026 21:48:46.077] [main/DEBUG] [mixin/]: MixinPlatformAgentMinecraftForge rejected container SecureJarResource(sound_physics_remastered)
[01Mar2026 21:48:46.077] [main/DEBUG] [mixin/]: Instancing new MixinPlatformAgentDefault for SecureJarResource(sound_physics_remastered)
[01Mar2026 21:48:46.077] [main/DEBUG] [mixin/]: MixinPlatformAgentDefault accepted container SecureJarResource(sound_physics_remastered)
[01Mar2026 21:48:46.077] [main/DEBUG] [mixin/]: Processing prepare() for PlatformAgent[MixinPlatformAgentDefault:SecureJarResource(sound_physics_remastered)]
[01Mar2026 21:48:46.077] [main/DEBUG] [mixin/]: Adding mixin platform agents for container SecureJarResource(terrablender)
[01Mar2026 21:48:46.077] [main/DEBUG] [mixin/]: Instancing new MixinPlatformAgentMinecraftForge for SecureJarResource(terrablender)
[01Mar2026 21:48:46.077] [main/DEBUG] [mixin/]: MixinPlatformAgentMinecraftForge rejected container SecureJarResource(terrablender)
[01Mar2026 21:48:46.077] [main/DEBUG] [mixin/]: Instancing new MixinPlatformAgentDefault for SecureJarResource(terrablender)
[01Mar2026 21:48:46.078] [main/DEBUG] [mixin/]: MixinPlatformAgentDefault accepted container SecureJarResource(terrablender)
[01Mar2026 21:48:46.078] [main/DEBUG] [mixin/]: Processing prepare() for PlatformAgent[MixinPlatformAgentDefault:SecureJarResource(terrablender)]
[01Mar2026 21:48:46.078] [main/DEBUG] [mixin/]: Registering mixin config: terrablender.mixins.json
[01Mar2026 21:48:46.078] [main/DEBUG] [mixin/]: Registering mixin config: terrablender_forge.mixins.json
[01Mar2026 21:48:46.079] [main/DEBUG] [mixin/]: Adding mixin platform agents for container SecureJarResource(immersive_cooking)
[01Mar2026 21:48:46.079] [main/DEBUG] [mixin/]: Instancing new MixinPlatformAgentMinecraftForge for SecureJarResource(immersive_cooking)
[01Mar2026 21:48:46.079] [main/DEBUG] [mixin/]: MixinPlatformAgentMinecraftForge rejected container SecureJarResource(immersive_cooking)
[01Mar2026 21:48:46.079] [main/DEBUG] [mixin/]: Instancing new MixinPlatformAgentDefault for SecureJarResource(immersive_cooking)
[01Mar2026 21:48:46.079] [main/DEBUG] [mixin/]: MixinPlatformAgentDefault accepted container SecureJarResource(immersive_cooking)
[01Mar2026 21:48:46.079] [main/DEBUG] [mixin/]: Processing prepare() for PlatformAgent[MixinPlatformAgentDefault:SecureJarResource(immersive_cooking)]
[01Mar2026 21:48:46.079] [main/DEBUG] [mixin/]: Adding mixin platform agents for container SecureJarResource(psg)
[01Mar2026 21:48:46.079] [main/DEBUG] [mixin/]: Instancing new MixinPlatformAgentMinecraftForge for SecureJarResource(psg)
[01Mar2026 21:48:46.079] [main/DEBUG] [mixin/]: MixinPlatformAgentMinecraftForge rejected container SecureJarResource(psg)
[01Mar2026 21:48:46.079] [main/DEBUG] [mixin/]: Instancing new MixinPlatformAgentDefault for SecureJarResource(psg)
[01Mar2026 21:48:46.079] [main/DEBUG] [mixin/]: MixinPlatformAgentDefault accepted container SecureJarResource(psg)
[01Mar2026 21:48:46.079] [main/DEBUG] [mixin/]: Processing prepare() for PlatformAgent[MixinPlatformAgentDefault:SecureJarResource(psg)]
[01Mar2026 21:48:46.079] [main/DEBUG] [mixin/]: Adding mixin platform agents for container SecureJarResource(mousetweaks)
[01Mar2026 21:48:46.079] [main/DEBUG] [mixin/]: Instancing new MixinPlatformAgentMinecraftForge for SecureJarResource(mousetweaks)
[01Mar2026 21:48:46.079] [main/DEBUG] [mixin/]: MixinPlatformAgentMinecraftForge rejected container SecureJarResource(mousetweaks)
[01Mar2026 21:48:46.079] [main/DEBUG] [mixin/]: Instancing new MixinPlatformAgentDefault for SecureJarResource(mousetweaks)
[01Mar2026 21:48:46.079] [main/DEBUG] [mixin/]: MixinPlatformAgentDefault accepted container SecureJarResource(mousetweaks)
[01Mar2026 21:48:46.079] [main/DEBUG] [mixin/]: Processing prepare() for PlatformAgent[MixinPlatformAgentDefault:SecureJarResource(mousetweaks)]
[01Mar2026 21:48:46.079] [main/DEBUG] [mixin/]: Registering mixin config: mousetweaks.mixins.json
[01Mar2026 21:48:46.080] [main/DEBUG] [mixin/]: Adding mixin platform agents for container SecureJarResource(immersiveengineering)
[01Mar2026 21:48:46.080] [main/DEBUG] [mixin/]: Instancing new MixinPlatformAgentMinecraftForge for SecureJarResource(immersiveengineering)
[01Mar2026 21:48:46.080] [main/DEBUG] [mixin/]: MixinPlatformAgentMinecraftForge rejected container SecureJarResource(immersiveengineering)
[01Mar2026 21:48:46.080] [main/DEBUG] [mixin/]: Instancing new MixinPlatformAgentDefault for SecureJarResource(immersiveengineering)
[01Mar2026 21:48:46.080] [main/DEBUG] [mixin/]: MixinPlatformAgentDefault accepted container SecureJarResource(immersiveengineering)
[01Mar2026 21:48:46.080] [main/DEBUG] [mixin/]: Processing prepare() for PlatformAgent[MixinPlatformAgentDefault:SecureJarResource(immersiveengineering)]
[01Mar2026 21:48:46.080] [main/DEBUG] [mixin/]: Registering mixin config: immersiveengineering.mixins.json
[01Mar2026 21:48:46.081] [main/DEBUG] [mixin/]: Adding mixin platform agents for container SecureJarResource(shouldersurfing)
[01Mar2026 21:48:46.081] [main/DEBUG] [mixin/]: Instancing new MixinPlatformAgentMinecraftForge for SecureJarResource(shouldersurfing)
[01Mar2026 21:48:46.081] [main/DEBUG] [mixin/]: MixinPlatformAgentMinecraftForge rejected container SecureJarResource(shouldersurfing)
[01Mar2026 21:48:46.081] [main/DEBUG] [mixin/]: Instancing new MixinPlatformAgentDefault for SecureJarResource(shouldersurfing)
[01Mar2026 21:48:46.081] [main/DEBUG] [mixin/]: MixinPlatformAgentDefault accepted container SecureJarResource(shouldersurfing)
[01Mar2026 21:48:46.082] [main/DEBUG] [mixin/]: Processing prepare() for PlatformAgent[MixinPlatformAgentDefault:SecureJarResource(shouldersurfing)]
[01Mar2026 21:48:46.082] [main/DEBUG] [mixin/]: Registering mixin config: shouldersurfing.common.mixins.json
[01Mar2026 21:48:46.082] [main/DEBUG] [mixin/]: Registering mixin config: shouldersurfing.common.compat.mixins.json
[01Mar2026 21:48:46.083] [main/DEBUG] [mixin/]: Registering mixin config: shouldersurfing.forge.mixins.json
[01Mar2026 21:48:46.084] [main/DEBUG] [mixin/]: Registering mixin config: shouldersurfing.forge.compat.mixins.json
[01Mar2026 21:48:46.085] [main/DEBUG] [mixin/]: Adding mixin platform agents for container SecureJarResource(cleanswing)
[01Mar2026 21:48:46.085] [main/DEBUG] [mixin/]: Instancing new MixinPlatformAgentMinecraftForge for SecureJarResource(cleanswing)
[01Mar2026 21:48:46.085] [main/DEBUG] [mixin/]: MixinPlatformAgentMinecraftForge rejected container SecureJarResource(cleanswing)
[01Mar2026 21:48:46.085] [main/DEBUG] [mixin/]: Instancing new MixinPlatformAgentDefault for SecureJarResource(cleanswing)
[01Mar2026 21:48:46.085] [main/DEBUG] [mixin/]: MixinPlatformAgentDefault accepted container SecureJarResource(cleanswing)
[01Mar2026 21:48:46.085] [main/DEBUG] [mixin/]: Processing prepare() for PlatformAgent[MixinPlatformAgentDefault:SecureJarResource(cleanswing)]
[01Mar2026 21:48:46.085] [main/DEBUG] [mixin/]: Adding mixin platform agents for container SecureJarResource(spectrelib)
[01Mar2026 21:48:46.085] [main/DEBUG] [mixin/]: Instancing new MixinPlatformAgentMinecraftForge for SecureJarResource(spectrelib)
[01Mar2026 21:48:46.085] [main/DEBUG] [mixin/]: MixinPlatformAgentMinecraftForge rejected container SecureJarResource(spectrelib)
[01Mar2026 21:48:46.085] [main/DEBUG] [mixin/]: Instancing new MixinPlatformAgentDefault for SecureJarResource(spectrelib)
[01Mar2026 21:48:46.085] [main/DEBUG] [mixin/]: MixinPlatformAgentDefault accepted container SecureJarResource(spectrelib)
[01Mar2026 21:48:46.085] [main/DEBUG] [mixin/]: Processing prepare() for PlatformAgent[MixinPlatformAgentDefault:SecureJarResource(spectrelib)]
[01Mar2026 21:48:46.085] [main/DEBUG] [mixin/]: Adding mixin platform agents for container SecureJarResource(survival_instinct)
[01Mar2026 21:48:46.085] [main/DEBUG] [mixin/]: Instancing new MixinPlatformAgentMinecraftForge for SecureJarResource(survival_instinct)
[01Mar2026 21:48:46.085] [main/DEBUG] [mixin/]: MixinPlatformAgentMinecraftForge rejected container SecureJarResource(survival_instinct)
[01Mar2026 21:48:46.085] [main/DEBUG] [mixin/]: Instancing new MixinPlatformAgentDefault for SecureJarResource(survival_instinct)
[01Mar2026 21:48:46.085] [main/DEBUG] [mixin/]: MixinPlatformAgentDefault accepted container SecureJarResource(survival_instinct)
[01Mar2026 21:48:46.085] [main/DEBUG] [mixin/]: Processing prepare() for PlatformAgent[MixinPlatformAgentDefault:SecureJarResource(survival_instinct)]
[01Mar2026 21:48:46.085] [main/DEBUG] [mixin/]: Adding mixin platform agents for container SecureJarResource(ceilingtorch)
[01Mar2026 21:48:46.085] [main/DEBUG] [mixin/]: Instancing new MixinPlatformAgentMinecraftForge for SecureJarResource(ceilingtorch)
[01Mar2026 21:48:46.085] [main/DEBUG] [mixin/]: MixinPlatformAgentMinecraftForge rejected container SecureJarResource(ceilingtorch)
[01Mar2026 21:48:46.085] [main/DEBUG] [mixin/]: Instancing new MixinPlatformAgentDefault for SecureJarResource(ceilingtorch)
[01Mar2026 21:48:46.085] [main/DEBUG] [mixin/]: MixinPlatformAgentDefault accepted container SecureJarResource(ceilingtorch)
[01Mar2026 21:48:46.085] [main/DEBUG] [mixin/]: Processing prepare() for PlatformAgent[MixinPlatformAgentDefault:SecureJarResource(ceilingtorch)]
[01Mar2026 21:48:46.085] [main/DEBUG] [mixin/]: Adding mixin platform agents for container SecureJarResource(fastpaintings)
[01Mar2026 21:48:46.085] [main/DEBUG] [mixin/]: Instancing new MixinPlatformAgentMinecraftForge for SecureJarResource(fastpaintings)
[01Mar2026 21:48:46.085] [main/DEBUG] [mixin/]: MixinPlatformAgentMinecraftForge rejected container SecureJarResource(fastpaintings)
[01Mar2026 21:48:46.085] [main/DEBUG] [mixin/]: Instancing new MixinPlatformAgentDefault for SecureJarResource(fastpaintings)
[01Mar2026 21:48:46.085] [main/DEBUG] [mixin/]: MixinPlatformAgentDefault accepted container SecureJarResource(fastpaintings)
[01Mar2026 21:48:46.085] [main/DEBUG] [mixin/]: Processing prepare() for PlatformAgent[MixinPlatformAgentDefault:SecureJarResource(fastpaintings)]
[01Mar2026 21:48:46.085] [main/DEBUG] [mixin/]: Registering mixin config: fastpaintings.mixins.json
[01Mar2026 21:48:46.087] [main/DEBUG] [mixin/]: Registering mixin config: fastpaintings-forge.mixins.json
[01Mar2026 21:48:46.087] [main/DEBUG] [mixin/]: Adding mixin platform agents for container SecureJarResource(createtweaker)
[01Mar2026 21:48:46.087] [main/DEBUG] [mixin/]: Instancing new MixinPlatformAgentMinecraftForge for SecureJarResource(createtweaker)
[01Mar2026 21:48:46.087] [main/DEBUG] [mixin/]: MixinPlatformAgentMinecraftForge rejected container SecureJarResource(createtweaker)
[01Mar2026 21:48:46.087] [main/DEBUG] [mixin/]: Instancing new MixinPlatformAgentDefault for SecureJarResource(createtweaker)
[01Mar2026 21:48:46.087] [main/DEBUG] [mixin/]: MixinPlatformAgentDefault accepted container SecureJarResource(createtweaker)
[01Mar2026 21:48:46.087] [main/DEBUG] [mixin/]: Processing prepare() for PlatformAgent[MixinPlatformAgentDefault:SecureJarResource(createtweaker)]
[01Mar2026 21:48:46.087] [main/DEBUG] [mixin/]: Registering mixin config: createtweaker.mixins.json
[01Mar2026 21:48:46.088] [main/DEBUG] [mixin/]: Registering mixin config: createtweaker.forge.mixins.json
[01Mar2026 21:48:46.089] [main/DEBUG] [mixin/]: Adding mixin platform agents for container SecureJarResource(betterfpsdist)
[01Mar2026 21:48:46.089] [main/DEBUG] [mixin/]: Instancing new MixinPlatformAgentMinecraftForge for SecureJarResource(betterfpsdist)
[01Mar2026 21:48:46.089] [main/DEBUG] [mixin/]: MixinPlatformAgentMinecraftForge rejected container SecureJarResource(betterfpsdist)
[01Mar2026 21:48:46.089] [main/DEBUG] [mixin/]: Instancing new MixinPlatformAgentDefault for SecureJarResource(betterfpsdist)
[01Mar2026 21:48:46.089] [main/DEBUG] [mixin/]: MixinPlatformAgentDefault accepted container SecureJarResource(betterfpsdist)
[01Mar2026 21:48:46.089] [main/DEBUG] [mixin/]: Processing prepare() for PlatformAgent[MixinPlatformAgentDefault:SecureJarResource(betterfpsdist)]
[01Mar2026 21:48:46.089] [main/DEBUG] [mixin/]: Registering mixin config: betterfpsdist.mixins.json
[01Mar2026 21:48:46.090] [main/DEBUG] [mixin/]: Adding mixin platform agents for container SecureJarResource(kotlinforforge)
[01Mar2026 21:48:46.090] [main/DEBUG] [mixin/]: Instancing new MixinPlatformAgentMinecraftForge for SecureJarResource(kotlinforforge)
[01Mar2026 21:48:46.090] [main/DEBUG] [mixin/]: MixinPlatformAgentMinecraftForge rejected container SecureJarResource(kotlinforforge)
[01Mar2026 21:48:46.091] [main/DEBUG] [mixin/]: Instancing new MixinPlatformAgentDefault for SecureJarResource(kotlinforforge)
[01Mar2026 21:48:46.091] [main/DEBUG] [mixin/]: MixinPlatformAgentDefault accepted container SecureJarResource(kotlinforforge)
[01Mar2026 21:48:46.091] [main/DEBUG] [mixin/]: Processing prepare() for PlatformAgent[MixinPlatformAgentDefault:SecureJarResource(kotlinforforge)]
[01Mar2026 21:48:46.091] [main/DEBUG] [mixin/]: Adding mixin platform agents for container SecureJarResource(tctcore)
[01Mar2026 21:48:46.091] [main/DEBUG] [mixin/]: Instancing new MixinPlatformAgentMinecraftForge for SecureJarResource(tctcore)
[01Mar2026 21:48:46.091] [main/DEBUG] [mixin/]: MixinPlatformAgentMinecraftForge rejected container SecureJarResource(tctcore)
[01Mar2026 21:48:46.091] [main/DEBUG] [mixin/]: Instancing new MixinPlatformAgentDefault for SecureJarResource(tctcore)
[01Mar2026 21:48:46.091] [main/DEBUG] [mixin/]: MixinPlatformAgentDefault accepted container SecureJarResource(tctcore)
[01Mar2026 21:48:46.091] [main/DEBUG] [mixin/]: Processing prepare() for PlatformAgent[MixinPlatformAgentDefault:SecureJarResource(tctcore)]
[01Mar2026 21:48:46.091] [main/DEBUG] [mixin/]: Adding mixin platform agents for container SecureJarResource(farmersrespite)
[01Mar2026 21:48:46.091] [main/DEBUG] [mixin/]: Instancing new MixinPlatformAgentMinecraftForge for SecureJarResource(farmersrespite)
[01Mar2026 21:48:46.091] [main/DEBUG] [mixin/]: MixinPlatformAgentMinecraftForge rejected container SecureJarResource(farmersrespite)
[01Mar2026 21:48:46.091] [main/DEBUG] [mixin/]: Instancing new MixinPlatformAgentDefault for SecureJarResource(farmersrespite)
[01Mar2026 21:48:46.091] [main/DEBUG] [mixin/]: MixinPlatformAgentDefault accepted container SecureJarResource(farmersrespite)
[01Mar2026 21:48:46.091] [main/DEBUG] [mixin/]: Processing prepare() for PlatformAgent[MixinPlatformAgentDefault:SecureJarResource(farmersrespite)]
[01Mar2026 21:48:46.091] [main/DEBUG] [mixin/]: Registering mixin config: farmersrespite.mixins.json
[01Mar2026 21:48:46.092] [main/DEBUG] [mixin/]: Adding mixin platform agents for container SecureJarResource(flywheel)
[01Mar2026 21:48:46.092] [main/DEBUG] [mixin/]: Instancing new MixinPlatformAgentMinecraftForge for SecureJarResource(flywheel)
[01Mar2026 21:48:46.092] [main/DEBUG] [mixin/]: MixinPlatformAgentMinecraftForge rejected container SecureJarResource(flywheel)
[01Mar2026 21:48:46.092] [main/DEBUG] [mixin/]: Instancing new MixinPlatformAgentDefault for SecureJarResource(flywheel)
[01Mar2026 21:48:46.092] [main/DEBUG] [mixin/]: MixinPlatformAgentDefault accepted container SecureJarResource(flywheel)
[01Mar2026 21:48:46.092] [main/DEBUG] [mixin/]: Processing prepare() for PlatformAgent[MixinPlatformAgentDefault:SecureJarResource(flywheel)]
[01Mar2026 21:48:46.092] [main/DEBUG] [mixin/]: Registering mixin config: flywheel.backend.mixins.json
[01Mar2026 21:48:46.093] [main/DEBUG] [mixin/]: Registering mixin config: flywheel.impl.mixins.json
[01Mar2026 21:48:46.094] [main/DEBUG] [mixin/]: Adding mixin platform agents for container SecureJarResource(ponder)
[01Mar2026 21:48:46.094] [main/DEBUG] [mixin/]: Instancing new MixinPlatformAgentMinecraftForge for SecureJarResource(ponder)
[01Mar2026 21:48:46.094] [main/DEBUG] [mixin/]: MixinPlatformAgentMinecraftForge rejected container SecureJarResource(ponder)
[01Mar2026 21:48:46.094] [main/DEBUG] [mixin/]: Instancing new MixinPlatformAgentDefault for SecureJarResource(ponder)
[01Mar2026 21:48:46.094] [main/DEBUG] [mixin/]: MixinPlatformAgentDefault accepted container SecureJarResource(ponder)
[01Mar2026 21:48:46.094] [main/DEBUG] [mixin/]: Processing prepare() for PlatformAgent[MixinPlatformAgentDefault:SecureJarResource(ponder)]
[01Mar2026 21:48:46.094] [main/DEBUG] [mixin/]: Registering mixin config: ponder.mixins.json
[01Mar2026 21:48:46.094] [main/DEBUG] [mixin/]: Registering mixin config: ponder-common.mixins.json
[01Mar2026 21:48:46.094] [main/DEBUG] [mixin/]: Adding mixin platform agents for container SecureJarResource(ecologics)
[01Mar2026 21:48:46.094] [main/DEBUG] [mixin/]: Instancing new MixinPlatformAgentMinecraftForge for SecureJarResource(ecologics)
[01Mar2026 21:48:46.094] [main/DEBUG] [mixin/]: MixinPlatformAgentMinecraftForge rejected container SecureJarResource(ecologics)
[01Mar2026 21:48:46.095] [main/DEBUG] [mixin/]: Instancing new MixinPlatformAgentDefault for SecureJarResource(ecologics)
[01Mar2026 21:48:46.095] [main/DEBUG] [mixin/]: MixinPlatformAgentDefault accepted container SecureJarResource(ecologics)
[01Mar2026 21:48:46.095] [main/DEBUG] [mixin/]: Processing prepare() for PlatformAgent[MixinPlatformAgentDefault:SecureJarResource(ecologics)]
[01Mar2026 21:48:46.095] [main/DEBUG] [mixin/]: Registering mixin config: ecologics-common.mixins.json
[01Mar2026 21:48:46.095] [main/DEBUG] [mixin/]: Registering mixin config: ecologics.mixins.json
[01Mar2026 21:48:46.096] [main/DEBUG] [mixin/]: Adding mixin platform agents for container SecureJarResource(decoration_delight)
[01Mar2026 21:48:46.096] [main/DEBUG] [mixin/]: Instancing new MixinPlatformAgentMinecraftForge for SecureJarResource(decoration_delight)
[01Mar2026 21:48:46.096] [main/DEBUG] [mixin/]: MixinPlatformAgentMinecraftForge rejected container SecureJarResource(decoration_delight)
[01Mar2026 21:48:46.096] [main/DEBUG] [mixin/]: Instancing new MixinPlatformAgentDefault for SecureJarResource(decoration_delight)
[01Mar2026 21:48:46.096] [main/DEBUG] [mixin/]: MixinPlatformAgentDefault accepted container SecureJarResource(decoration_delight)
[01Mar2026 21:48:46.096] [main/DEBUG] [mixin/]: Processing prepare() for PlatformAgent[MixinPlatformAgentDefault:SecureJarResource(decoration_delight)]
[01Mar2026 21:48:46.096] [main/DEBUG] [mixin/]: Adding mixin platform agents for container SecureJarResource(croptopia)
[01Mar2026 21:48:46.096] [main/DEBUG] [mixin/]: Instancing new MixinPlatformAgentMinecraftForge for SecureJarResource(croptopia)
[01Mar2026 21:48:46.096] [main/DEBUG] [mixin/]: MixinPlatformAgentMinecraftForge rejected container SecureJarResource(croptopia)
[01Mar2026 21:48:46.096] [main/DEBUG] [mixin/]: Instancing new MixinPlatformAgentDefault for SecureJarResource(croptopia)
[01Mar2026 21:48:46.096] [main/DEBUG] [mixin/]: MixinPlatformAgentDefault accepted container SecureJarResource(croptopia)
[01Mar2026 21:48:46.096] [main/DEBUG] [mixin/]: Processing prepare() for PlatformAgent[MixinPlatformAgentDefault:SecureJarResource(croptopia)]
[01Mar2026 21:48:46.096] [main/DEBUG] [mixin/]: Registering mixin config: croptopia.mixins.json
[01Mar2026 21:48:46.097] [main/DEBUG] [mixin/]: Compatibility level JAVA_8 specified by croptopia.mixins.json is lower than the default level supported by the current mixin service (JAVA_16).
[01Mar2026 21:48:46.097] [main/DEBUG] [mixin/]: Adding mixin platform agents for container SecureJarResource(tacz_npc)
[01Mar2026 21:48:46.097] [main/DEBUG] [mixin/]: Instancing new MixinPlatformAgentMinecraftForge for SecureJarResource(tacz_npc)
[01Mar2026 21:48:46.097] [main/DEBUG] [mixin/]: MixinPlatformAgentMinecraftForge rejected container SecureJarResource(tacz_npc)
[01Mar2026 21:48:46.097] [main/DEBUG] [mixin/]: Instancing new MixinPlatformAgentDefault for SecureJarResource(tacz_npc)
[01Mar2026 21:48:46.097] [main/DEBUG] [mixin/]: MixinPlatformAgentDefault accepted container SecureJarResource(tacz_npc)
[01Mar2026 21:48:46.097] [main/DEBUG] [mixin/]: Processing prepare() for PlatformAgent[MixinPlatformAgentDefault:SecureJarResource(tacz_npc)]
[01Mar2026 21:48:46.097] [main/DEBUG] [mixin/]: Registering mixin config: tacz_npc.mixins.json
[01Mar2026 21:48:46.098] [main/DEBUG] [mixin/]: Compatibility level JAVA_8 specified by tacz_npc.mixins.json is lower than the default level supported by the current mixin service (JAVA_16).
[01Mar2026 21:48:46.098] [main/DEBUG] [mixin/]: Adding mixin platform agents for container SecureJarResource(polymorph)
[01Mar2026 21:48:46.098] [main/DEBUG] [mixin/]: Instancing new MixinPlatformAgentMinecraftForge for SecureJarResource(polymorph)
[01Mar2026 21:48:46.098] [main/DEBUG] [mixin/]: MixinPlatformAgentMinecraftForge rejected container SecureJarResource(polymorph)
[01Mar2026 21:48:46.098] [main/DEBUG] [mixin/]: Instancing new MixinPlatformAgentDefault for SecureJarResource(polymorph)
[01Mar2026 21:48:46.098] [main/DEBUG] [mixin/]: MixinPlatformAgentDefault accepted container SecureJarResource(polymorph)
[01Mar2026 21:48:46.098] [main/DEBUG] [mixin/]: Processing prepare() for PlatformAgent[MixinPlatformAgentDefault:SecureJarResource(polymorph)]
[01Mar2026 21:48:46.098] [main/DEBUG] [mixin/]: Registering mixin config: polymorph.mixins.json
[01Mar2026 21:48:46.098] [main/DEBUG] [mixin/]: Registering mixin config: polymorph-integrations.forge.mixins.json
[01Mar2026 21:48:46.099] [main/DEBUG] [mixin/]: Compatibility level JAVA_16 specified by polymorph-integrations.forge.mixins.json is higher than the maximum level supported by this version of mixin (JAVA_13).
[01Mar2026 21:48:46.099] [main/DEBUG] [mixin/]: Adding mixin platform agents for container SecureJarResource(securitycraft)
[01Mar2026 21:48:46.099] [main/DEBUG] [mixin/]: Instancing new MixinPlatformAgentMinecraftForge for SecureJarResource(securitycraft)
[01Mar2026 21:48:46.099] [main/DEBUG] [mixin/]: MixinPlatformAgentMinecraftForge rejected container SecureJarResource(securitycraft)
[01Mar2026 21:48:46.099] [main/DEBUG] [mixin/]: Instancing new MixinPlatformAgentDefault for SecureJarResource(securitycraft)
[01Mar2026 21:48:46.099] [main/DEBUG] [mixin/]: MixinPlatformAgentDefault accepted container SecureJarResource(securitycraft)
[01Mar2026 21:48:46.099] [main/DEBUG] [mixin/]: Processing prepare() for PlatformAgent[MixinPlatformAgentDefault:SecureJarResource(securitycraft)]
[01Mar2026 21:48:46.099] [main/DEBUG] [mixin/]: Registering mixin config: securitycraft.mixins.json
[01Mar2026 21:48:46.100] [main/DEBUG] [mixin/]: Adding mixin platform agents for container SecureJarResource(sit)
[01Mar2026 21:48:46.100] [main/DEBUG] [mixin/]: Instancing new MixinPlatformAgentMinecraftForge for SecureJarResource(sit)
[01Mar2026 21:48:46.100] [main/DEBUG] [mixin/]: MixinPlatformAgentMinecraftForge rejected container SecureJarResource(sit)
[01Mar2026 21:48:46.100] [main/DEBUG] [mixin/]: Instancing new MixinPlatformAgentDefault for SecureJarResource(sit)
[01Mar2026 21:48:46.100] [main/DEBUG] [mixin/]: MixinPlatformAgentDefault accepted container SecureJarResource(sit)
[01Mar2026 21:48:46.100] [main/DEBUG] [mixin/]: Processing prepare() for PlatformAgent[MixinPlatformAgentDefault:SecureJarResource(sit)]
[01Mar2026 21:48:46.100] [main/DEBUG] [mixin/]: Adding mixin platform agents for container SecureJarResource(chaoszprojectbandits)
[01Mar2026 21:48:46.100] [main/DEBUG] [mixin/]: Instancing new MixinPlatformAgentMinecraftForge for SecureJarResource(chaoszprojectbandits)
[01Mar2026 21:48:46.100] [main/DEBUG] [mixin/]: MixinPlatformAgentMinecraftForge rejected container SecureJarResource(chaoszprojectbandits)
[01Mar2026 21:48:46.100] [main/DEBUG] [mixin/]: Instancing new MixinPlatformAgentDefault for SecureJarResource(chaoszprojectbandits)
[01Mar2026 21:48:46.100] [main/DEBUG] [mixin/]: MixinPlatformAgentDefault accepted container SecureJarResource(chaoszprojectbandits)
[01Mar2026 21:48:46.100] [main/DEBUG] [mixin/]: Processing prepare() for PlatformAgent[MixinPlatformAgentDefault:SecureJarResource(chaoszprojectbandits)]
[01Mar2026 21:48:46.100] [main/DEBUG] [mixin/]: Adding mixin platform agents for container SecureJarResource(regrowth)
[01Mar2026 21:48:46.100] [main/DEBUG] [mixin/]: Instancing new MixinPlatformAgentMinecraftForge for SecureJarResource(regrowth)
[01Mar2026 21:48:46.100] [main/DEBUG] [mixin/]: MixinPlatformAgentMinecraftForge rejected container SecureJarResource(regrowth)
[01Mar2026 21:48:46.100] [main/DEBUG] [mixin/]: Instancing new MixinPlatformAgentDefault for SecureJarResource(regrowth)
[01Mar2026 21:48:46.100] [main/DEBUG] [mixin/]: MixinPlatformAgentDefault accepted container SecureJarResource(regrowth)
[01Mar2026 21:48:46.100] [main/DEBUG] [mixin/]: Processing prepare() for PlatformAgent[MixinPlatformAgentDefault:SecureJarResource(regrowth)]
[01Mar2026 21:48:46.100] [main/DEBUG] [mixin/]: Adding mixin platform agents for container SecureJarResource(pillagers_gun)
[01Mar2026 21:48:46.100] [main/DEBUG] [mixin/]: Instancing new MixinPlatformAgentMinecraftForge for SecureJarResource(pillagers_gun)
[01Mar2026 21:48:46.100] [main/DEBUG] [mixin/]: MixinPlatformAgentMinecraftForge rejected container SecureJarResource(pillagers_gun)
[01Mar2026 21:48:46.100] [main/DEBUG] [mixin/]: Instancing new MixinPlatformAgentDefault for SecureJarResource(pillagers_gun)
[01Mar2026 21:48:46.100] [main/DEBUG] [mixin/]: MixinPlatformAgentDefault accepted container SecureJarResource(pillagers_gun)
[01Mar2026 21:48:46.100] [main/DEBUG] [mixin/]: Processing prepare() for PlatformAgent[MixinPlatformAgentDefault:SecureJarResource(pillagers_gun)]
[01Mar2026 21:48:46.100] [main/DEBUG] [mixin/]: Registering mixin config: pillagers_gun.mixins.json
[01Mar2026 21:48:46.101] [main/DEBUG] [mixin/]: Adding mixin platform agents for container SecureJarResource(ambientenvironment)
[01Mar2026 21:48:46.101] [main/DEBUG] [mixin/]: Instancing new MixinPlatformAgentMinecraftForge for SecureJarResource(ambientenvironment)
[01Mar2026 21:48:46.101] [main/DEBUG] [mixin/]: MixinPlatformAgentMinecraftForge rejected container SecureJarResource(ambientenvironment)
[01Mar2026 21:48:46.101] [main/DEBUG] [mixin/]: Instancing new MixinPlatformAgentDefault for SecureJarResource(ambientenvironment)
[01Mar2026 21:48:46.101] [main/DEBUG] [mixin/]: MixinPlatformAgentDefault accepted container SecureJarResource(ambientenvironment)
[01Mar2026 21:48:46.101] [main/DEBUG] [mixin/]: Processing prepare() for PlatformAgent[MixinPlatformAgentDefault:SecureJarResource(ambientenvironment)]
[01Mar2026 21:48:46.101] [main/DEBUG] [mixin/]: Registering mixin config: ambientenvironment.mixins.json
[01Mar2026 21:48:46.102] [main/DEBUG] [mixin/]: Adding mixin platform agents for container SecureJarResource(fastfurnace)
[01Mar2026 21:48:46.102] [main/DEBUG] [mixin/]: Instancing new MixinPlatformAgentMinecraftForge for SecureJarResource(fastfurnace)
[01Mar2026 21:48:46.102] [main/DEBUG] [mixin/]: MixinPlatformAgentMinecraftForge rejected container SecureJarResource(fastfurnace)
[01Mar2026 21:48:46.102] [main/DEBUG] [mixin/]: Instancing new MixinPlatformAgentDefault for SecureJarResource(fastfurnace)
[01Mar2026 21:48:46.102] [main/DEBUG] [mixin/]: MixinPlatformAgentDefault accepted container SecureJarResource(fastfurnace)
[01Mar2026 21:48:46.102] [main/DEBUG] [mixin/]: Processing prepare() for PlatformAgent[MixinPlatformAgentDefault:SecureJarResource(fastfurnace)]
[01Mar2026 21:48:46.102] [main/DEBUG] [mixin/]: Registering mixin config: fastfurnace.mixins.json
[01Mar2026 21:48:46.103] [main/DEBUG] [mixin/]: Adding mixin platform agents for container SecureJarResource(appleskin)
[01Mar2026 21:48:46.103] [main/DEBUG] [mixin/]: Instancing new MixinPlatformAgentMinecraftForge for SecureJarResource(appleskin)
[01Mar2026 21:48:46.103] [main/DEBUG] [mixin/]: MixinPlatformAgentMinecraftForge rejected container SecureJarResource(appleskin)
[01Mar2026 21:48:46.103] [main/DEBUG] [mixin/]: Instancing new MixinPlatformAgentDefault for SecureJarResource(appleskin)
[01Mar2026 21:48:46.103] [main/DEBUG] [mixin/]: MixinPlatformAgentDefault accepted container SecureJarResource(appleskin)
[01Mar2026 21:48:46.103] [main/DEBUG] [mixin/]: Processing prepare() for PlatformAgent[MixinPlatformAgentDefault:SecureJarResource(appleskin)]
[01Mar2026 21:48:46.103] [main/DEBUG] [mixin/]: Adding mixin platform agents for container SecureJarResource(lootr)
[01Mar2026 21:48:46.103] [main/DEBUG] [mixin/]: Instancing new MixinPlatformAgentMinecraftForge for SecureJarResource(lootr)
[01Mar2026 21:48:46.103] [main/DEBUG] [mixin/]: MixinPlatformAgentMinecraftForge rejected container SecureJarResource(lootr)
[01Mar2026 21:48:46.103] [main/DEBUG] [mixin/]: Instancing new MixinPlatformAgentDefault for SecureJarResource(lootr)
[01Mar2026 21:48:46.103] [main/DEBUG] [mixin/]: MixinPlatformAgentDefault accepted container SecureJarResource(lootr)
[01Mar2026 21:48:46.103] [main/DEBUG] [mixin/]: Processing prepare() for PlatformAgent[MixinPlatformAgentDefault:SecureJarResource(lootr)]
[01Mar2026 21:48:46.103] [main/DEBUG] [mixin/]: Registering mixin config: lootr.mixins.json
[01Mar2026 21:48:46.104] [main/DEBUG] [mixin/]: Adding mixin platform agents for container SecureJarResource(visuality)
[01Mar2026 21:48:46.104] [main/DEBUG] [mixin/]: Instancing new MixinPlatformAgentMinecraftForge for SecureJarResource(visuality)
[01Mar2026 21:48:46.104] [main/DEBUG] [mixin/]: MixinPlatformAgentMinecraftForge rejected container SecureJarResource(visuality)
[01Mar2026 21:48:46.104] [main/DEBUG] [mixin/]: Instancing new MixinPlatformAgentDefault for SecureJarResource(visuality)
[01Mar2026 21:48:46.104] [main/DEBUG] [mixin/]: MixinPlatformAgentDefault accepted container SecureJarResource(visuality)
[01Mar2026 21:48:46.104] [main/DEBUG] [mixin/]: Processing prepare() for PlatformAgent[MixinPlatformAgentDefault:SecureJarResource(visuality)]
[01Mar2026 21:48:46.104] [main/DEBUG] [mixin/]: Registering mixin config: visuality.mixins.json
[01Mar2026 21:48:46.105] [main/DEBUG] [mixin/]: Adding mixin platform agents for container SecureJarResource(dtcroptopia)
[01Mar2026 21:48:46.105] [main/DEBUG] [mixin/]: Instancing new MixinPlatformAgentMinecraftForge for SecureJarResource(dtcroptopia)
[01Mar2026 21:48:46.105] [main/DEBUG] [mixin/]: MixinPlatformAgentMinecraftForge rejected container SecureJarResource(dtcroptopia)
[01Mar2026 21:48:46.105] [main/DEBUG] [mixin/]: Instancing new MixinPlatformAgentDefault for SecureJarResource(dtcroptopia)
[01Mar2026 21:48:46.105] [main/DEBUG] [mixin/]: MixinPlatformAgentDefault accepted container SecureJarResource(dtcroptopia)
[01Mar2026 21:48:46.105] [main/DEBUG] [mixin/]: Processing prepare() for PlatformAgent[MixinPlatformAgentDefault:SecureJarResource(dtcroptopia)]
[01Mar2026 21:48:46.105] [main/DEBUG] [mixin/]: Adding mixin platform agents for container SecureJarResource(puzzleslib)
[01Mar2026 21:48:46.105] [main/DEBUG] [mixin/]: Instancing new MixinPlatformAgentMinecraftForge for SecureJarResource(puzzleslib)
[01Mar2026 21:48:46.105] [main/DEBUG] [mixin/]: MixinPlatformAgentMinecraftForge rejected container SecureJarResource(puzzleslib)
[01Mar2026 21:48:46.105] [main/DEBUG] [mixin/]: Instancing new MixinPlatformAgentDefault for SecureJarResource(puzzleslib)
[01Mar2026 21:48:46.105] [main/DEBUG] [mixin/]: MixinPlatformAgentDefault accepted container SecureJarResource(puzzleslib)
[01Mar2026 21:48:46.105] [main/DEBUG] [mixin/]: Processing prepare() for PlatformAgent[MixinPlatformAgentDefault:SecureJarResource(puzzleslib)]
[01Mar2026 21:48:46.105] [main/DEBUG] [mixin/]: Registering mixin config: puzzleslib.common.mixins.json
[01Mar2026 21:48:46.106] [main/DEBUG] [mixin/]: Registering mixin config: puzzleslib.forge.mixins.json
[01Mar2026 21:48:46.107] [main/DEBUG] [mixin/]: Adding mixin platform agents for container SecureJarResource(responsiveshields)
[01Mar2026 21:48:46.107] [main/DEBUG] [mixin/]: Instancing new MixinPlatformAgentMinecraftForge for SecureJarResource(responsiveshields)
[01Mar2026 21:48:46.107] [main/DEBUG] [mixin/]: MixinPlatformAgentMinecraftForge rejected container SecureJarResource(responsiveshields)
[01Mar2026 21:48:46.107] [main/DEBUG] [mixin/]: Instancing new MixinPlatformAgentDefault for SecureJarResource(responsiveshields)
[01Mar2026 21:48:46.107] [main/DEBUG] [mixin/]: MixinPlatformAgentDefault accepted container SecureJarResource(responsiveshields)
[01Mar2026 21:48:46.107] [main/DEBUG] [mixin/]: Processing prepare() for PlatformAgent[MixinPlatformAgentDefault:SecureJarResource(responsiveshields)]
[01Mar2026 21:48:46.107] [main/DEBUG] [mixin/]: Registering mixin config: responsiveshields.mixin.json
[01Mar2026 21:48:46.108] [main/DEBUG] [mixin/]: Adding mixin platform agents for container SecureJarResource(carbonconfig)
[01Mar2026 21:48:46.108] [main/DEBUG] [mixin/]: Instancing new MixinPlatformAgentMinecraftForge for SecureJarResource(carbonconfig)
[01Mar2026 21:48:46.108] [main/DEBUG] [mixin/]: MixinPlatformAgentMinecraftForge rejected container SecureJarResource(carbonconfig)
[01Mar2026 21:48:46.108] [main/DEBUG] [mixin/]: Instancing new MixinPlatformAgentDefault for SecureJarResource(carbonconfig)
[01Mar2026 21:48:46.108] [main/DEBUG] [mixin/]: MixinPlatformAgentDefault accepted container SecureJarResource(carbonconfig)
[01Mar2026 21:48:46.108] [main/DEBUG] [mixin/]: Processing prepare() for PlatformAgent[MixinPlatformAgentDefault:SecureJarResource(carbonconfig)]
[01Mar2026 21:48:46.108] [main/DEBUG] [mixin/]: Adding mixin platform agents for container SecureJarResource(explosionoverhaul)
[01Mar2026 21:48:46.108] [main/DEBUG] [mixin/]: Instancing new MixinPlatformAgentMinecraftForge for SecureJarResource(explosionoverhaul)
[01Mar2026 21:48:46.108] [main/DEBUG] [mixin/]: MixinPlatformAgentMinecraftForge rejected container SecureJarResource(explosionoverhaul)
[01Mar2026 21:48:46.108] [main/DEBUG] [mixin/]: Instancing new MixinPlatformAgentDefault for SecureJarResource(explosionoverhaul)
[01Mar2026 21:48:46.108] [main/DEBUG] [mixin/]: MixinPlatformAgentDefault accepted container SecureJarResource(explosionoverhaul)
[01Mar2026 21:48:46.108] [main/DEBUG] [mixin/]: Processing prepare() for PlatformAgent[MixinPlatformAgentDefault:SecureJarResource(explosionoverhaul)]
[01Mar2026 21:48:46.108] [main/DEBUG] [mixin/]: Registering mixin config: explosionoverhaul.mixins.json
[01Mar2026 21:48:46.109] [main/DEBUG] [mixin/]: Adding mixin platform agents for container SecureJarResource(geckolib)
[01Mar2026 21:48:46.109] [main/DEBUG] [mixin/]: Instancing new MixinPlatformAgentMinecraftForge for SecureJarResource(geckolib)
[01Mar2026 21:48:46.109] [main/DEBUG] [mixin/]: MixinPlatformAgentMinecraftForge rejected container SecureJarResource(geckolib)
[01Mar2026 21:48:46.109] [main/DEBUG] [mixin/]: Instancing new MixinPlatformAgentDefault for SecureJarResource(geckolib)
[01Mar2026 21:48:46.109] [main/DEBUG] [mixin/]: MixinPlatformAgentDefault accepted container SecureJarResource(geckolib)
[01Mar2026 21:48:46.109] [main/DEBUG] [mixin/]: Processing prepare() for PlatformAgent[MixinPlatformAgentDefault:SecureJarResource(geckolib)]
[01Mar2026 21:48:46.109] [main/DEBUG] [mixin/]: Registering mixin config: geckolib.mixins.json
[01Mar2026 21:48:46.110] [main/DEBUG] [mixin/]: Adding mixin platform agents for container SecureJarResource(incontrol)
[01Mar2026 21:48:46.110] [main/DEBUG] [mixin/]: Instancing new MixinPlatformAgentMinecraftForge for SecureJarResource(incontrol)
[01Mar2026 21:48:46.110] [main/DEBUG] [mixin/]: MixinPlatformAgentMinecraftForge rejected container SecureJarResource(incontrol)
[01Mar2026 21:48:46.110] [main/DEBUG] [mixin/]: Instancing new MixinPlatformAgentDefault for SecureJarResource(incontrol)
[01Mar2026 21:48:46.110] [main/DEBUG] [mixin/]: MixinPlatformAgentDefault accepted container SecureJarResource(incontrol)
[01Mar2026 21:48:46.110] [main/DEBUG] [mixin/]: Processing prepare() for PlatformAgent[MixinPlatformAgentDefault:SecureJarResource(incontrol)]
[01Mar2026 21:48:46.110] [main/DEBUG] [mixin/]: Adding mixin platform agents for container SecureJarResource(dynamiclights)
[01Mar2026 21:48:46.110] [main/DEBUG] [mixin/]: Instancing new MixinPlatformAgentMinecraftForge for SecureJarResource(dynamiclights)
[01Mar2026 21:48:46.110] [main/DEBUG] [mixin/]: MixinPlatformAgentMinecraftForge rejected container SecureJarResource(dynamiclights)
[01Mar2026 21:48:46.110] [main/DEBUG] [mixin/]: Instancing new MixinPlatformAgentDefault for SecureJarResource(dynamiclights)
[01Mar2026 21:48:46.110] [main/DEBUG] [mixin/]: MixinPlatformAgentDefault accepted container SecureJarResource(dynamiclights)
[01Mar2026 21:48:46.110] [main/DEBUG] [mixin/]: Processing prepare() for PlatformAgent[MixinPlatformAgentDefault:SecureJarResource(dynamiclights)]
[01Mar2026 21:48:46.110] [main/DEBUG] [mixin/]: Adding mixin platform agents for container SecureJarResource(immersive_aircraft)
[01Mar2026 21:48:46.110] [main/DEBUG] [mixin/]: Instancing new MixinPlatformAgentMinecraftForge for SecureJarResource(immersive_aircraft)
[01Mar2026 21:48:46.110] [main/DEBUG] [mixin/]: MixinPlatformAgentMinecraftForge rejected container SecureJarResource(immersive_aircraft)
[01Mar2026 21:48:46.110] [main/DEBUG] [mixin/]: Instancing new MixinPlatformAgentDefault for SecureJarResource(immersive_aircraft)
[01Mar2026 21:48:46.110] [main/DEBUG] [mixin/]: MixinPlatformAgentDefault accepted container SecureJarResource(immersive_aircraft)
[01Mar2026 21:48:46.110] [main/DEBUG] [mixin/]: Processing prepare() for PlatformAgent[MixinPlatformAgentDefault:SecureJarResource(immersive_aircraft)]
[01Mar2026 21:48:46.110] [main/DEBUG] [mixin/]: Registering mixin config: immersive_aircraft.mixins.json
[01Mar2026 21:48:46.111] [main/DEBUG] [mixin/]: Adding mixin platform agents for container SecureJarResource(sophisticatedcore)
[01Mar2026 21:48:46.111] [main/DEBUG] [mixin/]: Instancing new MixinPlatformAgentMinecraftForge for SecureJarResource(sophisticatedcore)
[01Mar2026 21:48:46.111] [main/DEBUG] [mixin/]: MixinPlatformAgentMinecraftForge rejected container SecureJarResource(sophisticatedcore)
[01Mar2026 21:48:46.111] [main/DEBUG] [mixin/]: Instancing new MixinPlatformAgentDefault for SecureJarResource(sophisticatedcore)
[01Mar2026 21:48:46.111] [main/DEBUG] [mixin/]: MixinPlatformAgentDefault accepted container SecureJarResource(sophisticatedcore)
[01Mar2026 21:48:46.111] [main/DEBUG] [mixin/]: Processing prepare() for PlatformAgent[MixinPlatformAgentDefault:SecureJarResource(sophisticatedcore)]
[01Mar2026 21:48:46.111] [main/DEBUG] [mixin/]: Registering mixin config: sophisticatedcore.mixins.json
[01Mar2026 21:48:46.112] [main/DEBUG] [mixin/]: Adding mixin platform agents for container SecureJarResource(insanelib)
[01Mar2026 21:48:46.112] [main/DEBUG] [mixin/]: Instancing new MixinPlatformAgentMinecraftForge for SecureJarResource(insanelib)
[01Mar2026 21:48:46.112] [main/DEBUG] [mixin/]: MixinPlatformAgentMinecraftForge rejected container SecureJarResource(insanelib)
[01Mar2026 21:48:46.112] [main/DEBUG] [mixin/]: Instancing new MixinPlatformAgentDefault for SecureJarResource(insanelib)
[01Mar2026 21:48:46.112] [main/DEBUG] [mixin/]: MixinPlatformAgentDefault accepted container SecureJarResource(insanelib)
[01Mar2026 21:48:46.112] [main/DEBUG] [mixin/]: Processing prepare() for PlatformAgent[MixinPlatformAgentDefault:SecureJarResource(insanelib)]
[01Mar2026 21:48:46.112] [main/DEBUG] [mixin/]: Registering mixin config: mixins.insanelib.json
[01Mar2026 21:48:46.112] [main/DEBUG] [mixin/]: Adding mixin platform agents for container SecureJarResource(ritchiesprojectilelib)
[01Mar2026 21:48:46.113] [main/DEBUG] [mixin/]: Instancing new MixinPlatformAgentMinecraftForge for SecureJarResource(ritchiesprojectilelib)
[01Mar2026 21:48:46.113] [main/DEBUG] [mixin/]: MixinPlatformAgentMinecraftForge rejected container SecureJarResource(ritchiesprojectilelib)
[01Mar2026 21:48:46.113] [main/DEBUG] [mixin/]: Instancing new MixinPlatformAgentDefault for SecureJarResource(ritchiesprojectilelib)
[01Mar2026 21:48:46.113] [main/DEBUG] [mixin/]: MixinPlatformAgentDefault accepted container SecureJarResource(ritchiesprojectilelib)
[01Mar2026 21:48:46.113] [main/DEBUG] [mixin/]: Processing prepare() for PlatformAgent[MixinPlatformAgentDefault:SecureJarResource(ritchiesprojectilelib)]
[01Mar2026 21:48:46.113] [main/DEBUG] [mixin/]: Registering mixin config: ritchiesprojectilelib-forge.mixins.json
[01Mar2026 21:48:46.113] [main/DEBUG] [mixin/]: Registering mixin config: ritchiesprojectilelib.mixins.json
[01Mar2026 21:48:46.114] [main/DEBUG] [mixin/]: Adding mixin platform agents for container SecureJarResource(golemsarefriends)
[01Mar2026 21:48:46.114] [main/DEBUG] [mixin/]: Instancing new MixinPlatformAgentMinecraftForge for SecureJarResource(golemsarefriends)
[01Mar2026 21:48:46.114] [main/DEBUG] [mixin/]: MixinPlatformAgentMinecraftForge rejected container SecureJarResource(golemsarefriends)
[01Mar2026 21:48:46.115] [main/DEBUG] [mixin/]: Instancing new MixinPlatformAgentDefault for SecureJarResource(golemsarefriends)
[01Mar2026 21:48:46.115] [main/DEBUG] [mixin/]: MixinPlatformAgentDefault accepted container SecureJarResource(golemsarefriends)
[01Mar2026 21:48:46.115] [main/DEBUG] [mixin/]: Processing prepare() for PlatformAgent[MixinPlatformAgentDefault:SecureJarResource(golemsarefriends)]
[01Mar2026 21:48:46.115] [main/DEBUG] [mixin/]: Registering mixin config: golemsarefriends.mixin.json
[01Mar2026 21:48:46.116] [main/DEBUG] [mixin/]: Adding mixin platform agents for container SecureJarResource(darkness)
[01Mar2026 21:48:46.116] [main/DEBUG] [mixin/]: Instancing new MixinPlatformAgentMinecraftForge for SecureJarResource(darkness)
[01Mar2026 21:48:46.116] [main/DEBUG] [mixin/]: MixinPlatformAgentMinecraftForge rejected container SecureJarResource(darkness)
[01Mar2026 21:48:46.116] [main/DEBUG] [mixin/]: Instancing new MixinPlatformAgentDefault for SecureJarResource(darkness)
[01Mar2026 21:48:46.116] [main/DEBUG] [mixin/]: MixinPlatformAgentDefault accepted container SecureJarResource(darkness)
[01Mar2026 21:48:46.116] [main/DEBUG] [mixin/]: Processing prepare() for PlatformAgent[MixinPlatformAgentDefault:SecureJarResource(darkness)]
[01Mar2026 21:48:46.116] [main/DEBUG] [mixin/]: Registering mixin config: darkness.client.json
[01Mar2026 21:48:46.117] [main/DEBUG] [mixin/]: Adding mixin platform agents for container SecureJarResource(configurableextramobdrops)
[01Mar2026 21:48:46.117] [main/DEBUG] [mixin/]: Instancing new MixinPlatformAgentMinecraftForge for SecureJarResource(configurableextramobdrops)
[01Mar2026 21:48:46.117] [main/DEBUG] [mixin/]: MixinPlatformAgentMinecraftForge rejected container SecureJarResource(configurableextramobdrops)
[01Mar2026 21:48:46.117] [main/DEBUG] [mixin/]: Instancing new MixinPlatformAgentDefault for SecureJarResource(configurableextramobdrops)
[01Mar2026 21:48:46.117] [main/DEBUG] [mixin/]: MixinPlatformAgentDefault accepted container SecureJarResource(configurableextramobdrops)
[01Mar2026 21:48:46.117] [main/DEBUG] [mixin/]: Processing prepare() for PlatformAgent[MixinPlatformAgentDefault:SecureJarResource(configurableextramobdrops)]
[01Mar2026 21:48:46.117] [main/DEBUG] [mixin/]: Registering mixin config: configurableextramobdrops_forge.mixins.json
[01Mar2026 21:48:46.118] [main/DEBUG] [mixin/]: Adding mixin platform agents for container SecureJarResource(enhancedvisuals)
[01Mar2026 21:48:46.118] [main/DEBUG] [mixin/]: Instancing new MixinPlatformAgentMinecraftForge for SecureJarResource(enhancedvisuals)
[01Mar2026 21:48:46.118] [main/DEBUG] [mixin/]: MixinPlatformAgentMinecraftForge rejected container SecureJarResource(enhancedvisuals)
[01Mar2026 21:48:46.118] [main/DEBUG] [mixin/]: Instancing new MixinPlatformAgentDefault for SecureJarResource(enhancedvisuals)
[01Mar2026 21:48:46.118] [main/DEBUG] [mixin/]: MixinPlatformAgentDefault accepted container SecureJarResource(enhancedvisuals)
[01Mar2026 21:48:46.118] [main/DEBUG] [mixin/]: Processing prepare() for PlatformAgent[MixinPlatformAgentDefault:SecureJarResource(enhancedvisuals)]
[01Mar2026 21:48:46.118] [main/DEBUG] [mixin/]: Registering mixin config: enhancedvisuals.mixins.json
[01Mar2026 21:48:46.120] [main/DEBUG] [mixin/]: Adding mixin platform agents for container SecureJarResource(controlling)
[01Mar2026 21:48:46.120] [main/DEBUG] [mixin/]: Instancing new MixinPlatformAgentMinecraftForge for SecureJarResource(controlling)
[01Mar2026 21:48:46.120] [main/DEBUG] [mixin/]: MixinPlatformAgentMinecraftForge rejected container SecureJarResource(controlling)
[01Mar2026 21:48:46.120] [main/DEBUG] [mixin/]: Instancing new MixinPlatformAgentDefault for SecureJarResource(controlling)
[01Mar2026 21:48:46.120] [main/DEBUG] [mixin/]: MixinPlatformAgentDefault accepted container SecureJarResource(controlling)
[01Mar2026 21:48:46.120] [main/DEBUG] [mixin/]: Processing prepare() for PlatformAgent[MixinPlatformAgentDefault:SecureJarResource(controlling)]
[01Mar2026 21:48:46.120] [main/DEBUG] [mixin/]: Registering mixin config: controlling.mixins.json
[01Mar2026 21:48:46.121] [main/DEBUG] [mixin/]: Registering mixin config: controlling.forge.mixins.json
[01Mar2026 21:48:46.122] [main/DEBUG] [mixin/]: Adding mixin platform agents for container SecureJarResource(placebo)
[01Mar2026 21:48:46.122] [main/DEBUG] [mixin/]: Instancing new MixinPlatformAgentMinecraftForge for SecureJarResource(placebo)
[01Mar2026 21:48:46.122] [main/DEBUG] [mixin/]: MixinPlatformAgentMinecraftForge rejected container SecureJarResource(placebo)
[01Mar2026 21:48:46.122] [main/DEBUG] [mixin/]: Instancing new MixinPlatformAgentDefault for SecureJarResource(placebo)
[01Mar2026 21:48:46.122] [main/DEBUG] [mixin/]: MixinPlatformAgentDefault accepted container SecureJarResource(placebo)
[01Mar2026 21:48:46.122] [main/DEBUG] [mixin/]: Processing prepare() for PlatformAgent[MixinPlatformAgentDefault:SecureJarResource(placebo)]
[01Mar2026 21:48:46.122] [main/DEBUG] [mixin/]: Registering mixin config: placebo.mixins.json
[01Mar2026 21:48:46.123] [main/DEBUG] [mixin/]: Adding mixin platform agents for container SecureJarResource(citadel)
[01Mar2026 21:48:46.123] [main/DEBUG] [mixin/]: Instancing new MixinPlatformAgentMinecraftForge for SecureJarResource(citadel)
[01Mar2026 21:48:46.123] [main/DEBUG] [mixin/]: MixinPlatformAgentMinecraftForge rejected container SecureJarResource(citadel)
[01Mar2026 21:48:46.123] [main/DEBUG] [mixin/]: Instancing new MixinPlatformAgentDefault for SecureJarResource(citadel)
[01Mar2026 21:48:46.123] [main/DEBUG] [mixin/]: MixinPlatformAgentDefault accepted container SecureJarResource(citadel)
[01Mar2026 21:48:46.123] [main/DEBUG] [mixin/]: Processing prepare() for PlatformAgent[MixinPlatformAgentDefault:SecureJarResource(citadel)]
[01Mar2026 21:48:46.123] [main/DEBUG] [mixin/]: Registering mixin config: citadel.mixins.json
[01Mar2026 21:48:46.124] [main/DEBUG] [mixin/]: Adding mixin platform agents for container SecureJarResource(alexsmobs)
[01Mar2026 21:48:46.124] [main/DEBUG] [mixin/]: Instancing new MixinPlatformAgentMinecraftForge for SecureJarResource(alexsmobs)
[01Mar2026 21:48:46.124] [main/DEBUG] [mixin/]: MixinPlatformAgentMinecraftForge rejected container SecureJarResource(alexsmobs)
[01Mar2026 21:48:46.124] [main/DEBUG] [mixin/]: Instancing new MixinPlatformAgentDefault for SecureJarResource(alexsmobs)
[01Mar2026 21:48:46.124] [main/DEBUG] [mixin/]: MixinPlatformAgentDefault accepted container SecureJarResource(alexsmobs)
[01Mar2026 21:48:46.124] [main/DEBUG] [mixin/]: Processing prepare() for PlatformAgent[MixinPlatformAgentDefault:SecureJarResource(alexsmobs)]
[01Mar2026 21:48:46.124] [main/DEBUG] [mixin/]: Registering mixin config: citadel.mixins.json
[01Mar2026 21:48:46.124] [main/DEBUG] [mixin/]: Adding mixin platform agents for container SecureJarResource(zombieawareness)
[01Mar2026 21:48:46.124] [main/DEBUG] [mixin/]: Instancing new MixinPlatformAgentMinecraftForge for SecureJarResource(zombieawareness)
[01Mar2026 21:48:46.124] [main/DEBUG] [mixin/]: MixinPlatformAgentMinecraftForge rejected container SecureJarResource(zombieawareness)
[01Mar2026 21:48:46.124] [main/DEBUG] [mixin/]: Instancing new MixinPlatformAgentDefault for SecureJarResource(zombieawareness)
[01Mar2026 21:48:46.124] [main/DEBUG] [mixin/]: MixinPlatformAgentDefault accepted container SecureJarResource(zombieawareness)
[01Mar2026 21:48:46.124] [main/DEBUG] [mixin/]: Processing prepare() for PlatformAgent[MixinPlatformAgentDefault:SecureJarResource(zombieawareness)]
[01Mar2026 21:48:46.124] [main/DEBUG] [mixin/]: Registering mixin config: zombieawareness.mixins.json
[01Mar2026 21:48:46.126] [main/DEBUG] [mixin/]: Adding mixin platform agents for container SecureJarResource(bookshelf)
[01Mar2026 21:48:46.127] [main/DEBUG] [mixin/]: Instancing new MixinPlatformAgentMinecraftForge for SecureJarResource(bookshelf)
[01Mar2026 21:48:46.127] [main/DEBUG] [mixin/]: MixinPlatformAgentMinecraftForge rejected container SecureJarResource(bookshelf)
[01Mar2026 21:48:46.127] [main/DEBUG] [mixin/]: Instancing new MixinPlatformAgentDefault for SecureJarResource(bookshelf)
[01Mar2026 21:48:46.127] [main/DEBUG] [mixin/]: MixinPlatformAgentDefault accepted container SecureJarResource(bookshelf)
[01Mar2026 21:48:46.127] [main/DEBUG] [mixin/]: Processing prepare() for PlatformAgent[MixinPlatformAgentDefault:SecureJarResource(bookshelf)]
[01Mar2026 21:48:46.127] [main/DEBUG] [mixin/]: Registering mixin config: bookshelf.common.mixins.json
[01Mar2026 21:48:46.128] [main/DEBUG] [mixin/]: Registering mixin config: bookshelf.forge.mixins.json
[01Mar2026 21:48:46.129] [main/DEBUG] [mixin/]: Adding mixin platform agents for container SecureJarResource(sophisticatedbackpacks)
[01Mar2026 21:48:46.129] [main/DEBUG] [mixin/]: Instancing new MixinPlatformAgentMinecraftForge for SecureJarResource(sophisticatedbackpacks)
[01Mar2026 21:48:46.129] [main/DEBUG] [mixin/]: MixinPlatformAgentMinecraftForge rejected container SecureJarResource(sophisticatedbackpacks)
[01Mar2026 21:48:46.129] [main/DEBUG] [mixin/]: Instancing new MixinPlatformAgentDefault for SecureJarResource(sophisticatedbackpacks)
[01Mar2026 21:48:46.129] [main/DEBUG] [mixin/]: MixinPlatformAgentDefault accepted container SecureJarResource(sophisticatedbackpacks)
[01Mar2026 21:48:46.129] [main/DEBUG] [mixin/]: Processing prepare() for PlatformAgent[MixinPlatformAgentDefault:SecureJarResource(sophisticatedbackpacks)]
[01Mar2026 21:48:46.129] [main/DEBUG] [mixin/]: Adding mixin platform agents for container SecureJarResource(uteamcore)
[01Mar2026 21:48:46.129] [main/DEBUG] [mixin/]: Instancing new MixinPlatformAgentMinecraftForge for SecureJarResource(uteamcore)
[01Mar2026 21:48:46.129] [main/DEBUG] [mixin/]: MixinPlatformAgentMinecraftForge rejected container SecureJarResource(uteamcore)
[01Mar2026 21:48:46.129] [main/DEBUG] [mixin/]: Instancing new MixinPlatformAgentDefault for SecureJarResource(uteamcore)
[01Mar2026 21:48:46.129] [main/DEBUG] [mixin/]: MixinPlatformAgentDefault accepted container SecureJarResource(uteamcore)
[01Mar2026 21:48:46.129] [main/DEBUG] [mixin/]: Processing prepare() for PlatformAgent[MixinPlatformAgentDefault:SecureJarResource(uteamcore)]
[01Mar2026 21:48:46.129] [main/DEBUG] [mixin/]: Registering mixin config: uteamcore.mixins.json
[01Mar2026 21:48:46.130] [main/DEBUG] [mixin/]: Adding mixin platform agents for container SecureJarResource(mcwdoors)
[01Mar2026 21:48:46.130] [main/DEBUG] [mixin/]: Instancing new MixinPlatformAgentMinecraftForge for SecureJarResource(mcwdoors)
[01Mar2026 21:48:46.130] [main/DEBUG] [mixin/]: MixinPlatformAgentMinecraftForge rejected container SecureJarResource(mcwdoors)
[01Mar2026 21:48:46.130] [main/DEBUG] [mixin/]: Instancing new MixinPlatformAgentDefault for SecureJarResource(mcwdoors)
[01Mar2026 21:48:46.130] [main/DEBUG] [mixin/]: MixinPlatformAgentDefault accepted container SecureJarResource(mcwdoors)
[01Mar2026 21:48:46.130] [main/DEBUG] [mixin/]: Processing prepare() for PlatformAgent[MixinPlatformAgentDefault:SecureJarResource(mcwdoors)]
[01Mar2026 21:48:46.130] [main/DEBUG] [mixin/]: Adding mixin platform agents for container SecureJarResource(superbwarfare)
[01Mar2026 21:48:46.130] [main/DEBUG] [mixin/]: Instancing new MixinPlatformAgentMinecraftForge for SecureJarResource(superbwarfare)
[01Mar2026 21:48:46.130] [main/DEBUG] [mixin/]: MixinPlatformAgentMinecraftForge rejected container SecureJarResource(superbwarfare)
[01Mar2026 21:48:46.130] [main/DEBUG] [mixin/]: Instancing new MixinPlatformAgentDefault for SecureJarResource(superbwarfare)
[01Mar2026 21:48:46.130] [main/DEBUG] [mixin/]: MixinPlatformAgentDefault accepted container SecureJarResource(superbwarfare)
[01Mar2026 21:48:46.130] [main/DEBUG] [mixin/]: Processing prepare() for PlatformAgent[MixinPlatformAgentDefault:SecureJarResource(superbwarfare)]
[01Mar2026 21:48:46.130] [main/DEBUG] [mixin/]: Registering mixin config: mixins.superbwarfare.json
[01Mar2026 21:48:46.131] [main/DEBUG] [mixin/]: Adding mixin platform agents for container SecureJarResource(railways)
[01Mar2026 21:48:46.131] [main/DEBUG] [mixin/]: Instancing new MixinPlatformAgentMinecraftForge for SecureJarResource(railways)
[01Mar2026 21:48:46.131] [main/DEBUG] [mixin/]: MixinPlatformAgentMinecraftForge rejected container SecureJarResource(railways)
[01Mar2026 21:48:46.131] [main/DEBUG] [mixin/]: Instancing new MixinPlatformAgentDefault for SecureJarResource(railways)
[01Mar2026 21:48:46.131] [main/DEBUG] [mixin/]: MixinPlatformAgentDefault accepted container SecureJarResource(railways)
[01Mar2026 21:48:46.131] [main/DEBUG] [mixin/]: Processing prepare() for PlatformAgent[MixinPlatformAgentDefault:SecureJarResource(railways)]
[01Mar2026 21:48:46.131] [main/DEBUG] [mixin/]: Registering mixin config: railways-common.mixins.json
[01Mar2026 21:48:46.132] [main/DEBUG] [mixin/]: Registering mixin config: railways.mixins.json
[01Mar2026 21:48:46.133] [main/DEBUG] [mixin/]: Adding mixin platform agents for container SecureJarResource(warborn)
[01Mar2026 21:48:46.133] [main/DEBUG] [mixin/]: Instancing new MixinPlatformAgentMinecraftForge for SecureJarResource(warborn)
[01Mar2026 21:48:46.133] [main/DEBUG] [mixin/]: MixinPlatformAgentMinecraftForge rejected container SecureJarResource(warborn)
[01Mar2026 21:48:46.133] [main/DEBUG] [mixin/]: Instancing new MixinPlatformAgentDefault for SecureJarResource(warborn)
[01Mar2026 21:48:46.133] [main/DEBUG] [mixin/]: MixinPlatformAgentDefault accepted container SecureJarResource(warborn)
[01Mar2026 21:48:46.133] [main/DEBUG] [mixin/]: Processing prepare() for PlatformAgent[MixinPlatformAgentDefault:SecureJarResource(warborn)]
[01Mar2026 21:48:46.133] [main/DEBUG] [mixin/]: Registering mixin config: warborn.mixins.json
[01Mar2026 21:48:46.134] [main/DEBUG] [mixin/]: Adding mixin platform agents for container SecureJarResource(warborn_recipes)
[01Mar2026 21:48:46.134] [main/DEBUG] [mixin/]: Instancing new MixinPlatformAgentMinecraftForge for SecureJarResource(warborn_recipes)
[01Mar2026 21:48:46.134] [main/DEBUG] [mixin/]: MixinPlatformAgentMinecraftForge rejected container SecureJarResource(warborn_recipes)
[01Mar2026 21:48:46.134] [main/DEBUG] [mixin/]: Instancing new MixinPlatformAgentDefault for SecureJarResource(warborn_recipes)
[01Mar2026 21:48:46.134] [main/DEBUG] [mixin/]: MixinPlatformAgentDefault accepted container SecureJarResource(warborn_recipes)
[01Mar2026 21:48:46.134] [main/DEBUG] [mixin/]: Processing prepare() for PlatformAgent[MixinPlatformAgentDefault:SecureJarResource(warborn_recipes)]
[01Mar2026 21:48:46.134] [main/DEBUG] [mixin/]: Registering mixin config: warborn_recipes.mixins.json
[01Mar2026 21:48:46.134] [main/DEBUG] [mixin/]: Compatibility level JAVA_8 specified by warborn_recipes.mixins.json is lower than the default level supported by the current mixin service (JAVA_16).
[01Mar2026 21:48:46.134] [main/DEBUG] [mixin/]: Adding mixin platform agents for container SecureJarResource(doomsday_translations)
[01Mar2026 21:48:46.135] [main/DEBUG] [mixin/]: Instancing new MixinPlatformAgentMinecraftForge for SecureJarResource(doomsday_translations)
[01Mar2026 21:48:46.135] [main/DEBUG] [mixin/]: MixinPlatformAgentMinecraftForge rejected container SecureJarResource(doomsday_translations)
[01Mar2026 21:48:46.135] [main/DEBUG] [mixin/]: Instancing new MixinPlatformAgentDefault for SecureJarResource(doomsday_translations)
[01Mar2026 21:48:46.135] [main/DEBUG] [mixin/]: MixinPlatformAgentDefault accepted container SecureJarResource(doomsday_translations)
[01Mar2026 21:48:46.135] [main/DEBUG] [mixin/]: Processing prepare() for PlatformAgent[MixinPlatformAgentDefault:SecureJarResource(doomsday_translations)]
[01Mar2026 21:48:46.135] [main/DEBUG] [mixin/]: Adding mixin platform agents for container SecureJarResource(carryon)
[01Mar2026 21:48:46.135] [main/DEBUG] [mixin/]: Instancing new MixinPlatformAgentMinecraftForge for SecureJarResource(carryon)
[01Mar2026 21:48:46.135] [main/DEBUG] [mixin/]: MixinPlatformAgentMinecraftForge rejected container SecureJarResource(carryon)
[01Mar2026 21:48:46.135] [main/DEBUG] [mixin/]: Instancing new MixinPlatformAgentDefault for SecureJarResource(carryon)
[01Mar2026 21:48:46.135] [main/DEBUG] [mixin/]: MixinPlatformAgentDefault accepted container SecureJarResource(carryon)
[01Mar2026 21:48:46.135] [main/DEBUG] [mixin/]: Processing prepare() for PlatformAgent[MixinPlatformAgentDefault:SecureJarResource(carryon)]
[01Mar2026 21:48:46.135] [main/DEBUG] [mixin/]: Registering mixin config: carryon.mixins.json
[01Mar2026 21:48:46.136] [main/DEBUG] [mixin/]: Registering mixin config: carryon.forge.mixins.json
[01Mar2026 21:48:46.137] [main/DEBUG] [mixin/]: Adding mixin platform agents for container SecureJarResource(melody)
[01Mar2026 21:48:46.137] [main/DEBUG] [mixin/]: Instancing new MixinPlatformAgentMinecraftForge for SecureJarResource(melody)
[01Mar2026 21:48:46.137] [main/DEBUG] [mixin/]: MixinPlatformAgentMinecraftForge rejected container SecureJarResource(melody)
[01Mar2026 21:48:46.137] [main/DEBUG] [mixin/]: Instancing new MixinPlatformAgentDefault for SecureJarResource(melody)
[01Mar2026 21:48:46.137] [main/DEBUG] [mixin/]: MixinPlatformAgentDefault accepted container SecureJarResource(melody)
[01Mar2026 21:48:46.137] [main/DEBUG] [mixin/]: Processing prepare() for PlatformAgent[MixinPlatformAgentDefault:SecureJarResource(melody)]
[01Mar2026 21:48:46.137] [main/DEBUG] [mixin/]: Registering mixin config: melody.mixins.json
[01Mar2026 21:48:46.139] [main/DEBUG] [mixin/]: Registering mixin config: melody.forge.mixins.json
[01Mar2026 21:48:46.140] [main/DEBUG] [mixin/]: Adding mixin platform agents for container SecureJarResource(dummmmmmy)
[01Mar2026 21:48:46.140] [main/DEBUG] [mixin/]: Instancing new MixinPlatformAgentMinecraftForge for SecureJarResource(dummmmmmy)
[01Mar2026 21:48:46.140] [main/DEBUG] [mixin/]: MixinPlatformAgentMinecraftForge rejected container SecureJarResource(dummmmmmy)
[01Mar2026 21:48:46.140] [main/DEBUG] [mixin/]: Instancing new MixinPlatformAgentDefault for SecureJarResource(dummmmmmy)
[01Mar2026 21:48:46.140] [main/DEBUG] [mixin/]: MixinPlatformAgentDefault accepted container SecureJarResource(dummmmmmy)
[01Mar2026 21:48:46.140] [main/DEBUG] [mixin/]: Processing prepare() for PlatformAgent[MixinPlatformAgentDefault:SecureJarResource(dummmmmmy)]
[01Mar2026 21:48:46.140] [main/DEBUG] [mixin/]: Registering mixin config: dummmmmmy-common.mixins.json
[01Mar2026 21:48:46.141] [main/DEBUG] [mixin/]: Registering mixin config: dummmmmmy.mixins.json
[01Mar2026 21:48:46.142] [main/DEBUG] [mixin/]: Compatibility level JAVA_16 specified by dummmmmmy.mixins.json is higher than the maximum level supported by this version of mixin (JAVA_13).
[01Mar2026 21:48:46.142] [main/DEBUG] [mixin/]: Adding mixin platform agents for container SecureJarResource(konkrete)
[01Mar2026 21:48:46.142] [main/DEBUG] [mixin/]: Instancing new MixinPlatformAgentMinecraftForge for SecureJarResource(konkrete)
[01Mar2026 21:48:46.142] [main/DEBUG] [mixin/]: MixinPlatformAgentMinecraftForge rejected container SecureJarResource(konkrete)
[01Mar2026 21:48:46.142] [main/DEBUG] [mixin/]: Instancing new MixinPlatformAgentDefault for SecureJarResource(konkrete)
[01Mar2026 21:48:46.142] [main/DEBUG] [mixin/]: MixinPlatformAgentDefault accepted container SecureJarResource(konkrete)
[01Mar2026 21:48:46.142] [main/DEBUG] [mixin/]: Processing prepare() for PlatformAgent[MixinPlatformAgentDefault:SecureJarResource(konkrete)]
[01Mar2026 21:48:46.142] [main/DEBUG] [mixin/]: Registering mixin config: konkrete.mixin.json
[01Mar2026 21:48:46.143] [main/DEBUG] [mixin/]: Adding mixin platform agents for container SecureJarResource(daffas_arsenal)
[01Mar2026 21:48:46.143] [main/DEBUG] [mixin/]: Instancing new MixinPlatformAgentMinecraftForge for SecureJarResource(daffas_arsenal)
[01Mar2026 21:48:46.143] [main/DEBUG] [mixin/]: MixinPlatformAgentMinecraftForge rejected container SecureJarResource(daffas_arsenal)
[01Mar2026 21:48:46.143] [main/DEBUG] [mixin/]: Instancing new MixinPlatformAgentDefault for SecureJarResource(daffas_arsenal)
[01Mar2026 21:48:46.143] [main/DEBUG] [mixin/]: MixinPlatformAgentDefault accepted container SecureJarResource(daffas_arsenal)
[01Mar2026 21:48:46.143] [main/DEBUG] [mixin/]: Processing prepare() for PlatformAgent[MixinPlatformAgentDefault:SecureJarResource(daffas_arsenal)]
[01Mar2026 21:48:46.143] [main/DEBUG] [mixin/]: Adding mixin platform agents for container SecureJarResource(mcwbridges)
[01Mar2026 21:48:46.143] [main/DEBUG] [mixin/]: Instancing new MixinPlatformAgentMinecraftForge for SecureJarResource(mcwbridges)
[01Mar2026 21:48:46.143] [main/DEBUG] [mixin/]: MixinPlatformAgentMinecraftForge rejected container SecureJarResource(mcwbridges)
[01Mar2026 21:48:46.143] [main/DEBUG] [mixin/]: Instancing new MixinPlatformAgentDefault for SecureJarResource(mcwbridges)
[01Mar2026 21:48:46.143] [main/DEBUG] [mixin/]: MixinPlatformAgentDefault accepted container SecureJarResource(mcwbridges)
[01Mar2026 21:48:46.143] [main/DEBUG] [mixin/]: Processing prepare() for PlatformAgent[MixinPlatformAgentDefault:SecureJarResource(mcwbridges)]
[01Mar2026 21:48:46.143] [main/DEBUG] [mixin/]: Adding mixin platform agents for container SecureJarResource(farmersdelight)
[01Mar2026 21:48:46.143] [main/DEBUG] [mixin/]: Instancing new MixinPlatformAgentMinecraftForge for SecureJarResource(farmersdelight)
[01Mar2026 21:48:46.143] [main/DEBUG] [mixin/]: MixinPlatformAgentMinecraftForge rejected container SecureJarResource(farmersdelight)
[01Mar2026 21:48:46.143] [main/DEBUG] [mixin/]: Instancing new MixinPlatformAgentDefault for SecureJarResource(farmersdelight)
[01Mar2026 21:48:46.143] [main/DEBUG] [mixin/]: MixinPlatformAgentDefault accepted container SecureJarResource(farmersdelight)
[01Mar2026 21:48:46.143] [main/DEBUG] [mixin/]: Processing prepare() for PlatformAgent[MixinPlatformAgentDefault:SecureJarResource(farmersdelight)]
[01Mar2026 21:48:46.143] [main/DEBUG] [mixin/]: Registering mixin config: farmersdelight.mixins.json
[01Mar2026 21:48:46.144] [main/DEBUG] [mixin/]: Adding mixin platform agents for container SecureJarResource(farmers_croptopia)
[01Mar2026 21:48:46.144] [main/DEBUG] [mixin/]: Instancing new MixinPlatformAgentMinecraftForge for SecureJarResource(farmers_croptopia)
[01Mar2026 21:48:46.144] [main/DEBUG] [mixin/]: MixinPlatformAgentMinecraftForge rejected container SecureJarResource(farmers_croptopia)
[01Mar2026 21:48:46.144] [main/DEBUG] [mixin/]: Instancing new MixinPlatformAgentDefault for SecureJarResource(farmers_croptopia)
[01Mar2026 21:48:46.144] [main/DEBUG] [mixin/]: MixinPlatformAgentDefault accepted container SecureJarResource(farmers_croptopia)
[01Mar2026 21:48:46.144] [main/DEBUG] [mixin/]: Processing prepare() for PlatformAgent[MixinPlatformAgentDefault:SecureJarResource(farmers_croptopia)]
[01Mar2026 21:48:46.144] [main/DEBUG] [mixin/]: Adding mixin platform agents for container SecureJarResource(largemeals)
[01Mar2026 21:48:46.144] [main/DEBUG] [mixin/]: Instancing new MixinPlatformAgentMinecraftForge for SecureJarResource(largemeals)
[01Mar2026 21:48:46.144] [main/DEBUG] [mixin/]: MixinPlatformAgentMinecraftForge rejected container SecureJarResource(largemeals)
[01Mar2026 21:48:46.144] [main/DEBUG] [mixin/]: Instancing new MixinPlatformAgentDefault for SecureJarResource(largemeals)
[01Mar2026 21:48:46.144] [main/DEBUG] [mixin/]: MixinPlatformAgentDefault accepted container SecureJarResource(largemeals)
[01Mar2026 21:48:46.144] [main/DEBUG] [mixin/]: Processing prepare() for PlatformAgent[MixinPlatformAgentDefault:SecureJarResource(largemeals)]
[01Mar2026 21:48:46.144] [main/DEBUG] [mixin/]: Adding mixin platform agents for container SecureJarResource(entity_model_features)
[01Mar2026 21:48:46.144] [main/DEBUG] [mixin/]: Instancing new MixinPlatformAgentMinecraftForge for SecureJarResource(entity_model_features)
[01Mar2026 21:48:46.144] [main/DEBUG] [mixin/]: MixinPlatformAgentMinecraftForge rejected container SecureJarResource(entity_model_features)
[01Mar2026 21:48:46.144] [main/DEBUG] [mixin/]: Instancing new MixinPlatformAgentDefault for SecureJarResource(entity_model_features)
[01Mar2026 21:48:46.144] [main/DEBUG] [mixin/]: MixinPlatformAgentDefault accepted container SecureJarResource(entity_model_features)
[01Mar2026 21:48:46.144] [main/DEBUG] [mixin/]: Processing prepare() for PlatformAgent[MixinPlatformAgentDefault:SecureJarResource(entity_model_features)]
[01Mar2026 21:48:46.144] [main/DEBUG] [mixin/]: Registering mixin config: entity_model_features.mixins.json
[01Mar2026 21:48:46.144] [main/DEBUG] [mixin/]: Adding mixin platform agents for container SecureJarResource(mtsofficialpack)
[01Mar2026 21:48:46.144] [main/DEBUG] [mixin/]: Instancing new MixinPlatformAgentMinecraftForge for SecureJarResource(mtsofficialpack)
[01Mar2026 21:48:46.144] [main/DEBUG] [mixin/]: MixinPlatformAgentMinecraftForge rejected container SecureJarResource(mtsofficialpack)
[01Mar2026 21:48:46.144] [main/DEBUG] [mixin/]: Instancing new MixinPlatformAgentDefault for SecureJarResource(mtsofficialpack)
[01Mar2026 21:48:46.144] [main/DEBUG] [mixin/]: MixinPlatformAgentDefault accepted container SecureJarResource(mtsofficialpack)
[01Mar2026 21:48:46.144] [main/DEBUG] [mixin/]: Processing prepare() for PlatformAgent[MixinPlatformAgentDefault:SecureJarResource(mtsofficialpack)]
[01Mar2026 21:48:46.144] [main/DEBUG] [mixin/]: Adding mixin platform agents for container SecureJarResource(entity_texture_features)
[01Mar2026 21:48:46.144] [main/DEBUG] [mixin/]: Instancing new MixinPlatformAgentMinecraftForge for SecureJarResource(entity_texture_features)
[01Mar2026 21:48:46.144] [main/DEBUG] [mixin/]: MixinPlatformAgentMinecraftForge rejected container SecureJarResource(entity_texture_features)
[01Mar2026 21:48:46.144] [main/DEBUG] [mixin/]: Instancing new MixinPlatformAgentDefault for SecureJarResource(entity_texture_features)
[01Mar2026 21:48:46.144] [main/DEBUG] [mixin/]: MixinPlatformAgentDefault accepted container SecureJarResource(entity_texture_features)
[01Mar2026 21:48:46.144] [main/DEBUG] [mixin/]: Processing prepare() for PlatformAgent[MixinPlatformAgentDefault:SecureJarResource(entity_texture_features)]
[01Mar2026 21:48:46.144] [main/DEBUG] [mixin/]: Registering mixin config: entity_texture_features.mixins.json
[01Mar2026 21:48:46.146] [main/DEBUG] [mixin/]: Compatibility level JAVA_16 specified by entity_texture_features.mixins.json is higher than the maximum level supported by this version of mixin (JAVA_13).
[01Mar2026 21:48:46.146] [main/DEBUG] [mixin/]: Adding mixin platform agents for container SecureJarResource(dustrial_decor)
[01Mar2026 21:48:46.146] [main/DEBUG] [mixin/]: Instancing new MixinPlatformAgentMinecraftForge for SecureJarResource(dustrial_decor)
[01Mar2026 21:48:46.146] [main/DEBUG] [mixin/]: MixinPlatformAgentMinecraftForge rejected container SecureJarResource(dustrial_decor)
[01Mar2026 21:48:46.146] [main/DEBUG] [mixin/]: Instancing new MixinPlatformAgentDefault for SecureJarResource(dustrial_decor)
[01Mar2026 21:48:46.146] [main/DEBUG] [mixin/]: MixinPlatformAgentDefault accepted container SecureJarResource(dustrial_decor)
[01Mar2026 21:48:46.146] [main/DEBUG] [mixin/]: Processing prepare() for PlatformAgent[MixinPlatformAgentDefault:SecureJarResource(dustrial_decor)]
[01Mar2026 21:48:46.146] [main/DEBUG] [mixin/]: Adding mixin platform agents for container SecureJarResource(ambientsounds)
[01Mar2026 21:48:46.146] [main/DEBUG] [mixin/]: Instancing new MixinPlatformAgentMinecraftForge for SecureJarResource(ambientsounds)
[01Mar2026 21:48:46.146] [main/DEBUG] [mixin/]: MixinPlatformAgentMinecraftForge rejected container SecureJarResource(ambientsounds)
[01Mar2026 21:48:46.146] [main/DEBUG] [mixin/]: Instancing new MixinPlatformAgentDefault for SecureJarResource(ambientsounds)
[01Mar2026 21:48:46.146] [main/DEBUG] [mixin/]: MixinPlatformAgentDefault accepted container SecureJarResource(ambientsounds)
[01Mar2026 21:48:46.146] [main/DEBUG] [mixin/]: Processing prepare() for PlatformAgent[MixinPlatformAgentDefault:SecureJarResource(ambientsounds)]
[01Mar2026 21:48:46.146] [main/DEBUG] [mixin/]: Registering mixin config: ambientsounds.mixins.json
[01Mar2026 21:48:46.147] [main/DEBUG] [mixin/]: Adding mixin platform agents for container SecureJarResource(crashutilities)
[01Mar2026 21:48:46.147] [main/DEBUG] [mixin/]: Instancing new MixinPlatformAgentMinecraftForge for SecureJarResource(crashutilities)
[01Mar2026 21:48:46.147] [main/DEBUG] [mixin/]: MixinPlatformAgentMinecraftForge rejected container SecureJarResource(crashutilities)
[01Mar2026 21:48:46.147] [main/DEBUG] [mixin/]: Instancing new MixinPlatformAgentDefault for SecureJarResource(crashutilities)
[01Mar2026 21:48:46.147] [main/DEBUG] [mixin/]: MixinPlatformAgentDefault accepted container SecureJarResource(crashutilities)
[01Mar2026 21:48:46.147] [main/DEBUG] [mixin/]: Processing prepare() for PlatformAgent[MixinPlatformAgentDefault:SecureJarResource(crashutilities)]
[01Mar2026 21:48:46.147] [main/DEBUG] [mixin/]: Adding mixin platform agents for container SecureJarResource(simpleshops)
[01Mar2026 21:48:46.147] [main/DEBUG] [mixin/]: Instancing new MixinPlatformAgentMinecraftForge for SecureJarResource(simpleshops)
[01Mar2026 21:48:46.147] [main/DEBUG] [mixin/]: MixinPlatformAgentMinecraftForge rejected container SecureJarResource(simpleshops)
[01Mar2026 21:48:46.147] [main/DEBUG] [mixin/]: Instancing new MixinPlatformAgentDefault for SecureJarResource(simpleshops)
[01Mar2026 21:48:46.147] [main/DEBUG] [mixin/]: MixinPlatformAgentDefault accepted container SecureJarResource(simpleshops)
[01Mar2026 21:48:46.147] [main/DEBUG] [mixin/]: Processing prepare() for PlatformAgent[MixinPlatformAgentDefault:SecureJarResource(simpleshops)]
[01Mar2026 21:48:46.147] [main/DEBUG] [mixin/]: Adding mixin platform agents for container SecureJarResource(projectvibrantjourneys)
[01Mar2026 21:48:46.147] [main/DEBUG] [mixin/]: Instancing new MixinPlatformAgentMinecraftForge for SecureJarResource(projectvibrantjourneys)
[01Mar2026 21:48:46.147] [main/DEBUG] [mixin/]: MixinPlatformAgentMinecraftForge rejected container SecureJarResource(projectvibrantjourneys)
[01Mar2026 21:48:46.147] [main/DEBUG] [mixin/]: Instancing new MixinPlatformAgentDefault for SecureJarResource(projectvibrantjourneys)
[01Mar2026 21:48:46.147] [main/DEBUG] [mixin/]: MixinPlatformAgentDefault accepted container SecureJarResource(projectvibrantjourneys)
[01Mar2026 21:48:46.147] [main/DEBUG] [mixin/]: Processing prepare() for PlatformAgent[MixinPlatformAgentDefault:SecureJarResource(projectvibrantjourneys)]
[01Mar2026 21:48:46.147] [main/DEBUG] [mixin/]: Registering mixin config: projectvibrantjourneys.mixins.json
[01Mar2026 21:48:46.148] [main/DEBUG] [mixin/]: Adding mixin platform agents for container SecureJarResource(rapid_leaf_decay)
[01Mar2026 21:48:46.148] [main/DEBUG] [mixin/]: Instancing new MixinPlatformAgentMinecraftForge for SecureJarResource(rapid_leaf_decay)
[01Mar2026 21:48:46.148] [main/DEBUG] [mixin/]: MixinPlatformAgentMinecraftForge rejected container SecureJarResource(rapid_leaf_decay)
[01Mar2026 21:48:46.148] [main/DEBUG] [mixin/]: Instancing new MixinPlatformAgentDefault for SecureJarResource(rapid_leaf_decay)
[01Mar2026 21:48:46.148] [main/DEBUG] [mixin/]: MixinPlatformAgentDefault accepted container SecureJarResource(rapid_leaf_decay)
[01Mar2026 21:48:46.148] [main/DEBUG] [mixin/]: Processing prepare() for PlatformAgent[MixinPlatformAgentDefault:SecureJarResource(rapid_leaf_decay)]
[01Mar2026 21:48:46.148] [main/DEBUG] [mixin/]: Adding mixin platform agents for container SecureJarResource(nostartupmessages)
[01Mar2026 21:48:46.148] [main/DEBUG] [mixin/]: Instancing new MixinPlatformAgentMinecraftForge for SecureJarResource(nostartupmessages)
[01Mar2026 21:48:46.148] [main/DEBUG] [mixin/]: MixinPlatformAgentMinecraftForge rejected container SecureJarResource(nostartupmessages)
[01Mar2026 21:48:46.148] [main/DEBUG] [mixin/]: Instancing new MixinPlatformAgentDefault for SecureJarResource(nostartupmessages)
[01Mar2026 21:48:46.148] [main/DEBUG] [mixin/]: MixinPlatformAgentDefault accepted container SecureJarResource(nostartupmessages)
[01Mar2026 21:48:46.148] [main/DEBUG] [mixin/]: Processing prepare() for PlatformAgent[MixinPlatformAgentDefault:SecureJarResource(nostartupmessages)]
[01Mar2026 21:48:46.149] [main/DEBUG] [mixin/]: Adding mixin platform agents for container SecureJarResource(mcwfences)
[01Mar2026 21:48:46.149] [main/DEBUG] [mixin/]: Instancing new MixinPlatformAgentMinecraftForge for SecureJarResource(mcwfences)
[01Mar2026 21:48:46.149] [main/DEBUG] [mixin/]: MixinPlatformAgentMinecraftForge rejected container SecureJarResource(mcwfences)
[01Mar2026 21:48:46.149] [main/DEBUG] [mixin/]: Instancing new MixinPlatformAgentDefault for SecureJarResource(mcwfences)
[01Mar2026 21:48:46.149] [main/DEBUG] [mixin/]: MixinPlatformAgentDefault accepted container SecureJarResource(mcwfences)
[01Mar2026 21:48:46.149] [main/DEBUG] [mixin/]: Processing prepare() for PlatformAgent[MixinPlatformAgentDefault:SecureJarResource(mcwfences)]
[01Mar2026 21:48:46.149] [main/DEBUG] [mixin/]: Adding mixin platform agents for container SecureJarResource(apocalypsenow)
[01Mar2026 21:48:46.149] [main/DEBUG] [mixin/]: Instancing new MixinPlatformAgentMinecraftForge for SecureJarResource(apocalypsenow)
[01Mar2026 21:48:46.149] [main/DEBUG] [mixin/]: MixinPlatformAgentMinecraftForge rejected container SecureJarResource(apocalypsenow)
[01Mar2026 21:48:46.149] [main/DEBUG] [mixin/]: Instancing new MixinPlatformAgentDefault for SecureJarResource(apocalypsenow)
[01Mar2026 21:48:46.149] [main/DEBUG] [mixin/]: MixinPlatformAgentDefault accepted container SecureJarResource(apocalypsenow)
[01Mar2026 21:48:46.149] [main/DEBUG] [mixin/]: Processing prepare() for PlatformAgent[MixinPlatformAgentDefault:SecureJarResource(apocalypsenow)]
[01Mar2026 21:48:46.149] [main/DEBUG] [mixin/]: Adding mixin platform agents for container SecureJarResource(faz_roleplay_plus)
[01Mar2026 21:48:46.149] [main/DEBUG] [mixin/]: Instancing new MixinPlatformAgentMinecraftForge for SecureJarResource(faz_roleplay_plus)
[01Mar2026 21:48:46.149] [main/DEBUG] [mixin/]: MixinPlatformAgentMinecraftForge rejected container SecureJarResource(faz_roleplay_plus)
[01Mar2026 21:48:46.149] [main/DEBUG] [mixin/]: Instancing new MixinPlatformAgentDefault for SecureJarResource(faz_roleplay_plus)
[01Mar2026 21:48:46.149] [main/DEBUG] [mixin/]: MixinPlatformAgentDefault accepted container SecureJarResource(faz_roleplay_plus)
[01Mar2026 21:48:46.149] [main/DEBUG] [mixin/]: Processing prepare() for PlatformAgent[MixinPlatformAgentDefault:SecureJarResource(faz_roleplay_plus)]
[01Mar2026 21:48:46.149] [main/DEBUG] [mixin/]: Adding mixin platform agents for container SecureJarResource(jeffs_cursed_walking_structures)
[01Mar2026 21:48:46.149] [main/DEBUG] [mixin/]: Instancing new MixinPlatformAgentMinecraftForge for SecureJarResource(jeffs_cursed_walking_structures)
[01Mar2026 21:48:46.149] [main/DEBUG] [mixin/]: MixinPlatformAgentMinecraftForge rejected container SecureJarResource(jeffs_cursed_walking_structures)
[01Mar2026 21:48:46.149] [main/DEBUG] [mixin/]: Instancing new MixinPlatformAgentDefault for SecureJarResource(jeffs_cursed_walking_structures)
[01Mar2026 21:48:46.149] [main/DEBUG] [mixin/]: MixinPlatformAgentDefault accepted container SecureJarResource(jeffs_cursed_walking_structures)
[01Mar2026 21:48:46.149] [main/DEBUG] [mixin/]: Processing prepare() for PlatformAgent[MixinPlatformAgentDefault:SecureJarResource(jeffs_cursed_walking_structures)]
[01Mar2026 21:48:46.149] [main/DEBUG] [mixin/]: Registering mixin config: mixins.jeffs_cursed_walking_structures.json
[01Mar2026 21:48:46.150] [main/DEBUG] [mixin/]: Adding mixin platform agents for container SecureJarResource(patchouli)
[01Mar2026 21:48:46.150] [main/DEBUG] [mixin/]: Instancing new MixinPlatformAgentMinecraftForge for SecureJarResource(patchouli)
[01Mar2026 21:48:46.150] [main/DEBUG] [mixin/]: MixinPlatformAgentMinecraftForge rejected container SecureJarResource(patchouli)
[01Mar2026 21:48:46.150] [main/DEBUG] [mixin/]: Instancing new MixinPlatformAgentDefault for SecureJarResource(patchouli)
[01Mar2026 21:48:46.150] [main/DEBUG] [mixin/]: MixinPlatformAgentDefault accepted container SecureJarResource(patchouli)
[01Mar2026 21:48:46.150] [main/DEBUG] [mixin/]: Processing prepare() for PlatformAgent[MixinPlatformAgentDefault:SecureJarResource(patchouli)]
[01Mar2026 21:48:46.150] [main/DEBUG] [mixin/]: Registering mixin config: patchouli_xplat.mixins.json
[01Mar2026 21:48:46.152] [main/DEBUG] [mixin/]: Adding mixin platform agents for container SecureJarResource(collective)
[01Mar2026 21:48:46.152] [main/DEBUG] [mixin/]: Instancing new MixinPlatformAgentMinecraftForge for SecureJarResource(collective)
[01Mar2026 21:48:46.152] [main/DEBUG] [mixin/]: MixinPlatformAgentMinecraftForge rejected container SecureJarResource(collective)
[01Mar2026 21:48:46.152] [main/DEBUG] [mixin/]: Instancing new MixinPlatformAgentDefault for SecureJarResource(collective)
[01Mar2026 21:48:46.152] [main/DEBUG] [mixin/]: MixinPlatformAgentDefault accepted container SecureJarResource(collective)
[01Mar2026 21:48:46.152] [main/DEBUG] [mixin/]: Processing prepare() for PlatformAgent[MixinPlatformAgentDefault:SecureJarResource(collective)]
[01Mar2026 21:48:46.152] [main/DEBUG] [mixin/]: Registering mixin config: collective_forge.mixins.json
[01Mar2026 21:48:46.153] [main/DEBUG] [mixin/]: Adding mixin platform agents for container SecureJarResource(flan)
[01Mar2026 21:48:46.153] [main/DEBUG] [mixin/]: Instancing new MixinPlatformAgentMinecraftForge for SecureJarResource(flan)
[01Mar2026 21:48:46.153] [main/DEBUG] [mixin/]: MixinPlatformAgentMinecraftForge rejected container SecureJarResource(flan)
[01Mar2026 21:48:46.153] [main/DEBUG] [mixin/]: Instancing new MixinPlatformAgentDefault for SecureJarResource(flan)
[01Mar2026 21:48:46.153] [main/DEBUG] [mixin/]: MixinPlatformAgentDefault accepted container SecureJarResource(flan)
[01Mar2026 21:48:46.153] [main/DEBUG] [mixin/]: Processing prepare() for PlatformAgent[MixinPlatformAgentDefault:SecureJarResource(flan)]
[01Mar2026 21:48:46.153] [main/DEBUG] [mixin/]: Registering mixin config: flan.mixins.json
[01Mar2026 21:48:46.154] [main/DEBUG] [mixin/]: Compatibility level JAVA_16 specified by flan.mixins.json is higher than the maximum level supported by this version of mixin (JAVA_13).
[01Mar2026 21:48:46.161] [main/DEBUG] [mixin/]: Registering mixin config: flan.forge.mixins.json
[01Mar2026 21:48:46.162] [main/DEBUG] [mixin/]: Compatibility level JAVA_16 specified by flan.forge.mixins.json is higher than the maximum level supported by this version of mixin (JAVA_13).
[01Mar2026 21:48:46.162] [main/DEBUG] [mixin/]: Adding mixin platform agents for container SecureJarResource(bridge_maker)
[01Mar2026 21:48:46.162] [main/DEBUG] [mixin/]: Instancing new MixinPlatformAgentMinecraftForge for SecureJarResource(bridge_maker)
[01Mar2026 21:48:46.163] [main/DEBUG] [mixin/]: MixinPlatformAgentMinecraftForge rejected container SecureJarResource(bridge_maker)
[01Mar2026 21:48:46.163] [main/DEBUG] [mixin/]: Instancing new MixinPlatformAgentDefault for SecureJarResource(bridge_maker)
[01Mar2026 21:48:46.163] [main/DEBUG] [mixin/]: MixinPlatformAgentDefault accepted container SecureJarResource(bridge_maker)
[01Mar2026 21:48:46.163] [main/DEBUG] [mixin/]: Processing prepare() for PlatformAgent[MixinPlatformAgentDefault:SecureJarResource(bridge_maker)]
[01Mar2026 21:48:46.163] [main/DEBUG] [mixin/]: Adding mixin platform agents for container SecureJarResource(betterstrongholds)
[01Mar2026 21:48:46.163] [main/DEBUG] [mixin/]: Instancing new MixinPlatformAgentMinecraftForge for SecureJarResource(betterstrongholds)
[01Mar2026 21:48:46.163] [main/DEBUG] [mixin/]: MixinPlatformAgentMinecraftForge rejected container SecureJarResource(betterstrongholds)
[01Mar2026 21:48:46.163] [main/DEBUG] [mixin/]: Instancing new MixinPlatformAgentDefault for SecureJarResource(betterstrongholds)
[01Mar2026 21:48:46.163] [main/DEBUG] [mixin/]: MixinPlatformAgentDefault accepted container SecureJarResource(betterstrongholds)
[01Mar2026 21:48:46.163] [main/DEBUG] [mixin/]: Processing prepare() for PlatformAgent[MixinPlatformAgentDefault:SecureJarResource(betterstrongholds)]
[01Mar2026 21:48:46.163] [main/DEBUG] [mixin/]: Registering mixin config: betterstrongholds.mixins.json
[01Mar2026 21:48:46.164] [main/DEBUG] [mixin/]: Registering mixin config: betterstrongholds_forge.mixins.json
[01Mar2026 21:48:46.164] [main/DEBUG] [mixin/]: Adding mixin platform agents for container SecureJarResource(legendarysurvivaloverhaul)
[01Mar2026 21:48:46.164] [main/DEBUG] [mixin/]: Instancing new MixinPlatformAgentMinecraftForge for SecureJarResource(legendarysurvivaloverhaul)
[01Mar2026 21:48:46.164] [main/DEBUG] [mixin/]: MixinPlatformAgentMinecraftForge rejected container SecureJarResource(legendarysurvivaloverhaul)
[01Mar2026 21:48:46.164] [main/DEBUG] [mixin/]: Instancing new MixinPlatformAgentDefault for SecureJarResource(legendarysurvivaloverhaul)
[01Mar2026 21:48:46.164] [main/DEBUG] [mixin/]: MixinPlatformAgentDefault accepted container SecureJarResource(legendarysurvivaloverhaul)
[01Mar2026 21:48:46.164] [main/DEBUG] [mixin/]: Processing prepare() for PlatformAgent[MixinPlatformAgentDefault:SecureJarResource(legendarysurvivaloverhaul)]
[01Mar2026 21:48:46.164] [main/DEBUG] [mixin/]: Adding mixin platform agents for container SecureJarResource(curios)
[01Mar2026 21:48:46.164] [main/DEBUG] [mixin/]: Instancing new MixinPlatformAgentMinecraftForge for SecureJarResource(curios)
[01Mar2026 21:48:46.165] [main/DEBUG] [mixin/]: MixinPlatformAgentMinecraftForge rejected container SecureJarResource(curios)
[01Mar2026 21:48:46.165] [main/DEBUG] [mixin/]: Instancing new MixinPlatformAgentDefault for SecureJarResource(curios)
[01Mar2026 21:48:46.165] [main/DEBUG] [mixin/]: MixinPlatformAgentDefault accepted container SecureJarResource(curios)
[01Mar2026 21:48:46.165] [main/DEBUG] [mixin/]: Processing prepare() for PlatformAgent[MixinPlatformAgentDefault:SecureJarResource(curios)]
[01Mar2026 21:48:46.165] [main/DEBUG] [mixin/]: Registering mixin config: curios.mixins.json
[01Mar2026 21:48:46.166] [main/DEBUG] [mixin/]: Adding mixin platform agents for container SecureJarResource(mekanism)
[01Mar2026 21:48:46.166] [main/DEBUG] [mixin/]: Instancing new MixinPlatformAgentMinecraftForge for SecureJarResource(mekanism)
[01Mar2026 21:48:46.166] [main/DEBUG] [mixin/]: MixinPlatformAgentMinecraftForge rejected container SecureJarResource(mekanism)
[01Mar2026 21:48:46.166] [main/DEBUG] [mixin/]: Instancing new MixinPlatformAgentDefault for SecureJarResource(mekanism)
[01Mar2026 21:48:46.166] [main/DEBUG] [mixin/]: MixinPlatformAgentDefault accepted container SecureJarResource(mekanism)
[01Mar2026 21:48:46.166] [main/DEBUG] [mixin/]: Processing prepare() for PlatformAgent[MixinPlatformAgentDefault:SecureJarResource(mekanism)]
[01Mar2026 21:48:46.166] [main/DEBUG] [mixin/]: Adding mixin platform agents for container SecureJarResource(sereneseasons)
[01Mar2026 21:48:46.166] [main/DEBUG] [mixin/]: Instancing new MixinPlatformAgentMinecraftForge for SecureJarResource(sereneseasons)
[01Mar2026 21:48:46.166] [main/DEBUG] [mixin/]: MixinPlatformAgentMinecraftForge rejected container SecureJarResource(sereneseasons)
[01Mar2026 21:48:46.166] [main/DEBUG] [mixin/]: Instancing new MixinPlatformAgentDefault for SecureJarResource(sereneseasons)
[01Mar2026 21:48:46.166] [main/DEBUG] [mixin/]: MixinPlatformAgentDefault accepted container SecureJarResource(sereneseasons)
[01Mar2026 21:48:46.166] [main/DEBUG] [mixin/]: Processing prepare() for PlatformAgent[MixinPlatformAgentDefault:SecureJarResource(sereneseasons)]
[01Mar2026 21:48:46.166] [main/DEBUG] [mixin/]: Registering mixin config: sereneseasons.mixins.json
[01Mar2026 21:48:46.167] [main/DEBUG] [mixin/]: Registering mixin config: sereneseasons.forge.mixins.json
[01Mar2026 21:48:46.168] [main/DEBUG] [mixin/]: Adding mixin platform agents for container SecureJarResource(mekanismgenerators)
[01Mar2026 21:48:46.168] [main/DEBUG] [mixin/]: Instancing new MixinPlatformAgentMinecraftForge for SecureJarResource(mekanismgenerators)
[01Mar2026 21:48:46.168] [main/DEBUG] [mixin/]: MixinPlatformAgentMinecraftForge rejected container SecureJarResource(mekanismgenerators)
[01Mar2026 21:48:46.169] [main/DEBUG] [mixin/]: Instancing new MixinPlatformAgentDefault for SecureJarResource(mekanismgenerators)
[01Mar2026 21:48:46.169] [main/DEBUG] [mixin/]: MixinPlatformAgentDefault accepted container SecureJarResource(mekanismgenerators)
[01Mar2026 21:48:46.169] [main/DEBUG] [mixin/]: Processing prepare() for PlatformAgent[MixinPlatformAgentDefault:SecureJarResource(mekanismgenerators)]
[01Mar2026 21:48:46.169] [main/DEBUG] [mixin/]: Adding mixin platform agents for container SecureJarResource(resourcefullib)
[01Mar2026 21:48:46.169] [main/DEBUG] [mixin/]: Instancing new MixinPlatformAgentMinecraftForge for SecureJarResource(resourcefullib)
[01Mar2026 21:48:46.169] [main/DEBUG] [mixin/]: MixinPlatformAgentMinecraftForge rejected container SecureJarResource(resourcefullib)
[01Mar2026 21:48:46.169] [main/DEBUG] [mixin/]: Instancing new MixinPlatformAgentDefault for SecureJarResource(resourcefullib)
[01Mar2026 21:48:46.169] [main/DEBUG] [mixin/]: MixinPlatformAgentDefault accepted container SecureJarResource(resourcefullib)
[01Mar2026 21:48:46.169] [main/DEBUG] [mixin/]: Processing prepare() for PlatformAgent[MixinPlatformAgentDefault:SecureJarResource(resourcefullib)]
[01Mar2026 21:48:46.169] [main/DEBUG] [mixin/]: Adding mixin platform agents for container SecureJarResource(starterkit)
[01Mar2026 21:48:46.169] [main/DEBUG] [mixin/]: Instancing new MixinPlatformAgentMinecraftForge for SecureJarResource(starterkit)
[01Mar2026 21:48:46.169] [main/DEBUG] [mixin/]: MixinPlatformAgentMinecraftForge rejected container SecureJarResource(starterkit)
[01Mar2026 21:48:46.169] [main/DEBUG] [mixin/]: Instancing new MixinPlatformAgentDefault for SecureJarResource(starterkit)
[01Mar2026 21:48:46.169] [main/DEBUG] [mixin/]: MixinPlatformAgentDefault accepted container SecureJarResource(starterkit)
[01Mar2026 21:48:46.169] [main/DEBUG] [mixin/]: Processing prepare() for PlatformAgent[MixinPlatformAgentDefault:SecureJarResource(starterkit)]
[01Mar2026 21:48:46.169] [main/DEBUG] [mixin/]: Registering mixin config: starterkit_forge.mixins.json
[01Mar2026 21:48:46.170] [main/DEBUG] [mixin/]: Adding mixin platform agents for container SecureJarResource(scalingmobs)
[01Mar2026 21:48:46.170] [main/DEBUG] [mixin/]: Instancing new MixinPlatformAgentMinecraftForge for SecureJarResource(scalingmobs)
[01Mar2026 21:48:46.170] [main/DEBUG] [mixin/]: MixinPlatformAgentMinecraftForge rejected container SecureJarResource(scalingmobs)
[01Mar2026 21:48:46.170] [main/DEBUG] [mixin/]: Instancing new MixinPlatformAgentDefault for SecureJarResource(scalingmobs)
[01Mar2026 21:48:46.170] [main/DEBUG] [mixin/]: MixinPlatformAgentDefault accepted container SecureJarResource(scalingmobs)
[01Mar2026 21:48:46.170] [main/DEBUG] [mixin/]: Processing prepare() for PlatformAgent[MixinPlatformAgentDefault:SecureJarResource(scalingmobs)]
[01Mar2026 21:48:46.170] [main/DEBUG] [mixin/]: Registering mixin config: scaling_mobs.mixin.json
[01Mar2026 21:48:46.171] [main/DEBUG] [mixin/]: Compatibility level JAVA_8 specified by scaling_mobs.mixin.json is lower than the default level supported by the current mixin service (JAVA_16).
[01Mar2026 21:48:46.171] [main/ERROR] [mixin/]: Mixin config scaling_mobs.mixin.json does not specify "minVersion" property
[01Mar2026 21:48:46.171] [main/DEBUG] [mixin/]: Adding mixin platform agents for container SecureJarResource(eatinganimation)
[01Mar2026 21:48:46.171] [main/DEBUG] [mixin/]: Instancing new MixinPlatformAgentMinecraftForge for SecureJarResource(eatinganimation)
[01Mar2026 21:48:46.171] [main/DEBUG] [mixin/]: MixinPlatformAgentMinecraftForge rejected container SecureJarResource(eatinganimation)
[01Mar2026 21:48:46.171] [main/DEBUG] [mixin/]: Instancing new MixinPlatformAgentDefault for SecureJarResource(eatinganimation)
[01Mar2026 21:48:46.171] [main/DEBUG] [mixin/]: MixinPlatformAgentDefault accepted container SecureJarResource(eatinganimation)
[01Mar2026 21:48:46.171] [main/DEBUG] [mixin/]: Processing prepare() for PlatformAgent[MixinPlatformAgentDefault:SecureJarResource(eatinganimation)]
[01Mar2026 21:48:46.171] [main/DEBUG] [mixin/]: Adding mixin platform agents for container SecureJarResource(mekanismtools)
[01Mar2026 21:48:46.171] [main/DEBUG] [mixin/]: Instancing new MixinPlatformAgentMinecraftForge for SecureJarResource(mekanismtools)
[01Mar2026 21:48:46.171] [main/DEBUG] [mixin/]: MixinPlatformAgentMinecraftForge rejected container SecureJarResource(mekanismtools)
[01Mar2026 21:48:46.171] [main/DEBUG] [mixin/]: Instancing new MixinPlatformAgentDefault for SecureJarResource(mekanismtools)
[01Mar2026 21:48:46.171] [main/DEBUG] [mixin/]: MixinPlatformAgentDefault accepted container SecureJarResource(mekanismtools)
[01Mar2026 21:48:46.171] [main/DEBUG] [mixin/]: Processing prepare() for PlatformAgent[MixinPlatformAgentDefault:SecureJarResource(mekanismtools)]
[01Mar2026 21:48:46.171] [main/DEBUG] [mixin/]: Adding mixin platform agents for container SecureJarResource(architectury)
[01Mar2026 21:48:46.171] [main/DEBUG] [mixin/]: Instancing new MixinPlatformAgentMinecraftForge for SecureJarResource(architectury)
[01Mar2026 21:48:46.171] [main/DEBUG] [mixin/]: MixinPlatformAgentMinecraftForge rejected container SecureJarResource(architectury)
[01Mar2026 21:48:46.171] [main/DEBUG] [mixin/]: Instancing new MixinPlatformAgentDefault for SecureJarResource(architectury)
[01Mar2026 21:48:46.171] [main/DEBUG] [mixin/]: MixinPlatformAgentDefault accepted container SecureJarResource(architectury)
[01Mar2026 21:48:46.171] [main/DEBUG] [mixin/]: Processing prepare() for PlatformAgent[MixinPlatformAgentDefault:SecureJarResource(architectury)]
[01Mar2026 21:48:46.171] [main/DEBUG] [mixin/]: Registering mixin config: architectury.mixins.json
[01Mar2026 21:48:46.173] [main/DEBUG] [mixin/]: Compatibility level JAVA_16 specified by architectury.mixins.json is higher than the maximum level supported by this version of mixin (JAVA_13).
[01Mar2026 21:48:46.173] [main/DEBUG] [mixin/]: Registering mixin config: architectury-common.mixins.json
[01Mar2026 21:48:46.174] [main/DEBUG] [mixin/]: Compatibility level JAVA_16 specified by architectury-common.mixins.json is higher than the maximum level supported by this version of mixin (JAVA_13).
[01Mar2026 21:48:46.174] [main/DEBUG] [mixin/]: Adding mixin platform agents for container SecureJarResource(nerb)
[01Mar2026 21:48:46.174] [main/DEBUG] [mixin/]: Instancing new MixinPlatformAgentMinecraftForge for SecureJarResource(nerb)
[01Mar2026 21:48:46.174] [main/DEBUG] [mixin/]: MixinPlatformAgentMinecraftForge rejected container SecureJarResource(nerb)
[01Mar2026 21:48:46.174] [main/DEBUG] [mixin/]: Instancing new MixinPlatformAgentDefault for SecureJarResource(nerb)
[01Mar2026 21:48:46.174] [main/DEBUG] [mixin/]: MixinPlatformAgentDefault accepted container SecureJarResource(nerb)
[01Mar2026 21:48:46.174] [main/DEBUG] [mixin/]: Processing prepare() for PlatformAgent[MixinPlatformAgentDefault:SecureJarResource(nerb)]
[01Mar2026 21:48:46.174] [main/DEBUG] [mixin/]: Registering mixin config: nerb-common.mixins.json
[01Mar2026 21:48:46.176] [main/DEBUG] [mixin/]: Adding mixin platform agents for container SecureJarResource(loadingbackgrounds)
[01Mar2026 21:48:46.176] [main/DEBUG] [mixin/]: Instancing new MixinPlatformAgentMinecraftForge for SecureJarResource(loadingbackgrounds)
[01Mar2026 21:48:46.176] [main/DEBUG] [mixin/]: MixinPlatformAgentMinecraftForge rejected container SecureJarResource(loadingbackgrounds)
[01Mar2026 21:48:46.176] [main/DEBUG] [mixin/]: Instancing new MixinPlatformAgentDefault for SecureJarResource(loadingbackgrounds)
[01Mar2026 21:48:46.176] [main/DEBUG] [mixin/]: MixinPlatformAgentDefault accepted container SecureJarResource(loadingbackgrounds)
[01Mar2026 21:48:46.176] [main/DEBUG] [mixin/]: Processing prepare() for PlatformAgent[MixinPlatformAgentDefault:SecureJarResource(loadingbackgrounds)]
[01Mar2026 21:48:46.176] [main/DEBUG] [mixin/]: Registering mixin config: loadingbackgrounds-mixins.json
[01Mar2026 21:48:46.178] [main/DEBUG] [mixin/]: Adding mixin platform agents for container SecureJarResource(ftblibrary)
[01Mar2026 21:48:46.178] [main/DEBUG] [mixin/]: Instancing new MixinPlatformAgentMinecraftForge for SecureJarResource(ftblibrary)
[01Mar2026 21:48:46.178] [main/DEBUG] [mixin/]: MixinPlatformAgentMinecraftForge rejected container SecureJarResource(ftblibrary)
[01Mar2026 21:48:46.178] [main/DEBUG] [mixin/]: Instancing new MixinPlatformAgentDefault for SecureJarResource(ftblibrary)
[01Mar2026 21:48:46.178] [main/DEBUG] [mixin/]: MixinPlatformAgentDefault accepted container SecureJarResource(ftblibrary)
[01Mar2026 21:48:46.178] [main/DEBUG] [mixin/]: Processing prepare() for PlatformAgent[MixinPlatformAgentDefault:SecureJarResource(ftblibrary)]
[01Mar2026 21:48:46.178] [main/DEBUG] [mixin/]: Registering mixin config: ftblibrary-common.mixins.json
[01Mar2026 21:48:46.180] [main/DEBUG] [mixin/]: Compatibility level JAVA_8 specified by ftblibrary-common.mixins.json is lower than the default level supported by the current mixin service (JAVA_16).
[01Mar2026 21:48:46.180] [main/DEBUG] [mixin/]: Adding mixin platform agents for container SecureJarResource(jamlib)
[01Mar2026 21:48:46.180] [main/DEBUG] [mixin/]: Instancing new MixinPlatformAgentMinecraftForge for SecureJarResource(jamlib)
[01Mar2026 21:48:46.180] [main/DEBUG] [mixin/]: MixinPlatformAgentMinecraftForge rejected container SecureJarResource(jamlib)
[01Mar2026 21:48:46.180] [main/DEBUG] [mixin/]: Instancing new MixinPlatformAgentDefault for SecureJarResource(jamlib)
[01Mar2026 21:48:46.180] [main/DEBUG] [mixin/]: MixinPlatformAgentDefault accepted container SecureJarResource(jamlib)
[01Mar2026 21:48:46.180] [main/DEBUG] [mixin/]: Processing prepare() for PlatformAgent[MixinPlatformAgentDefault:SecureJarResource(jamlib)]
[01Mar2026 21:48:46.180] [main/DEBUG] [mixin/]: Adding mixin platform agents for container SecureJarResource(rightclickharvest)
[01Mar2026 21:48:46.180] [main/DEBUG] [mixin/]: Instancing new MixinPlatformAgentMinecraftForge for SecureJarResource(rightclickharvest)
[01Mar2026 21:48:46.180] [main/DEBUG] [mixin/]: MixinPlatformAgentMinecraftForge rejected container SecureJarResource(rightclickharvest)
[01Mar2026 21:48:46.180] [main/DEBUG] [mixin/]: Instancing new MixinPlatformAgentDefault for SecureJarResource(rightclickharvest)
[01Mar2026 21:48:46.180] [main/DEBUG] [mixin/]: MixinPlatformAgentDefault accepted container SecureJarResource(rightclickharvest)
[01Mar2026 21:48:46.180] [main/DEBUG] [mixin/]: Processing prepare() for PlatformAgent[MixinPlatformAgentDefault:SecureJarResource(rightclickharvest)]
[01Mar2026 21:48:46.180] [main/DEBUG] [mixin/]: Registering mixin config: rightclickharvest.mixins.json
[01Mar2026 21:48:46.181] [main/DEBUG] [mixin/]: Adding mixin platform agents for container SecureJarResource(walkietalkie)
[01Mar2026 21:48:46.182] [main/DEBUG] [mixin/]: Instancing new MixinPlatformAgentMinecraftForge for SecureJarResource(walkietalkie)
[01Mar2026 21:48:46.182] [main/DEBUG] [mixin/]: MixinPlatformAgentMinecraftForge rejected container SecureJarResource(walkietalkie)
[01Mar2026 21:48:46.182] [main/DEBUG] [mixin/]: Instancing new MixinPlatformAgentDefault for SecureJarResource(walkietalkie)
[01Mar2026 21:48:46.182] [main/DEBUG] [mixin/]: MixinPlatformAgentDefault accepted container SecureJarResource(walkietalkie)
[01Mar2026 21:48:46.182] [main/DEBUG] [mixin/]: Processing prepare() for PlatformAgent[MixinPlatformAgentDefault:SecureJarResource(walkietalkie)]
[01Mar2026 21:48:46.182] [main/DEBUG] [mixin/]: Adding mixin platform agents for container SecureJarResource(ftbteams)
[01Mar2026 21:48:46.182] [main/DEBUG] [mixin/]: Instancing new MixinPlatformAgentMinecraftForge for SecureJarResource(ftbteams)
[01Mar2026 21:48:46.182] [main/DEBUG] [mixin/]: MixinPlatformAgentMinecraftForge rejected container SecureJarResource(ftbteams)
[01Mar2026 21:48:46.182] [main/DEBUG] [mixin/]: Instancing new MixinPlatformAgentDefault for SecureJarResource(ftbteams)
[01Mar2026 21:48:46.182] [main/DEBUG] [mixin/]: MixinPlatformAgentDefault accepted container SecureJarResource(ftbteams)
[01Mar2026 21:48:46.182] [main/DEBUG] [mixin/]: Processing prepare() for PlatformAgent[MixinPlatformAgentDefault:SecureJarResource(ftbteams)]
[01Mar2026 21:48:46.182] [main/DEBUG] [mixin/]: Adding mixin platform agents for container SecureJarResource(bloomingnature)
[01Mar2026 21:48:46.182] [main/DEBUG] [mixin/]: Instancing new MixinPlatformAgentMinecraftForge for SecureJarResource(bloomingnature)
[01Mar2026 21:48:46.182] [main/DEBUG] [mixin/]: MixinPlatformAgentMinecraftForge rejected container SecureJarResource(bloomingnature)
[01Mar2026 21:48:46.182] [main/DEBUG] [mixin/]: Instancing new MixinPlatformAgentDefault for SecureJarResource(bloomingnature)
[01Mar2026 21:48:46.182] [main/DEBUG] [mixin/]: MixinPlatformAgentDefault accepted container SecureJarResource(bloomingnature)
[01Mar2026 21:48:46.182] [main/DEBUG] [mixin/]: Processing prepare() for PlatformAgent[MixinPlatformAgentDefault:SecureJarResource(bloomingnature)]
[01Mar2026 21:48:46.182] [main/DEBUG] [mixin/]: Adding mixin platform agents for container SecureJarResource(pandalib)
[01Mar2026 21:48:46.182] [main/DEBUG] [mixin/]: Instancing new MixinPlatformAgentMinecraftForge for SecureJarResource(pandalib)
[01Mar2026 21:48:46.182] [main/DEBUG] [mixin/]: MixinPlatformAgentMinecraftForge rejected container SecureJarResource(pandalib)
[01Mar2026 21:48:46.182] [main/DEBUG] [mixin/]: Instancing new MixinPlatformAgentDefault for SecureJarResource(pandalib)
[01Mar2026 21:48:46.182] [main/DEBUG] [mixin/]: MixinPlatformAgentDefault accepted container SecureJarResource(pandalib)
[01Mar2026 21:48:46.182] [main/DEBUG] [mixin/]: Processing prepare() for PlatformAgent[MixinPlatformAgentDefault:SecureJarResource(pandalib)]
[01Mar2026 21:48:46.182] [main/DEBUG] [mixin/]: Registering mixin config: pandalib-common.mixins.json
[01Mar2026 21:48:46.183] [main/DEBUG] [mixin/]: Registering mixin config: pandalib.mixins.json
[01Mar2026 21:48:46.184] [main/DEBUG] [mixin/]: Adding mixin platform agents for container SecureJarResource(set_things_up)
[01Mar2026 21:48:46.184] [main/DEBUG] [mixin/]: Instancing new MixinPlatformAgentMinecraftForge for SecureJarResource(set_things_up)
[01Mar2026 21:48:46.184] [main/DEBUG] [mixin/]: MixinPlatformAgentMinecraftForge rejected container SecureJarResource(set_things_up)
[01Mar2026 21:48:46.184] [main/DEBUG] [mixin/]: Instancing new MixinPlatformAgentDefault for SecureJarResource(set_things_up)
[01Mar2026 21:48:46.184] [main/DEBUG] [mixin/]: MixinPlatformAgentDefault accepted container SecureJarResource(set_things_up)
[01Mar2026 21:48:46.184] [main/DEBUG] [mixin/]: Processing prepare() for PlatformAgent[MixinPlatformAgentDefault:SecureJarResource(set_things_up)]
[01Mar2026 21:48:46.184] [main/DEBUG] [mixin/]: Adding mixin platform agents for container SecureJarResource(cupboard)
[01Mar2026 21:48:46.184] [main/DEBUG] [mixin/]: Instancing new MixinPlatformAgentMinecraftForge for SecureJarResource(cupboard)
[01Mar2026 21:48:46.184] [main/DEBUG] [mixin/]: MixinPlatformAgentMinecraftForge rejected container SecureJarResource(cupboard)
[01Mar2026 21:48:46.184] [main/DEBUG] [mixin/]: Instancing new MixinPlatformAgentDefault for SecureJarResource(cupboard)
[01Mar2026 21:48:46.184] [main/DEBUG] [mixin/]: MixinPlatformAgentDefault accepted container SecureJarResource(cupboard)
[01Mar2026 21:48:46.184] [main/DEBUG] [mixin/]: Processing prepare() for PlatformAgent[MixinPlatformAgentDefault:SecureJarResource(cupboard)]
[01Mar2026 21:48:46.184] [main/DEBUG] [mixin/]: Registering mixin config: cupboard.mixins.json
[01Mar2026 21:48:46.186] [main/DEBUG] [mixin/]: Adding mixin platform agents for container SecureJarResource(firstjoinmessage)
[01Mar2026 21:48:46.186] [main/DEBUG] [mixin/]: Instancing new MixinPlatformAgentMinecraftForge for SecureJarResource(firstjoinmessage)
[01Mar2026 21:48:46.186] [main/DEBUG] [mixin/]: MixinPlatformAgentMinecraftForge rejected container SecureJarResource(firstjoinmessage)
[01Mar2026 21:48:46.186] [main/DEBUG] [mixin/]: Instancing new MixinPlatformAgentDefault for SecureJarResource(firstjoinmessage)
[01Mar2026 21:48:46.186] [main/DEBUG] [mixin/]: MixinPlatformAgentDefault accepted container SecureJarResource(firstjoinmessage)
[01Mar2026 21:48:46.186] [main/DEBUG] [mixin/]: Processing prepare() for PlatformAgent[MixinPlatformAgentDefault:SecureJarResource(firstjoinmessage)]
[01Mar2026 21:48:46.186] [main/DEBUG] [mixin/]: Registering mixin config: firstjoinmessage_forge.mixins.json
[01Mar2026 21:48:46.187] [main/DEBUG] [mixin/]: Adding mixin platform agents for container SecureJarResource(refurbished_furniture)
[01Mar2026 21:48:46.187] [main/DEBUG] [mixin/]: Instancing new MixinPlatformAgentMinecraftForge for SecureJarResource(refurbished_furniture)
[01Mar2026 21:48:46.187] [main/DEBUG] [mixin/]: MixinPlatformAgentMinecraftForge rejected container SecureJarResource(refurbished_furniture)
[01Mar2026 21:48:46.187] [main/DEBUG] [mixin/]: Instancing new MixinPlatformAgentDefault for SecureJarResource(refurbished_furniture)
[01Mar2026 21:48:46.187] [main/DEBUG] [mixin/]: MixinPlatformAgentDefault accepted container SecureJarResource(refurbished_furniture)
[01Mar2026 21:48:46.187] [main/DEBUG] [mixin/]: Processing prepare() for PlatformAgent[MixinPlatformAgentDefault:SecureJarResource(refurbished_furniture)]
[01Mar2026 21:48:46.187] [main/DEBUG] [mixin/]: Registering mixin config: refurbished_furniture.common.mixins.json
[01Mar2026 21:48:46.188] [main/DEBUG] [mixin/]: Adding mixin platform agents for container SecureJarResource(framework)
[01Mar2026 21:48:46.188] [main/DEBUG] [mixin/]: Instancing new MixinPlatformAgentMinecraftForge for SecureJarResource(framework)
[01Mar2026 21:48:46.188] [main/DEBUG] [mixin/]: MixinPlatformAgentMinecraftForge rejected container SecureJarResource(framework)
[01Mar2026 21:48:46.188] [main/DEBUG] [mixin/]: Instancing new MixinPlatformAgentDefault for SecureJarResource(framework)
[01Mar2026 21:48:46.188] [main/DEBUG] [mixin/]: MixinPlatformAgentDefault accepted container SecureJarResource(framework)
[01Mar2026 21:48:46.188] [main/DEBUG] [mixin/]: Processing prepare() for PlatformAgent[MixinPlatformAgentDefault:SecureJarResource(framework)]
[01Mar2026 21:48:46.189] [main/DEBUG] [mixin/]: Adding mixin platform agents for container SecureJarResource(simply_traps)
[01Mar2026 21:48:46.189] [main/DEBUG] [mixin/]: Instancing new MixinPlatformAgentMinecraftForge for SecureJarResource(simply_traps)
[01Mar2026 21:48:46.189] [main/DEBUG] [mixin/]: MixinPlatformAgentMinecraftForge rejected container SecureJarResource(simply_traps)
[01Mar2026 21:48:46.189] [main/DEBUG] [mixin/]: Instancing new MixinPlatformAgentDefault for SecureJarResource(simply_traps)
[01Mar2026 21:48:46.189] [main/DEBUG] [mixin/]: MixinPlatformAgentDefault accepted container SecureJarResource(simply_traps)
[01Mar2026 21:48:46.189] [main/DEBUG] [mixin/]: Processing prepare() for PlatformAgent[MixinPlatformAgentDefault:SecureJarResource(simply_traps)]
[01Mar2026 21:48:46.189] [main/DEBUG] [mixin/]: Adding mixin platform agents for container SecureJarResource(letmedespawn)
[01Mar2026 21:48:46.189] [main/DEBUG] [mixin/]: Instancing new MixinPlatformAgentMinecraftForge for SecureJarResource(letmedespawn)
[01Mar2026 21:48:46.189] [main/DEBUG] [mixin/]: MixinPlatformAgentMinecraftForge rejected container SecureJarResource(letmedespawn)
[01Mar2026 21:48:46.189] [main/DEBUG] [mixin/]: Instancing new MixinPlatformAgentDefault for SecureJarResource(letmedespawn)
[01Mar2026 21:48:46.189] [main/DEBUG] [mixin/]: MixinPlatformAgentDefault accepted container SecureJarResource(letmedespawn)
[01Mar2026 21:48:46.189] [main/DEBUG] [mixin/]: Processing prepare() for PlatformAgent[MixinPlatformAgentDefault:SecureJarResource(letmedespawn)]
[01Mar2026 21:48:46.189] [main/DEBUG] [mixin/]: Registering mixin config: letmedespawn.mixins.json
[01Mar2026 21:48:46.190] [main/DEBUG] [mixin/]: Adding mixin platform agents for container SecureJarResource(matmos_tct)
[01Mar2026 21:48:46.190] [main/DEBUG] [mixin/]: Instancing new MixinPlatformAgentMinecraftForge for SecureJarResource(matmos_tct)
[01Mar2026 21:48:46.190] [main/DEBUG] [mixin/]: MixinPlatformAgentMinecraftForge rejected container SecureJarResource(matmos_tct)
[01Mar2026 21:48:46.190] [main/DEBUG] [mixin/]: Instancing new MixinPlatformAgentDefault for SecureJarResource(matmos_tct)
[01Mar2026 21:48:46.190] [main/DEBUG] [mixin/]: MixinPlatformAgentDefault accepted container SecureJarResource(matmos_tct)
[01Mar2026 21:48:46.190] [main/DEBUG] [mixin/]: Processing prepare() for PlatformAgent[MixinPlatformAgentDefault:SecureJarResource(matmos_tct)]
[01Mar2026 21:48:46.190] [main/DEBUG] [mixin/]: Adding mixin platform agents for container SecureJarResource(crawlondemand)
[01Mar2026 21:48:46.190] [main/DEBUG] [mixin/]: Instancing new MixinPlatformAgentMinecraftForge for SecureJarResource(crawlondemand)
[01Mar2026 21:48:46.190] [main/DEBUG] [mixin/]: MixinPlatformAgentMinecraftForge rejected container SecureJarResource(crawlondemand)
[01Mar2026 21:48:46.190] [main/DEBUG] [mixin/]: Instancing new MixinPlatformAgentDefault for SecureJarResource(crawlondemand)
[01Mar2026 21:48:46.190] [main/DEBUG] [mixin/]: MixinPlatformAgentDefault accepted container SecureJarResource(crawlondemand)
[01Mar2026 21:48:46.190] [main/DEBUG] [mixin/]: Processing prepare() for PlatformAgent[MixinPlatformAgentDefault:SecureJarResource(crawlondemand)]
[01Mar2026 21:48:46.190] [main/DEBUG] [mixin/]: Registering mixin config: mixins.crawlondemand.json
[01Mar2026 21:48:46.191] [main/DEBUG] [mixin/]: Adding mixin platform agents for container SecureJarResource(lradd)
[01Mar2026 21:48:46.191] [main/DEBUG] [mixin/]: Instancing new MixinPlatformAgentMinecraftForge for SecureJarResource(lradd)
[01Mar2026 21:48:46.191] [main/DEBUG] [mixin/]: MixinPlatformAgentMinecraftForge rejected container SecureJarResource(lradd)
[01Mar2026 21:48:46.191] [main/DEBUG] [mixin/]: Instancing new MixinPlatformAgentDefault for SecureJarResource(lradd)
[01Mar2026 21:48:46.191] [main/DEBUG] [mixin/]: MixinPlatformAgentDefault accepted container SecureJarResource(lradd)
[01Mar2026 21:48:46.191] [main/DEBUG] [mixin/]: Processing prepare() for PlatformAgent[MixinPlatformAgentDefault:SecureJarResource(lradd)]
[01Mar2026 21:48:46.191] [main/DEBUG] [mixin/]: Registering mixin config: lradd.mixins.json
[01Mar2026 21:48:46.192] [main/DEBUG] [mixin/]: Compatibility level JAVA_8 specified by lradd.mixins.json is lower than the default level supported by the current mixin service (JAVA_16).
[01Mar2026 21:48:46.192] [main/DEBUG] [mixin/]: Adding mixin platform agents for container SecureJarResource(fallingtrees)
[01Mar2026 21:48:46.192] [main/DEBUG] [mixin/]: Instancing new MixinPlatformAgentMinecraftForge for SecureJarResource(fallingtrees)
[01Mar2026 21:48:46.192] [main/DEBUG] [mixin/]: MixinPlatformAgentMinecraftForge rejected container SecureJarResource(fallingtrees)
[01Mar2026 21:48:46.192] [main/DEBUG] [mixin/]: Instancing new MixinPlatformAgentDefault for SecureJarResource(fallingtrees)
[01Mar2026 21:48:46.192] [main/DEBUG] [mixin/]: MixinPlatformAgentDefault accepted container SecureJarResource(fallingtrees)
[01Mar2026 21:48:46.192] [main/DEBUG] [mixin/]: Processing prepare() for PlatformAgent[MixinPlatformAgentDefault:SecureJarResource(fallingtrees)]
[01Mar2026 21:48:46.192] [main/DEBUG] [mixin/]: Registering mixin config: fallingtrees-common.mixins.json
[01Mar2026 21:48:46.193] [main/DEBUG] [mixin/]: Registering mixin config: fallingtrees.mixins.json
[01Mar2026 21:48:46.194] [main/DEBUG] [mixin/]: Adding mixin platform agents for container SecureJarResource(craftpresence)
[01Mar2026 21:48:46.194] [main/DEBUG] [mixin/]: Instancing new MixinPlatformAgentMinecraftForge for SecureJarResource(craftpresence)
[01Mar2026 21:48:46.194] [main/DEBUG] [mixin/]: MixinPlatformAgentMinecraftForge rejected container SecureJarResource(craftpresence)
[01Mar2026 21:48:46.194] [main/DEBUG] [mixin/]: Instancing new MixinPlatformAgentDefault for SecureJarResource(craftpresence)
[01Mar2026 21:48:46.194] [main/DEBUG] [mixin/]: MixinPlatformAgentDefault accepted container SecureJarResource(craftpresence)
[01Mar2026 21:48:46.194] [main/DEBUG] [mixin/]: Processing prepare() for PlatformAgent[MixinPlatformAgentDefault:SecureJarResource(craftpresence)]
[01Mar2026 21:48:46.194] [main/DEBUG] [mixin/]: Adding mixin platform agents for container SecureJarResource(rhino)
[01Mar2026 21:48:46.194] [main/DEBUG] [mixin/]: Instancing new MixinPlatformAgentMinecraftForge for SecureJarResource(rhino)
[01Mar2026 21:48:46.194] [main/DEBUG] [mixin/]: MixinPlatformAgentMinecraftForge rejected container SecureJarResource(rhino)
[01Mar2026 21:48:46.194] [main/DEBUG] [mixin/]: Instancing new MixinPlatformAgentDefault for SecureJarResource(rhino)
[01Mar2026 21:48:46.194] [main/DEBUG] [mixin/]: MixinPlatformAgentDefault accepted container SecureJarResource(rhino)
[01Mar2026 21:48:46.194] [main/DEBUG] [mixin/]: Processing prepare() for PlatformAgent[MixinPlatformAgentDefault:SecureJarResource(rhino)]
[01Mar2026 21:48:46.194] [main/DEBUG] [mixin/]: Registering mixin config: rhino-common.mixins.json
[01Mar2026 21:48:46.195] [main/DEBUG] [mixin/]: Adding mixin platform agents for container SecureJarResource(kubejs)
[01Mar2026 21:48:46.196] [main/DEBUG] [mixin/]: Instancing new MixinPlatformAgentMinecraftForge for SecureJarResource(kubejs)
[01Mar2026 21:48:46.196] [main/DEBUG] [mixin/]: MixinPlatformAgentMinecraftForge rejected container SecureJarResource(kubejs)
[01Mar2026 21:48:46.196] [main/DEBUG] [mixin/]: Instancing new MixinPlatformAgentDefault for SecureJarResource(kubejs)
[01Mar2026 21:48:46.196] [main/DEBUG] [mixin/]: MixinPlatformAgentDefault accepted container SecureJarResource(kubejs)
[01Mar2026 21:48:46.196] [main/DEBUG] [mixin/]: Processing prepare() for PlatformAgent[MixinPlatformAgentDefault:SecureJarResource(kubejs)]
[01Mar2026 21:48:46.196] [main/DEBUG] [mixin/]: Registering mixin config: kubejs-forge.mixins.json
[01Mar2026 21:48:46.197] [main/DEBUG] [mixin/]: Registering mixin config: kubejs-common.mixins.json
[01Mar2026 21:48:46.198] [main/DEBUG] [mixin/]: Adding mixin platform agents for container SecureJarResource(amendments)
[01Mar2026 21:48:46.198] [main/DEBUG] [mixin/]: Instancing new MixinPlatformAgentMinecraftForge for SecureJarResource(amendments)
[01Mar2026 21:48:46.198] [main/DEBUG] [mixin/]: MixinPlatformAgentMinecraftForge rejected container SecureJarResource(amendments)
[01Mar2026 21:48:46.198] [main/DEBUG] [mixin/]: Instancing new MixinPlatformAgentDefault for SecureJarResource(amendments)
[01Mar2026 21:48:46.198] [main/DEBUG] [mixin/]: MixinPlatformAgentDefault accepted container SecureJarResource(amendments)
[01Mar2026 21:48:46.198] [main/DEBUG] [mixin/]: Processing prepare() for PlatformAgent[MixinPlatformAgentDefault:SecureJarResource(amendments)]
[01Mar2026 21:48:46.198] [main/DEBUG] [mixin/]: Registering mixin config: amendments.mixins.json
[01Mar2026 21:48:46.199] [main/DEBUG] [mixin/]: Registering mixin config: amendments-common.mixins.json
[01Mar2026 21:48:46.200] [main/DEBUG] [mixin/]: Adding mixin platform agents for container SecureJarResource(octolib)
[01Mar2026 21:48:46.200] [main/DEBUG] [mixin/]: Instancing new MixinPlatformAgentMinecraftForge for SecureJarResource(octolib)
[01Mar2026 21:48:46.200] [main/DEBUG] [mixin/]: MixinPlatformAgentMinecraftForge rejected container SecureJarResource(octolib)
[01Mar2026 21:48:46.200] [main/DEBUG] [mixin/]: Instancing new MixinPlatformAgentDefault for SecureJarResource(octolib)
[01Mar2026 21:48:46.200] [main/DEBUG] [mixin/]: MixinPlatformAgentDefault accepted container SecureJarResource(octolib)
[01Mar2026 21:48:46.200] [main/DEBUG] [mixin/]: Processing prepare() for PlatformAgent[MixinPlatformAgentDefault:SecureJarResource(octolib)]
[01Mar2026 21:48:46.200] [main/DEBUG] [mixin/]: Adding mixin platform agents for container SecureJarResource(dreamcaslib)
[01Mar2026 21:48:46.200] [main/DEBUG] [mixin/]: Instancing new MixinPlatformAgentMinecraftForge for SecureJarResource(dreamcaslib)
[01Mar2026 21:48:46.200] [main/DEBUG] [mixin/]: MixinPlatformAgentMinecraftForge rejected container SecureJarResource(dreamcaslib)
[01Mar2026 21:48:46.200] [main/DEBUG] [mixin/]: Instancing new MixinPlatformAgentDefault for SecureJarResource(dreamcaslib)
[01Mar2026 21:48:46.200] [main/DEBUG] [mixin/]: MixinPlatformAgentDefault accepted container SecureJarResource(dreamcaslib)
[01Mar2026 21:48:46.200] [main/DEBUG] [mixin/]: Processing prepare() for PlatformAgent[MixinPlatformAgentDefault:SecureJarResource(dreamcaslib)]
[01Mar2026 21:48:46.200] [main/DEBUG] [mixin/]: Adding mixin platform agents for container SecureJarResource(copycats)
[01Mar2026 21:48:46.200] [main/DEBUG] [mixin/]: Instancing new MixinPlatformAgentMinecraftForge for SecureJarResource(copycats)
[01Mar2026 21:48:46.201] [main/DEBUG] [mixin/]: MixinPlatformAgentMinecraftForge rejected container SecureJarResource(copycats)
[01Mar2026 21:48:46.201] [main/DEBUG] [mixin/]: Instancing new MixinPlatformAgentDefault for SecureJarResource(copycats)
[01Mar2026 21:48:46.201] [main/DEBUG] [mixin/]: MixinPlatformAgentDefault accepted container SecureJarResource(copycats)
[01Mar2026 21:48:46.201] [main/DEBUG] [mixin/]: Processing prepare() for PlatformAgent[MixinPlatformAgentDefault:SecureJarResource(copycats)]
[01Mar2026 21:48:46.201] [main/DEBUG] [mixin/]: Registering mixin config: copycats-common.mixins.json
[01Mar2026 21:48:46.201] [main/DEBUG] [mixin/]: Registering mixin config: copycats-forge.mixins.json
[01Mar2026 21:48:46.202] [main/DEBUG] [mixin/]: Adding mixin platform agents for container SecureJarResource(tacz)
[01Mar2026 21:48:46.202] [main/DEBUG] [mixin/]: Instancing new MixinPlatformAgentMinecraftForge for SecureJarResource(tacz)
[01Mar2026 21:48:46.202] [main/DEBUG] [mixin/]: MixinPlatformAgentMinecraftForge rejected container SecureJarResource(tacz)
[01Mar2026 21:48:46.202] [main/DEBUG] [mixin/]: Instancing new MixinPlatformAgentDefault for SecureJarResource(tacz)
[01Mar2026 21:48:46.202] [main/DEBUG] [mixin/]: MixinPlatformAgentDefault accepted container SecureJarResource(tacz)
[01Mar2026 21:48:46.202] [main/DEBUG] [mixin/]: Processing prepare() for PlatformAgent[MixinPlatformAgentDefault:SecureJarResource(tacz)]
[01Mar2026 21:48:46.203] [main/DEBUG] [mixin/]: Registering mixin config: tacz.mixins.json
[01Mar2026 21:48:46.203] [main/DEBUG] [mixin/]: Registering mixin config: tacz.compat.acceleratedrendering.mixins.json
[01Mar2026 21:48:46.204] [main/DEBUG] [mixin/]: Adding mixin platform agents for container SecureJarResource(lrtactical)
[01Mar2026 21:48:46.204] [main/DEBUG] [mixin/]: Instancing new MixinPlatformAgentMinecraftForge for SecureJarResource(lrtactical)
[01Mar2026 21:48:46.204] [main/DEBUG] [mixin/]: MixinPlatformAgentMinecraftForge rejected container SecureJarResource(lrtactical)
[01Mar2026 21:48:46.205] [main/DEBUG] [mixin/]: Instancing new MixinPlatformAgentDefault for SecureJarResource(lrtactical)
[01Mar2026 21:48:46.205] [main/DEBUG] [mixin/]: MixinPlatformAgentDefault accepted container SecureJarResource(lrtactical)
[01Mar2026 21:48:46.205] [main/DEBUG] [mixin/]: Processing prepare() for PlatformAgent[MixinPlatformAgentDefault:SecureJarResource(lrtactical)]
[01Mar2026 21:48:46.205] [main/DEBUG] [mixin/]: Registering mixin config: lrtactical.mixins.json
[01Mar2026 21:48:46.205] [main/DEBUG] [mixin/]: Compatibility level JAVA_8 specified by lrtactical.mixins.json is lower than the default level supported by the current mixin service (JAVA_16).
[01Mar2026 21:48:46.206] [main/DEBUG] [mixin/]: Adding mixin platform agents for container SecureJarResource(tacztweaks)
[01Mar2026 21:48:46.206] [main/DEBUG] [mixin/]: Instancing new MixinPlatformAgentMinecraftForge for SecureJarResource(tacztweaks)
[01Mar2026 21:48:46.206] [main/DEBUG] [mixin/]: MixinPlatformAgentMinecraftForge rejected container SecureJarResource(tacztweaks)
[01Mar2026 21:48:46.206] [main/DEBUG] [mixin/]: Instancing new MixinPlatformAgentDefault for SecureJarResource(tacztweaks)
[01Mar2026 21:48:46.206] [main/DEBUG] [mixin/]: MixinPlatformAgentDefault accepted container SecureJarResource(tacztweaks)
[01Mar2026 21:48:46.206] [main/DEBUG] [mixin/]: Processing prepare() for PlatformAgent[MixinPlatformAgentDefault:SecureJarResource(tacztweaks)]
[01Mar2026 21:48:46.206] [main/DEBUG] [mixin/]: Registering mixin config: tacztweaks.mixins.json
[01Mar2026 21:48:46.207] [main/DEBUG] [mixin/]: Compatibility level JAVA_8 specified by tacztweaks.mixins.json is lower than the default level supported by the current mixin service (JAVA_16).
[01Mar2026 21:48:46.207] [main/DEBUG] [mixin/]: Adding mixin platform agents for container SecureJarResource(create)
[01Mar2026 21:48:46.207] [main/DEBUG] [mixin/]: Instancing new MixinPlatformAgentMinecraftForge for SecureJarResource(create)
[01Mar2026 21:48:46.207] [main/DEBUG] [mixin/]: MixinPlatformAgentMinecraftForge rejected container SecureJarResource(create)
[01Mar2026 21:48:46.207] [main/DEBUG] [mixin/]: Instancing new MixinPlatformAgentDefault for SecureJarResource(create)
[01Mar2026 21:48:46.207] [main/DEBUG] [mixin/]: MixinPlatformAgentDefault accepted container SecureJarResource(create)
[01Mar2026 21:48:46.207] [main/DEBUG] [mixin/]: Processing prepare() for PlatformAgent[MixinPlatformAgentDefault:SecureJarResource(create)]
[01Mar2026 21:48:46.207] [main/DEBUG] [mixin/]: Registering mixin config: create.mixins.json
[01Mar2026 21:48:46.208] [main/DEBUG] [mixin/]: Adding mixin platform agents for container SecureJarResource(createdeco)
[01Mar2026 21:48:46.208] [main/DEBUG] [mixin/]: Instancing new MixinPlatformAgentMinecraftForge for SecureJarResource(createdeco)
[01Mar2026 21:48:46.208] [main/DEBUG] [mixin/]: MixinPlatformAgentMinecraftForge rejected container SecureJarResource(createdeco)
[01Mar2026 21:48:46.208] [main/DEBUG] [mixin/]: Instancing new MixinPlatformAgentDefault for SecureJarResource(createdeco)
[01Mar2026 21:48:46.208] [main/DEBUG] [mixin/]: MixinPlatformAgentDefault accepted container SecureJarResource(createdeco)
[01Mar2026 21:48:46.208] [main/DEBUG] [mixin/]: Processing prepare() for PlatformAgent[MixinPlatformAgentDefault:SecureJarResource(createdeco)]
[01Mar2026 21:48:46.208] [main/DEBUG] [mixin/]: Registering mixin config: createdeco-common.mixins.json
[01Mar2026 21:48:46.209] [main/DEBUG] [mixin/]: Registering mixin config: createdeco.mixins.json
[01Mar2026 21:48:46.210] [main/DEBUG] [mixin/]: Adding mixin platform agents for container SecureJarResource(sliceanddice)
[01Mar2026 21:48:46.210] [main/DEBUG] [mixin/]: Instancing new MixinPlatformAgentMinecraftForge for SecureJarResource(sliceanddice)
[01Mar2026 21:48:46.210] [main/DEBUG] [mixin/]: MixinPlatformAgentMinecraftForge rejected container SecureJarResource(sliceanddice)
[01Mar2026 21:48:46.210] [main/DEBUG] [mixin/]: Instancing new MixinPlatformAgentDefault for SecureJarResource(sliceanddice)
[01Mar2026 21:48:46.210] [main/DEBUG] [mixin/]: MixinPlatformAgentDefault accepted container SecureJarResource(sliceanddice)
[01Mar2026 21:48:46.210] [main/DEBUG] [mixin/]: Processing prepare() for PlatformAgent[MixinPlatformAgentDefault:SecureJarResource(sliceanddice)]
[01Mar2026 21:48:46.210] [main/DEBUG] [mixin/]: Registering mixin config: sliceanddice.mixins.json
[01Mar2026 21:48:46.211] [main/DEBUG] [mixin/]: Compatibility level JAVA_8 specified by sliceanddice.mixins.json is lower than the default level supported by the current mixin service (JAVA_16).
[01Mar2026 21:48:46.211] [main/DEBUG] [mixin/]: Adding mixin platform agents for container SecureJarResource(createbigcannons)
[01Mar2026 21:48:46.211] [main/DEBUG] [mixin/]: Instancing new MixinPlatformAgentMinecraftForge for SecureJarResource(createbigcannons)
[01Mar2026 21:48:46.211] [main/DEBUG] [mixin/]: MixinPlatformAgentMinecraftForge rejected container SecureJarResource(createbigcannons)
[01Mar2026 21:48:46.211] [main/DEBUG] [mixin/]: Instancing new MixinPlatformAgentDefault for SecureJarResource(createbigcannons)
[01Mar2026 21:48:46.211] [main/DEBUG] [mixin/]: MixinPlatformAgentDefault accepted container SecureJarResource(createbigcannons)
[01Mar2026 21:48:46.211] [main/DEBUG] [mixin/]: Processing prepare() for PlatformAgent[MixinPlatformAgentDefault:SecureJarResource(createbigcannons)]
[01Mar2026 21:48:46.211] [main/DEBUG] [mixin/]: Registering mixin config: createbigcannons-common.mixins.json
[01Mar2026 21:48:46.212] [main/DEBUG] [mixin/]: Registering mixin config: createbigcannons.mixins.json
[01Mar2026 21:48:46.212] [main/DEBUG] [mixin/]: Adding mixin platform agents for container SecureJarResource(chaoszpack_structures)
[01Mar2026 21:48:46.212] [main/DEBUG] [mixin/]: Instancing new MixinPlatformAgentMinecraftForge for SecureJarResource(chaoszpack_structures)
[01Mar2026 21:48:46.212] [main/DEBUG] [mixin/]: MixinPlatformAgentMinecraftForge rejected container SecureJarResource(chaoszpack_structures)
[01Mar2026 21:48:46.212] [main/DEBUG] [mixin/]: Instancing new MixinPlatformAgentDefault for SecureJarResource(chaoszpack_structures)
[01Mar2026 21:48:46.212] [main/DEBUG] [mixin/]: MixinPlatformAgentDefault accepted container SecureJarResource(chaoszpack_structures)
[01Mar2026 21:48:46.212] [main/DEBUG] [mixin/]: Processing prepare() for PlatformAgent[MixinPlatformAgentDefault:SecureJarResource(chaoszpack_structures)]
[01Mar2026 21:48:46.212] [main/DEBUG] [mixin/]: Adding mixin platform agents for container SecureJarResource(structory)
[01Mar2026 21:48:46.212] [main/DEBUG] [mixin/]: Instancing new MixinPlatformAgentMinecraftForge for SecureJarResource(structory)
[01Mar2026 21:48:46.212] [main/DEBUG] [mixin/]: MixinPlatformAgentMinecraftForge rejected container SecureJarResource(structory)
[01Mar2026 21:48:46.212] [main/DEBUG] [mixin/]: Instancing new MixinPlatformAgentDefault for SecureJarResource(structory)
[01Mar2026 21:48:46.212] [main/DEBUG] [mixin/]: MixinPlatformAgentDefault accepted container SecureJarResource(structory)
[01Mar2026 21:48:46.212] [main/DEBUG] [mixin/]: Processing prepare() for PlatformAgent[MixinPlatformAgentDefault:SecureJarResource(structory)]
[01Mar2026 21:48:46.212] [main/DEBUG] [mixin/]: Adding mixin platform agents for container SecureJarResource(comforts)
[01Mar2026 21:48:46.212] [main/DEBUG] [mixin/]: Instancing new MixinPlatformAgentMinecraftForge for SecureJarResource(comforts)
[01Mar2026 21:48:46.212] [main/DEBUG] [mixin/]: MixinPlatformAgentMinecraftForge rejected container SecureJarResource(comforts)
[01Mar2026 21:48:46.213] [main/DEBUG] [mixin/]: Instancing new MixinPlatformAgentDefault for SecureJarResource(comforts)
[01Mar2026 21:48:46.213] [main/DEBUG] [mixin/]: MixinPlatformAgentDefault accepted container SecureJarResource(comforts)
[01Mar2026 21:48:46.213] [main/DEBUG] [mixin/]: Processing prepare() for PlatformAgent[MixinPlatformAgentDefault:SecureJarResource(comforts)]
[01Mar2026 21:48:46.213] [main/DEBUG] [mixin/]: Registering mixin config: comforts.mixins.json
[01Mar2026 21:48:46.213] [main/DEBUG] [mixin/]: Adding mixin platform agents for container SecureJarResource(decorative_blocks)
[01Mar2026 21:48:46.213] [main/DEBUG] [mixin/]: Instancing new MixinPlatformAgentMinecraftForge for SecureJarResource(decorative_blocks)
[01Mar2026 21:48:46.213] [main/DEBUG] [mixin/]: MixinPlatformAgentMinecraftForge rejected container SecureJarResource(decorative_blocks)
[01Mar2026 21:48:46.213] [main/DEBUG] [mixin/]: Instancing new MixinPlatformAgentDefault for SecureJarResource(decorative_blocks)
[01Mar2026 21:48:46.213] [main/DEBUG] [mixin/]: MixinPlatformAgentDefault accepted container SecureJarResource(decorative_blocks)
[01Mar2026 21:48:46.213] [main/DEBUG] [mixin/]: Processing prepare() for PlatformAgent[MixinPlatformAgentDefault:SecureJarResource(decorative_blocks)]
[01Mar2026 21:48:46.213] [main/DEBUG] [mixin/]: Registering mixin config: decorative_blocks.mixins.json
[01Mar2026 21:48:46.214] [main/DEBUG] [mixin/]: Registering mixin config: decorative_blocks.forge.mixins.json
[01Mar2026 21:48:46.214] [main/DEBUG] [mixin/]: Adding mixin platform agents for container SecureJarResource(myserveriscompatible)
[01Mar2026 21:48:46.214] [main/DEBUG] [mixin/]: Instancing new MixinPlatformAgentMinecraftForge for SecureJarResource(myserveriscompatible)
[01Mar2026 21:48:46.214] [main/DEBUG] [mixin/]: MixinPlatformAgentMinecraftForge rejected container SecureJarResource(myserveriscompatible)
[01Mar2026 21:48:46.214] [main/DEBUG] [mixin/]: Instancing new MixinPlatformAgentDefault for SecureJarResource(myserveriscompatible)
[01Mar2026 21:48:46.214] [main/DEBUG] [mixin/]: MixinPlatformAgentDefault accepted container SecureJarResource(myserveriscompatible)
[01Mar2026 21:48:46.214] [main/DEBUG] [mixin/]: Processing prepare() for PlatformAgent[MixinPlatformAgentDefault:SecureJarResource(myserveriscompatible)]
[01Mar2026 21:48:46.214] [main/DEBUG] [mixin/]: Registering mixin config: myserveriscompatible.mixins.json
[01Mar2026 21:48:46.215] [main/DEBUG] [mixin/]: Adding mixin platform agents for container SecureJarResource(lingua_bib)
[01Mar2026 21:48:46.215] [main/DEBUG] [mixin/]: Instancing new MixinPlatformAgentMinecraftForge for SecureJarResource(lingua_bib)
[01Mar2026 21:48:46.215] [main/DEBUG] [mixin/]: MixinPlatformAgentMinecraftForge rejected container SecureJarResource(lingua_bib)
[01Mar2026 21:48:46.215] [main/DEBUG] [mixin/]: Instancing new MixinPlatformAgentDefault for SecureJarResource(lingua_bib)
[01Mar2026 21:48:46.215] [main/DEBUG] [mixin/]: MixinPlatformAgentDefault accepted container SecureJarResource(lingua_bib)
[01Mar2026 21:48:46.215] [main/DEBUG] [mixin/]: Processing prepare() for PlatformAgent[MixinPlatformAgentDefault:SecureJarResource(lingua_bib)]
[01Mar2026 21:48:46.215] [main/DEBUG] [mixin/]: Registering mixin config: lingua_bib.mixins.json
[01Mar2026 21:48:46.216] [main/DEBUG] [mixin/]: Compatibility level JAVA_16 specified by lingua_bib.mixins.json is higher than the maximum level supported by this version of mixin (JAVA_13).
[01Mar2026 21:48:46.216] [main/DEBUG] [mixin/]: Registering mixin config: lingua_bib.forge.mixins.json
[01Mar2026 21:48:46.216] [main/DEBUG] [mixin/]: Compatibility level JAVA_16 specified by lingua_bib.forge.mixins.json is higher than the maximum level supported by this version of mixin (JAVA_13).
[01Mar2026 21:48:46.216] [main/DEBUG] [mixin/]: Adding mixin platform agents for container SecureJarResource(badmobs)
[01Mar2026 21:48:46.216] [main/DEBUG] [mixin/]: Instancing new MixinPlatformAgentMinecraftForge for SecureJarResource(badmobs)
[01Mar2026 21:48:46.217] [main/DEBUG] [mixin/]: MixinPlatformAgentMinecraftForge rejected container SecureJarResource(badmobs)
[01Mar2026 21:48:46.217] [main/DEBUG] [mixin/]: Instancing new MixinPlatformAgentDefault for SecureJarResource(badmobs)
[01Mar2026 21:48:46.217] [main/DEBUG] [mixin/]: MixinPlatformAgentDefault accepted container SecureJarResource(badmobs)
[01Mar2026 21:48:46.217] [main/DEBUG] [mixin/]: Processing prepare() for PlatformAgent[MixinPlatformAgentDefault:SecureJarResource(badmobs)]
[01Mar2026 21:48:46.217] [main/DEBUG] [mixin/]: Adding mixin platform agents for container SecureJarResource(access_denied)
[01Mar2026 21:48:46.217] [main/DEBUG] [mixin/]: Instancing new MixinPlatformAgentMinecraftForge for SecureJarResource(access_denied)
[01Mar2026 21:48:46.217] [main/DEBUG] [mixin/]: MixinPlatformAgentMinecraftForge rejected container SecureJarResource(access_denied)
[01Mar2026 21:48:46.217] [main/DEBUG] [mixin/]: Instancing new MixinPlatformAgentDefault for SecureJarResource(access_denied)
[01Mar2026 21:48:46.217] [main/DEBUG] [mixin/]: MixinPlatformAgentDefault accepted container SecureJarResource(access_denied)
[01Mar2026 21:48:46.217] [main/DEBUG] [mixin/]: Processing prepare() for PlatformAgent[MixinPlatformAgentDefault:SecureJarResource(access_denied)]
[01Mar2026 21:48:46.217] [main/DEBUG] [mixin/]: Adding mixin platform agents for container SecureJarResource(mts)
[01Mar2026 21:48:46.217] [main/DEBUG] [mixin/]: Instancing new MixinPlatformAgentMinecraftForge for SecureJarResource(mts)
[01Mar2026 21:48:46.217] [main/DEBUG] [mixin/]: MixinPlatformAgentMinecraftForge rejected container SecureJarResource(mts)
[01Mar2026 21:48:46.217] [main/DEBUG] [mixin/]: Instancing new MixinPlatformAgentDefault for SecureJarResource(mts)
[01Mar2026 21:48:46.217] [main/DEBUG] [mixin/]: MixinPlatformAgentDefault accepted container SecureJarResource(mts)
[01Mar2026 21:48:46.217] [main/DEBUG] [mixin/]: Processing prepare() for PlatformAgent[MixinPlatformAgentDefault:SecureJarResource(mts)]
[01Mar2026 21:48:46.217] [main/DEBUG] [mixin/]: Registering mixin config: mts.mixins.json
[01Mar2026 21:48:46.217] [main/DEBUG] [mixin/]: Adding mixin platform agents for container SecureJarResource(terralith)
[01Mar2026 21:48:46.217] [main/DEBUG] [mixin/]: Instancing new MixinPlatformAgentMinecraftForge for SecureJarResource(terralith)
[01Mar2026 21:48:46.217] [main/DEBUG] [mixin/]: MixinPlatformAgentMinecraftForge rejected container SecureJarResource(terralith)
[01Mar2026 21:48:46.217] [main/DEBUG] [mixin/]: Instancing new MixinPlatformAgentDefault for SecureJarResource(terralith)
[01Mar2026 21:48:46.218] [main/DEBUG] [mixin/]: MixinPlatformAgentDefault accepted container SecureJarResource(terralith)
[01Mar2026 21:48:46.218] [main/DEBUG] [mixin/]: Processing prepare() for PlatformAgent[MixinPlatformAgentDefault:SecureJarResource(terralith)]
[01Mar2026 21:48:46.218] [main/DEBUG] [mixin/]: Adding mixin platform agents for container SecureJarResource(dtterralith)
[01Mar2026 21:48:46.218] [main/DEBUG] [mixin/]: Instancing new MixinPlatformAgentMinecraftForge for SecureJarResource(dtterralith)
[01Mar2026 21:48:46.218] [main/DEBUG] [mixin/]: MixinPlatformAgentMinecraftForge rejected container SecureJarResource(dtterralith)
[01Mar2026 21:48:46.218] [main/DEBUG] [mixin/]: Instancing new MixinPlatformAgentDefault for SecureJarResource(dtterralith)
[01Mar2026 21:48:46.218] [main/DEBUG] [mixin/]: MixinPlatformAgentDefault accepted container SecureJarResource(dtterralith)
[01Mar2026 21:48:46.218] [main/DEBUG] [mixin/]: Processing prepare() for PlatformAgent[MixinPlatformAgentDefault:SecureJarResource(dtterralith)]
[01Mar2026 21:48:46.218] [main/DEBUG] [mixin/]: Adding mixin platform agents for container SecureJarResource(jeffsgibbing)
[01Mar2026 21:48:46.218] [main/DEBUG] [mixin/]: Instancing new MixinPlatformAgentMinecraftForge for SecureJarResource(jeffsgibbing)
[01Mar2026 21:48:46.218] [main/DEBUG] [mixin/]: MixinPlatformAgentMinecraftForge rejected container SecureJarResource(jeffsgibbing)
[01Mar2026 21:48:46.218] [main/DEBUG] [mixin/]: Instancing new MixinPlatformAgentDefault for SecureJarResource(jeffsgibbing)
[01Mar2026 21:48:46.218] [main/DEBUG] [mixin/]: MixinPlatformAgentDefault accepted container SecureJarResource(jeffsgibbing)
[01Mar2026 21:48:46.218] [main/DEBUG] [mixin/]: Processing prepare() for PlatformAgent[MixinPlatformAgentDefault:SecureJarResource(jeffsgibbing)]
[01Mar2026 21:48:46.218] [main/DEBUG] [mixin/]: Adding mixin platform agents for container SecureJarResource(experimentalsettingsdisabler)
[01Mar2026 21:48:46.218] [main/DEBUG] [mixin/]: Instancing new MixinPlatformAgentMinecraftForge for SecureJarResource(experimentalsettingsdisabler)
[01Mar2026 21:48:46.218] [main/DEBUG] [mixin/]: MixinPlatformAgentMinecraftForge rejected container SecureJarResource(experimentalsettingsdisabler)
[01Mar2026 21:48:46.218] [main/DEBUG] [mixin/]: Instancing new MixinPlatformAgentDefault for SecureJarResource(experimentalsettingsdisabler)
[01Mar2026 21:48:46.218] [main/DEBUG] [mixin/]: MixinPlatformAgentDefault accepted container SecureJarResource(experimentalsettingsdisabler)
[01Mar2026 21:48:46.218] [main/DEBUG] [mixin/]: Processing prepare() for PlatformAgent[MixinPlatformAgentDefault:SecureJarResource(experimentalsettingsdisabler)]
[01Mar2026 21:48:46.218] [main/DEBUG] [mixin/]: Registering mixin config: experimentalsettingsdisabler.mixins.json
[01Mar2026 21:48:46.219] [main/DEBUG] [mixin/]: Adding mixin platform agents for container SecureJarResource(enchdesc)
[01Mar2026 21:48:46.219] [main/DEBUG] [mixin/]: Instancing new MixinPlatformAgentMinecraftForge for SecureJarResource(enchdesc)
[01Mar2026 21:48:46.219] [main/DEBUG] [mixin/]: MixinPlatformAgentMinecraftForge rejected container SecureJarResource(enchdesc)
[01Mar2026 21:48:46.219] [main/DEBUG] [mixin/]: Instancing new MixinPlatformAgentDefault for SecureJarResource(enchdesc)
[01Mar2026 21:48:46.219] [main/DEBUG] [mixin/]: MixinPlatformAgentDefault accepted container SecureJarResource(enchdesc)
[01Mar2026 21:48:46.219] [main/DEBUG] [mixin/]: Processing prepare() for PlatformAgent[MixinPlatformAgentDefault:SecureJarResource(enchdesc)]
[01Mar2026 21:48:46.219] [main/DEBUG] [mixin/]: Adding mixin platform agents for container SecureJarResource(moonlight)
[01Mar2026 21:48:46.219] [main/DEBUG] [mixin/]: Instancing new MixinPlatformAgentMinecraftForge for SecureJarResource(moonlight)
[01Mar2026 21:48:46.219] [main/DEBUG] [mixin/]: MixinPlatformAgentMinecraftForge rejected container SecureJarResource(moonlight)
[01Mar2026 21:48:46.219] [main/DEBUG] [mixin/]: Instancing new MixinPlatformAgentDefault for SecureJarResource(moonlight)
[01Mar2026 21:48:46.219] [main/DEBUG] [mixin/]: MixinPlatformAgentDefault accepted container SecureJarResource(moonlight)
[01Mar2026 21:48:46.219] [main/DEBUG] [mixin/]: Processing prepare() for PlatformAgent[MixinPlatformAgentDefault:SecureJarResource(moonlight)]
[01Mar2026 21:48:46.219] [main/DEBUG] [mixin/]: Registering mixin config: moonlight-common.mixins.json
[01Mar2026 21:48:46.219] [main/DEBUG] [mixin/]: Registering mixin config: moonlight.mixins.json
[01Mar2026 21:48:46.220] [main/DEBUG] [mixin/]: Adding mixin platform agents for container SecureJarResource(extragore)
[01Mar2026 21:48:46.220] [main/DEBUG] [mixin/]: Instancing new MixinPlatformAgentMinecraftForge for SecureJarResource(extragore)
[01Mar2026 21:48:46.220] [main/DEBUG] [mixin/]: MixinPlatformAgentMinecraftForge rejected container SecureJarResource(extragore)
[01Mar2026 21:48:46.220] [main/DEBUG] [mixin/]: Instancing new MixinPlatformAgentDefault for SecureJarResource(extragore)
[01Mar2026 21:48:46.220] [main/DEBUG] [mixin/]: MixinPlatformAgentDefault accepted container SecureJarResource(extragore)
[01Mar2026 21:48:46.220] [main/DEBUG] [mixin/]: Processing prepare() for PlatformAgent[MixinPlatformAgentDefault:SecureJarResource(extragore)]
[01Mar2026 21:48:46.220] [main/DEBUG] [mixin/]: Adding mixin platform agents for container SecureJarResource(toolbelt)
[01Mar2026 21:48:46.220] [main/DEBUG] [mixin/]: Instancing new MixinPlatformAgentMinecraftForge for SecureJarResource(toolbelt)
[01Mar2026 21:48:46.220] [main/DEBUG] [mixin/]: MixinPlatformAgentMinecraftForge rejected container SecureJarResource(toolbelt)
[01Mar2026 21:48:46.220] [main/DEBUG] [mixin/]: Instancing new MixinPlatformAgentDefault for SecureJarResource(toolbelt)
[01Mar2026 21:48:46.220] [main/DEBUG] [mixin/]: MixinPlatformAgentDefault accepted container SecureJarResource(toolbelt)
[01Mar2026 21:48:46.220] [main/DEBUG] [mixin/]: Processing prepare() for PlatformAgent[MixinPlatformAgentDefault:SecureJarResource(toolbelt)]
[01Mar2026 21:48:46.220] [main/DEBUG] [mixin/]: Adding mixin platform agents for container SecureJarResource(regions_unexplored)
[01Mar2026 21:48:46.220] [main/DEBUG] [mixin/]: Instancing new MixinPlatformAgentMinecraftForge for SecureJarResource(regions_unexplored)
[01Mar2026 21:48:46.220] [main/DEBUG] [mixin/]: MixinPlatformAgentMinecraftForge rejected container SecureJarResource(regions_unexplored)
[01Mar2026 21:48:46.220] [main/DEBUG] [mixin/]: Instancing new MixinPlatformAgentDefault for SecureJarResource(regions_unexplored)
[01Mar2026 21:48:46.220] [main/DEBUG] [mixin/]: MixinPlatformAgentDefault accepted container SecureJarResource(regions_unexplored)
[01Mar2026 21:48:46.220] [main/DEBUG] [mixin/]: Processing prepare() for PlatformAgent[MixinPlatformAgentDefault:SecureJarResource(regions_unexplored)]
[01Mar2026 21:48:46.220] [main/DEBUG] [mixin/]: Registering mixin config: ru.mixin.json
[01Mar2026 21:48:46.221] [main/DEBUG] [mixin/]: Adding mixin platform agents for container SecureJarResource(dtru)
[01Mar2026 21:48:46.221] [main/DEBUG] [mixin/]: Instancing new MixinPlatformAgentMinecraftForge for SecureJarResource(dtru)
[01Mar2026 21:48:46.221] [main/DEBUG] [mixin/]: MixinPlatformAgentMinecraftForge rejected container SecureJarResource(dtru)
[01Mar2026 21:48:46.221] [main/DEBUG] [mixin/]: Instancing new MixinPlatformAgentDefault for SecureJarResource(dtru)
[01Mar2026 21:48:46.221] [main/DEBUG] [mixin/]: MixinPlatformAgentDefault accepted container SecureJarResource(dtru)
[01Mar2026 21:48:46.221] [main/DEBUG] [mixin/]: Processing prepare() for PlatformAgent[MixinPlatformAgentDefault:SecureJarResource(dtru)]
[01Mar2026 21:48:46.221] [main/DEBUG] [mixin/]: Adding mixin platform agents for container SecureJarResource(mixinsquared)
[01Mar2026 21:48:46.221] [main/DEBUG] [mixin/]: Instancing new MixinPlatformAgentMinecraftForge for SecureJarResource(mixinsquared)
[01Mar2026 21:48:46.221] [main/DEBUG] [mixin/]: MixinPlatformAgentMinecraftForge rejected container SecureJarResource(mixinsquared)
[01Mar2026 21:48:46.221] [main/DEBUG] [mixin/]: Instancing new MixinPlatformAgentDefault for SecureJarResource(mixinsquared)
[01Mar2026 21:48:46.221] [main/DEBUG] [mixin/]: MixinPlatformAgentDefault accepted container SecureJarResource(mixinsquared)
[01Mar2026 21:48:46.221] [main/DEBUG] [mixin/]: Processing prepare() for PlatformAgent[MixinPlatformAgentDefault:SecureJarResource(mixinsquared)]
[01Mar2026 21:48:46.221] [main/DEBUG] [mixin/]: Registering mixin config: mixinsquared.init.mixins.json
[01Mar2026 21:48:46.222] [main/DEBUG] [mixin/]: Adding mixin platform agents for container SecureJarResource(jade)
[01Mar2026 21:48:46.222] [main/DEBUG] [mixin/]: Instancing new MixinPlatformAgentMinecraftForge for SecureJarResource(jade)
[01Mar2026 21:48:46.222] [main/DEBUG] [mixin/]: MixinPlatformAgentMinecraftForge rejected container SecureJarResource(jade)
[01Mar2026 21:48:46.222] [main/DEBUG] [mixin/]: Instancing new MixinPlatformAgentDefault for SecureJarResource(jade)
[01Mar2026 21:48:46.222] [main/DEBUG] [mixin/]: MixinPlatformAgentDefault accepted container SecureJarResource(jade)
[01Mar2026 21:48:46.222] [main/DEBUG] [mixin/]: Processing prepare() for PlatformAgent[MixinPlatformAgentDefault:SecureJarResource(jade)]
[01Mar2026 21:48:46.222] [main/DEBUG] [mixin/]: Registering mixin config: jade.mixins.json
[01Mar2026 21:48:46.223] [main/DEBUG] [mixin/]: Compatibility level JAVA_16 specified by jade.mixins.json is higher than the maximum level supported by this version of mixin (JAVA_13).
[01Mar2026 21:48:46.223] [main/DEBUG] [mixin/]: Adding mixin platform agents for container SecureJarResource(creativecore)
[01Mar2026 21:48:46.223] [main/DEBUG] [mixin/]: Instancing new MixinPlatformAgentMinecraftForge for SecureJarResource(creativecore)
[01Mar2026 21:48:46.223] [main/DEBUG] [mixin/]: MixinPlatformAgentMinecraftForge rejected container SecureJarResource(creativecore)
[01Mar2026 21:48:46.223] [main/DEBUG] [mixin/]: Instancing new MixinPlatformAgentDefault for SecureJarResource(creativecore)
[01Mar2026 21:48:46.223] [main/DEBUG] [mixin/]: MixinPlatformAgentDefault accepted container SecureJarResource(creativecore)
[01Mar2026 21:48:46.223] [main/DEBUG] [mixin/]: Processing prepare() for PlatformAgent[MixinPlatformAgentDefault:SecureJarResource(creativecore)]
[01Mar2026 21:48:46.223] [main/DEBUG] [mixin/]: Registering mixin config: creativecore.mixins.json
[01Mar2026 21:48:46.224] [main/DEBUG] [mixin/]: Registering mixin config: creativecore.forge.mixins.json
[01Mar2026 21:48:46.224] [main/DEBUG] [mixin/]: Adding mixin platform agents for container SecureJarResource(dweller_dweller)
[01Mar2026 21:48:46.224] [main/DEBUG] [mixin/]: Instancing new MixinPlatformAgentMinecraftForge for SecureJarResource(dweller_dweller)
[01Mar2026 21:48:46.224] [main/DEBUG] [mixin/]: MixinPlatformAgentMinecraftForge rejected container SecureJarResource(dweller_dweller)
[01Mar2026 21:48:46.224] [main/DEBUG] [mixin/]: Instancing new MixinPlatformAgentDefault for SecureJarResource(dweller_dweller)
[01Mar2026 21:48:46.224] [main/DEBUG] [mixin/]: MixinPlatformAgentDefault accepted container SecureJarResource(dweller_dweller)
[01Mar2026 21:48:46.224] [main/DEBUG] [mixin/]: Processing prepare() for PlatformAgent[MixinPlatformAgentDefault:SecureJarResource(dweller_dweller)]
[01Mar2026 21:48:46.224] [main/DEBUG] [mixin/]: Adding mixin platform agents for container SecureJarResource(smoothboot)
[01Mar2026 21:48:46.224] [main/DEBUG] [mixin/]: Instancing new MixinPlatformAgentMinecraftForge for SecureJarResource(smoothboot)
[01Mar2026 21:48:46.224] [main/DEBUG] [mixin/]: MixinPlatformAgentMinecraftForge rejected container SecureJarResource(smoothboot)
[01Mar2026 21:48:46.224] [main/DEBUG] [mixin/]: Instancing new MixinPlatformAgentDefault for SecureJarResource(smoothboot)
[01Mar2026 21:48:46.224] [main/DEBUG] [mixin/]: MixinPlatformAgentDefault accepted container SecureJarResource(smoothboot)
[01Mar2026 21:48:46.224] [main/DEBUG] [mixin/]: Processing prepare() for PlatformAgent[MixinPlatformAgentDefault:SecureJarResource(smoothboot)]
[01Mar2026 21:48:46.224] [main/DEBUG] [mixin/]: Registering mixin config: smoothboot.mixins.json
[01Mar2026 21:48:46.225] [main/DEBUG] [mixin/]: Adding mixin platform agents for container SecureJarResource(voidfog)
[01Mar2026 21:48:46.225] [main/DEBUG] [mixin/]: Instancing new MixinPlatformAgentMinecraftForge for SecureJarResource(voidfog)
[01Mar2026 21:48:46.225] [main/DEBUG] [mixin/]: MixinPlatformAgentMinecraftForge rejected container SecureJarResource(voidfog)
[01Mar2026 21:48:46.225] [main/DEBUG] [mixin/]: Instancing new MixinPlatformAgentDefault for SecureJarResource(voidfog)
[01Mar2026 21:48:46.225] [main/DEBUG] [mixin/]: MixinPlatformAgentDefault accepted container SecureJarResource(voidfog)
[01Mar2026 21:48:46.225] [main/DEBUG] [mixin/]: Processing prepare() for PlatformAgent[MixinPlatformAgentDefault:SecureJarResource(voidfog)]
[01Mar2026 21:48:46.225] [main/DEBUG] [mixin/]: Adding mixin platform agents for container SecureJarResource(mobsunscreen)
[01Mar2026 21:48:46.225] [main/DEBUG] [mixin/]: Instancing new MixinPlatformAgentMinecraftForge for SecureJarResource(mobsunscreen)
[01Mar2026 21:48:46.225] [main/DEBUG] [mixin/]: MixinPlatformAgentMinecraftForge rejected container SecureJarResource(mobsunscreen)
[01Mar2026 21:48:46.225] [main/DEBUG] [mixin/]: Instancing new MixinPlatformAgentDefault for SecureJarResource(mobsunscreen)
[01Mar2026 21:48:46.225] [main/DEBUG] [mixin/]: MixinPlatformAgentDefault accepted container SecureJarResource(mobsunscreen)
[01Mar2026 21:48:46.225] [main/DEBUG] [mixin/]: Processing prepare() for PlatformAgent[MixinPlatformAgentDefault:SecureJarResource(mobsunscreen)]
[01Mar2026 21:48:46.225] [main/DEBUG] [mixin/]: Adding mixin platform agents for container SecureJarResource(fancymenu)
[01Mar2026 21:48:46.225] [main/DEBUG] [mixin/]: Instancing new MixinPlatformAgentMinecraftForge for SecureJarResource(fancymenu)
[01Mar2026 21:48:46.226] [main/DEBUG] [mixin/]: MixinPlatformAgentMinecraftForge rejected container SecureJarResource(fancymenu)
[01Mar2026 21:48:46.226] [main/DEBUG] [mixin/]: Instancing new MixinPlatformAgentDefault for SecureJarResource(fancymenu)
[01Mar2026 21:48:46.226] [main/DEBUG] [mixin/]: MixinPlatformAgentDefault accepted container SecureJarResource(fancymenu)
[01Mar2026 21:48:46.226] [main/DEBUG] [mixin/]: Processing prepare() for PlatformAgent[MixinPlatformAgentDefault:SecureJarResource(fancymenu)]
[01Mar2026 21:48:46.226] [main/DEBUG] [mixin/]: Registering mixin config: fancymenu.mixins.json
[01Mar2026 21:48:46.227] [main/DEBUG] [mixin/]: Registering mixin config: fancymenu.forge.mixins.json
[01Mar2026 21:48:46.228] [main/DEBUG] [mixin/]: Adding mixin platform agents for container SecureJarResource(lios_overhauled_villages)
[01Mar2026 21:48:46.228] [main/DEBUG] [mixin/]: Instancing new MixinPlatformAgentMinecraftForge for SecureJarResource(lios_overhauled_villages)
[01Mar2026 21:48:46.228] [main/DEBUG] [mixin/]: MixinPlatformAgentMinecraftForge rejected container SecureJarResource(lios_overhauled_villages)
[01Mar2026 21:48:46.228] [main/DEBUG] [mixin/]: Instancing new MixinPlatformAgentDefault for SecureJarResource(lios_overhauled_villages)
[01Mar2026 21:48:46.228] [main/DEBUG] [mixin/]: MixinPlatformAgentDefault accepted container SecureJarResource(lios_overhauled_villages)
[01Mar2026 21:48:46.228] [main/DEBUG] [mixin/]: Processing prepare() for PlatformAgent[MixinPlatformAgentDefault:SecureJarResource(lios_overhauled_villages)]
[01Mar2026 21:48:46.228] [main/DEBUG] [mixin/]: Adding mixin platform agents for container SecureJarResource(coroutil)
[01Mar2026 21:48:46.228] [main/DEBUG] [mixin/]: Instancing new MixinPlatformAgentMinecraftForge for SecureJarResource(coroutil)
[01Mar2026 21:48:46.228] [main/DEBUG] [mixin/]: MixinPlatformAgentMinecraftForge rejected container SecureJarResource(coroutil)
[01Mar2026 21:48:46.228] [main/DEBUG] [mixin/]: Instancing new MixinPlatformAgentDefault for SecureJarResource(coroutil)
[01Mar2026 21:48:46.228] [main/DEBUG] [mixin/]: MixinPlatformAgentDefault accepted container SecureJarResource(coroutil)
[01Mar2026 21:48:46.228] [main/DEBUG] [mixin/]: Processing prepare() for PlatformAgent[MixinPlatformAgentDefault:SecureJarResource(coroutil)]
[01Mar2026 21:48:46.228] [main/DEBUG] [mixin/]: Registering mixin config: coroutil.mixins.json
[01Mar2026 21:48:46.229] [main/DEBUG] [mixin/]: Adding mixin platform agents for container SecureJarResource(nobz)
[01Mar2026 21:48:46.229] [main/DEBUG] [mixin/]: Instancing new MixinPlatformAgentMinecraftForge for SecureJarResource(nobz)
[01Mar2026 21:48:46.229] [main/DEBUG] [mixin/]: MixinPlatformAgentMinecraftForge rejected container SecureJarResource(nobz)
[01Mar2026 21:48:46.229] [main/DEBUG] [mixin/]: Instancing new MixinPlatformAgentDefault for SecureJarResource(nobz)
[01Mar2026 21:48:46.229] [main/DEBUG] [mixin/]: MixinPlatformAgentDefault accepted container SecureJarResource(nobz)
[01Mar2026 21:48:46.229] [main/DEBUG] [mixin/]: Processing prepare() for PlatformAgent[MixinPlatformAgentDefault:SecureJarResource(nobz)]
[01Mar2026 21:48:46.229] [main/DEBUG] [mixin/]: Adding mixin platform agents for container SecureJarResource(ferritecore)
[01Mar2026 21:48:46.229] [main/DEBUG] [mixin/]: Instancing new MixinPlatformAgentMinecraftForge for SecureJarResource(ferritecore)
[01Mar2026 21:48:46.229] [main/DEBUG] [mixin/]: MixinPlatformAgentMinecraftForge rejected container SecureJarResource(ferritecore)
[01Mar2026 21:48:46.229] [main/DEBUG] [mixin/]: Instancing new MixinPlatformAgentDefault for SecureJarResource(ferritecore)
[01Mar2026 21:48:46.229] [main/DEBUG] [mixin/]: MixinPlatformAgentDefault accepted container SecureJarResource(ferritecore)
[01Mar2026 21:48:46.229] [main/DEBUG] [mixin/]: Processing prepare() for PlatformAgent[MixinPlatformAgentDefault:SecureJarResource(ferritecore)]
[01Mar2026 21:48:46.229] [main/DEBUG] [mixin/]: Registering mixin config: ferritecore.predicates.mixin.json
[01Mar2026 21:48:46.230] [main/DEBUG] [mixin/]: Registering mixin config: ferritecore.fastmap.mixin.json
[01Mar2026 21:48:46.231] [main/DEBUG] [mixin/]: Registering mixin config: ferritecore.mrl.mixin.json
[01Mar2026 21:48:46.232] [main/DEBUG] [mixin/]: Registering mixin config: ferritecore.dedupmultipart.mixin.json
[01Mar2026 21:48:46.233] [main/DEBUG] [mixin/]: Registering mixin config: ferritecore.blockstatecache.mixin.json
[01Mar2026 21:48:46.233] [main/DEBUG] [mixin/]: Registering mixin config: ferritecore.dedupbakedquad.mixin.json
[01Mar2026 21:48:46.234] [main/DEBUG] [mixin/]: Registering mixin config: ferritecore.threaddetec.mixin.json
[01Mar2026 21:48:46.236] [main/DEBUG] [mixin/]: Registering mixin config: ferritecore.modelsides.mixin.json
[01Mar2026 21:48:46.237] [main/DEBUG] [mixin/]: Adding mixin platform agents for container SecureJarResource(yet_another_config_lib_v3)
[01Mar2026 21:48:46.237] [main/DEBUG] [mixin/]: Instancing new MixinPlatformAgentMinecraftForge for SecureJarResource(yet_another_config_lib_v3)
[01Mar2026 21:48:46.237] [main/DEBUG] [mixin/]: MixinPlatformAgentMinecraftForge rejected container SecureJarResource(yet_another_config_lib_v3)
[01Mar2026 21:48:46.237] [main/DEBUG] [mixin/]: Instancing new MixinPlatformAgentDefault for SecureJarResource(yet_another_config_lib_v3)
[01Mar2026 21:48:46.237] [main/DEBUG] [mixin/]: MixinPlatformAgentDefault accepted container SecureJarResource(yet_another_config_lib_v3)
[01Mar2026 21:48:46.237] [main/DEBUG] [mixin/]: Processing prepare() for PlatformAgent[MixinPlatformAgentDefault:SecureJarResource(yet_another_config_lib_v3)]
[01Mar2026 21:48:46.237] [main/DEBUG] [mixin/]: Registering mixin config: yacl.mixins.json
[01Mar2026 21:48:46.238] [main/ERROR] [mixin/]: Mixin config yacl.mixins.json does not specify "minVersion" property
[01Mar2026 21:48:46.238] [main/DEBUG] [mixin/]: Adding mixin platform agents for container SecureJarResource(enhancedcelestials)
[01Mar2026 21:48:46.238] [main/DEBUG] [mixin/]: Instancing new MixinPlatformAgentMinecraftForge for SecureJarResource(enhancedcelestials)
[01Mar2026 21:48:46.238] [main/DEBUG] [mixin/]: MixinPlatformAgentMinecraftForge rejected container SecureJarResource(enhancedcelestials)
[01Mar2026 21:48:46.238] [main/DEBUG] [mixin/]: Instancing new MixinPlatformAgentDefault for SecureJarResource(enhancedcelestials)
[01Mar2026 21:48:46.238] [main/DEBUG] [mixin/]: MixinPlatformAgentDefault accepted container SecureJarResource(enhancedcelestials)
[01Mar2026 21:48:46.238] [main/DEBUG] [mixin/]: Processing prepare() for PlatformAgent[MixinPlatformAgentDefault:SecureJarResource(enhancedcelestials)]
[01Mar2026 21:48:46.238] [main/DEBUG] [mixin/]: Registering mixin config: enhancedcelestials.mixins.json
[01Mar2026 21:48:46.239] [main/DEBUG] [mixin/]: Registering mixin config: enhancedcelestials_asm.mixins.json
[01Mar2026 21:48:46.240] [main/DEBUG] [mixin/]: Registering mixin config: enhancedcelestials.forge.mixins.json
[01Mar2026 21:48:46.240] [main/DEBUG] [mixin/]: Adding mixin platform agents for container SecureJarResource(corgilib)
[01Mar2026 21:48:46.240] [main/DEBUG] [mixin/]: Instancing new MixinPlatformAgentMinecraftForge for SecureJarResource(corgilib)
[01Mar2026 21:48:46.240] [main/DEBUG] [mixin/]: MixinPlatformAgentMinecraftForge rejected container SecureJarResource(corgilib)
[01Mar2026 21:48:46.240] [main/DEBUG] [mixin/]: Instancing new MixinPlatformAgentDefault for SecureJarResource(corgilib)
[01Mar2026 21:48:46.241] [main/DEBUG] [mixin/]: MixinPlatformAgentDefault accepted container SecureJarResource(corgilib)
[01Mar2026 21:48:46.241] [main/DEBUG] [mixin/]: Processing prepare() for PlatformAgent[MixinPlatformAgentDefault:SecureJarResource(corgilib)]
[01Mar2026 21:48:46.241] [main/DEBUG] [mixin/]: Registering mixin config: corgilib-common.mixins.json
[01Mar2026 21:48:46.241] [main/DEBUG] [mixin/]: Adding mixin platform agents for container SecureJarResource(dataanchor)
[01Mar2026 21:48:46.241] [main/DEBUG] [mixin/]: Instancing new MixinPlatformAgentMinecraftForge for SecureJarResource(dataanchor)
[01Mar2026 21:48:46.241] [main/DEBUG] [mixin/]: MixinPlatformAgentMinecraftForge rejected container SecureJarResource(dataanchor)
[01Mar2026 21:48:46.241] [main/DEBUG] [mixin/]: Instancing new MixinPlatformAgentDefault for SecureJarResource(dataanchor)
[01Mar2026 21:48:46.241] [main/DEBUG] [mixin/]: MixinPlatformAgentDefault accepted container SecureJarResource(dataanchor)
[01Mar2026 21:48:46.241] [main/DEBUG] [mixin/]: Processing prepare() for PlatformAgent[MixinPlatformAgentDefault:SecureJarResource(dataanchor)]
[01Mar2026 21:48:46.241] [main/DEBUG] [mixin/]: Registering mixin config: dataanchor-common.mixins.json
[01Mar2026 21:48:46.242] [main/DEBUG] [mixin/]: Registering mixin config: dataanchor.mixins.json
[01Mar2026 21:48:46.243] [main/DEBUG] [mixin/]: Adding mixin platform agents for container SecureJarResource(justzoom)
[01Mar2026 21:48:46.243] [main/DEBUG] [mixin/]: Instancing new MixinPlatformAgentMinecraftForge for SecureJarResource(justzoom)
[01Mar2026 21:48:46.243] [main/DEBUG] [mixin/]: MixinPlatformAgentMinecraftForge rejected container SecureJarResource(justzoom)
[01Mar2026 21:48:46.243] [main/DEBUG] [mixin/]: Instancing new MixinPlatformAgentDefault for SecureJarResource(justzoom)
[01Mar2026 21:48:46.243] [main/DEBUG] [mixin/]: MixinPlatformAgentDefault accepted container SecureJarResource(justzoom)
[01Mar2026 21:48:46.243] [main/DEBUG] [mixin/]: Processing prepare() for PlatformAgent[MixinPlatformAgentDefault:SecureJarResource(justzoom)]
[01Mar2026 21:48:46.243] [main/DEBUG] [mixin/]: Registering mixin config: justzoom.mixins.json
[01Mar2026 21:48:46.244] [main/DEBUG] [mixin/]: Registering mixin config: justzoom.forge.mixins.json
[01Mar2026 21:48:46.244] [main/DEBUG] [mixin/]: Adding mixin platform agents for container SecureJarResource(charmofundying)
[01Mar2026 21:48:46.244] [main/DEBUG] [mixin/]: Instancing new MixinPlatformAgentMinecraftForge for SecureJarResource(charmofundying)
[01Mar2026 21:48:46.244] [main/DEBUG] [mixin/]: MixinPlatformAgentMinecraftForge rejected container SecureJarResource(charmofundying)
[01Mar2026 21:48:46.244] [main/DEBUG] [mixin/]: Instancing new MixinPlatformAgentDefault for SecureJarResource(charmofundying)
[01Mar2026 21:48:46.244] [main/DEBUG] [mixin/]: MixinPlatformAgentDefault accepted container SecureJarResource(charmofundying)
[01Mar2026 21:48:46.244] [main/DEBUG] [mixin/]: Processing prepare() for PlatformAgent[MixinPlatformAgentDefault:SecureJarResource(charmofundying)]
[01Mar2026 21:48:46.244] [main/DEBUG] [mixin/]: Registering mixin config: charmofundying.mixins.json
[01Mar2026 21:48:46.245] [main/DEBUG] [mixin/]: Adding mixin platform agents for container SecureJarResource(rrls)
[01Mar2026 21:48:46.246] [main/DEBUG] [mixin/]: Instancing new MixinPlatformAgentMinecraftForge for SecureJarResource(rrls)
[01Mar2026 21:48:46.246] [main/DEBUG] [mixin/]: MixinPlatformAgentMinecraftForge rejected container SecureJarResource(rrls)
[01Mar2026 21:48:46.246] [main/DEBUG] [mixin/]: Instancing new MixinPlatformAgentDefault for SecureJarResource(rrls)
[01Mar2026 21:48:46.246] [main/DEBUG] [mixin/]: MixinPlatformAgentDefault accepted container SecureJarResource(rrls)
[01Mar2026 21:48:46.246] [main/DEBUG] [mixin/]: Processing prepare() for PlatformAgent[MixinPlatformAgentDefault:SecureJarResource(rrls)]
[01Mar2026 21:48:46.246] [main/DEBUG] [mixin/]: Registering mixin config: rrls-forge.mixins.json
[01Mar2026 21:48:46.246] [main/DEBUG] [mixin/]: Registering mixin config: rrls.mixins.json
[01Mar2026 21:48:46.248] [main/DEBUG] [mixin/]: Adding mixin platform agents for container SecureJarResource(quantified)
[01Mar2026 21:48:46.248] [main/DEBUG] [mixin/]: Instancing new MixinPlatformAgentMinecraftForge for SecureJarResource(quantified)
[01Mar2026 21:48:46.248] [main/DEBUG] [mixin/]: MixinPlatformAgentMinecraftForge rejected container SecureJarResource(quantified)
[01Mar2026 21:48:46.248] [main/DEBUG] [mixin/]: Instancing new MixinPlatformAgentDefault for SecureJarResource(quantified)
[01Mar2026 21:48:46.248] [main/DEBUG] [mixin/]: MixinPlatformAgentDefault accepted container SecureJarResource(quantified)
[01Mar2026 21:48:46.248] [main/DEBUG] [mixin/]: Processing prepare() for PlatformAgent[MixinPlatformAgentDefault:SecureJarResource(quantified)]
[01Mar2026 21:48:46.248] [main/DEBUG] [mixin/]: Adding mixin platform agents for container SecureJarResource(create_furnitures)
[01Mar2026 21:48:46.248] [main/DEBUG] [mixin/]: Instancing new MixinPlatformAgentMinecraftForge for SecureJarResource(create_furnitures)
[01Mar2026 21:48:46.248] [main/DEBUG] [mixin/]: MixinPlatformAgentMinecraftForge rejected container SecureJarResource(create_furnitures)
[01Mar2026 21:48:46.248] [main/DEBUG] [mixin/]: Instancing new MixinPlatformAgentDefault for SecureJarResource(create_furnitures)
[01Mar2026 21:48:46.248] [main/DEBUG] [mixin/]: MixinPlatformAgentDefault accepted container SecureJarResource(create_furnitures)
[01Mar2026 21:48:46.248] [main/DEBUG] [mixin/]: Processing prepare() for PlatformAgent[MixinPlatformAgentDefault:SecureJarResource(create_furnitures)]
[01Mar2026 21:48:46.248] [main/DEBUG] [mixin/]: Adding mixin platform agents for container SecureJarResource(packetfixer)
[01Mar2026 21:48:46.248] [main/DEBUG] [mixin/]: Instancing new MixinPlatformAgentMinecraftForge for SecureJarResource(packetfixer)
[01Mar2026 21:48:46.248] [main/DEBUG] [mixin/]: MixinPlatformAgentMinecraftForge rejected container SecureJarResource(packetfixer)
[01Mar2026 21:48:46.248] [main/DEBUG] [mixin/]: Instancing new MixinPlatformAgentDefault for SecureJarResource(packetfixer)
[01Mar2026 21:48:46.248] [main/DEBUG] [mixin/]: MixinPlatformAgentDefault accepted container SecureJarResource(packetfixer)
[01Mar2026 21:48:46.248] [main/DEBUG] [mixin/]: Processing prepare() for PlatformAgent[MixinPlatformAgentDefault:SecureJarResource(packetfixer)]
[01Mar2026 21:48:46.248] [main/DEBUG] [mixin/]: Registering mixin config: packetfixer.v1_18.forge.mixins.json
[01Mar2026 21:48:46.249] [main/DEBUG] [mixin/]: Registering mixin config: packetfixer.v1_19.forge.mixins.json
[01Mar2026 21:48:46.250] [main/DEBUG] [mixin/]: Registering mixin config: packetfixer.v1_19_3.forge.mixins.json
[01Mar2026 21:48:46.250] [main/DEBUG] [mixin/]: Registering mixin config: packetfixer.v1_19_4.forge.mixins.json
[01Mar2026 21:48:46.251] [main/DEBUG] [mixin/]: Registering mixin config: packetfixer.v1_20_2.forge.mixins.json
[01Mar2026 21:48:46.252] [main/DEBUG] [mixin/]: Adding mixin platform agents for container SecureJarResource(horde_hoard)
[01Mar2026 21:48:46.252] [main/DEBUG] [mixin/]: Instancing new MixinPlatformAgentMinecraftForge for SecureJarResource(horde_hoard)
[01Mar2026 21:48:46.252] [main/DEBUG] [mixin/]: MixinPlatformAgentMinecraftForge rejected container SecureJarResource(horde_hoard)
[01Mar2026 21:48:46.252] [main/DEBUG] [mixin/]: Instancing new MixinPlatformAgentDefault for SecureJarResource(horde_hoard)
[01Mar2026 21:48:46.252] [main/DEBUG] [mixin/]: MixinPlatformAgentDefault accepted container SecureJarResource(horde_hoard)
[01Mar2026 21:48:46.252] [main/DEBUG] [mixin/]: Processing prepare() for PlatformAgent[MixinPlatformAgentDefault:SecureJarResource(horde_hoard)]
[01Mar2026 21:48:46.252] [main/DEBUG] [mixin/]: Adding mixin platform agents for container SecureJarResource(improvedmobs)
[01Mar2026 21:48:46.252] [main/DEBUG] [mixin/]: Instancing new MixinPlatformAgentMinecraftForge for SecureJarResource(improvedmobs)
[01Mar2026 21:48:46.252] [main/DEBUG] [mixin/]: MixinPlatformAgentMinecraftForge rejected container SecureJarResource(improvedmobs)
[01Mar2026 21:48:46.252] [main/DEBUG] [mixin/]: Instancing new MixinPlatformAgentDefault for SecureJarResource(improvedmobs)
[01Mar2026 21:48:46.252] [main/DEBUG] [mixin/]: MixinPlatformAgentDefault accepted container SecureJarResource(improvedmobs)
[01Mar2026 21:48:46.252] [main/DEBUG] [mixin/]: Processing prepare() for PlatformAgent[MixinPlatformAgentDefault:SecureJarResource(improvedmobs)]
[01Mar2026 21:48:46.252] [main/DEBUG] [mixin/]: Registering mixin config: improvedmobs.mixins.json
[01Mar2026 21:48:46.253] [main/DEBUG] [mixin/]: Compatibility level JAVA_16 specified by improvedmobs.mixins.json is higher than the maximum level supported by this version of mixin (JAVA_13).
[01Mar2026 21:48:46.253] [main/DEBUG] [mixin/]: Registering mixin config: improvedmobs.mixins.compat.json
[01Mar2026 21:48:46.253] [main/DEBUG] [mixin/]: Compatibility level JAVA_16 specified by improvedmobs.mixins.compat.json is higher than the maximum level supported by this version of mixin (JAVA_13).
[01Mar2026 21:48:46.253] [main/DEBUG] [mixin/]: Adding mixin platform agents for container SecureJarResource(openloader)
[01Mar2026 21:48:46.253] [main/DEBUG] [mixin/]: Instancing new MixinPlatformAgentMinecraftForge for SecureJarResource(openloader)
[01Mar2026 21:48:46.253] [main/DEBUG] [mixin/]: MixinPlatformAgentMinecraftForge rejected container SecureJarResource(openloader)
[01Mar2026 21:48:46.253] [main/DEBUG] [mixin/]: Instancing new MixinPlatformAgentDefault for SecureJarResource(openloader)
[01Mar2026 21:48:46.253] [main/DEBUG] [mixin/]: MixinPlatformAgentDefault accepted container SecureJarResource(openloader)
[01Mar2026 21:48:46.253] [main/DEBUG] [mixin/]: Processing prepare() for PlatformAgent[MixinPlatformAgentDefault:SecureJarResource(openloader)]
[01Mar2026 21:48:46.253] [main/DEBUG] [mixin/]: Adding mixin platform agents for container SecureJarResource(presencefootsteps)
[01Mar2026 21:48:46.254] [main/DEBUG] [mixin/]: Instancing new MixinPlatformAgentMinecraftForge for SecureJarResource(presencefootsteps)
[01Mar2026 21:48:46.254] [main/DEBUG] [mixin/]: MixinPlatformAgentMinecraftForge rejected container SecureJarResource(presencefootsteps)
[01Mar2026 21:48:46.254] [main/DEBUG] [mixin/]: Instancing new MixinPlatformAgentDefault for SecureJarResource(presencefootsteps)
[01Mar2026 21:48:46.254] [main/DEBUG] [mixin/]: MixinPlatformAgentDefault accepted container SecureJarResource(presencefootsteps)
[01Mar2026 21:48:46.254] [main/DEBUG] [mixin/]: Processing prepare() for PlatformAgent[MixinPlatformAgentDefault:SecureJarResource(presencefootsteps)]
[01Mar2026 21:48:46.254] [main/DEBUG] [mixin/]: Registering mixin config: presencefootsteps.mixin.json
[01Mar2026 21:48:46.254] [main/DEBUG] [mixin/]: Adding mixin platform agents for container SecureJarResource(Registrate.MC1._20)
[01Mar2026 21:48:46.254] [main/DEBUG] [mixin/]: Instancing new MixinPlatformAgentMinecraftForge for SecureJarResource(Registrate.MC1._20)
[01Mar2026 21:48:46.254] [main/DEBUG] [mixin/]: MixinPlatformAgentMinecraftForge rejected container SecureJarResource(Registrate.MC1._20)
[01Mar2026 21:48:46.254] [main/DEBUG] [mixin/]: Instancing new MixinPlatformAgentDefault for SecureJarResource(Registrate.MC1._20)
[01Mar2026 21:48:46.254] [main/DEBUG] [mixin/]: MixinPlatformAgentDefault accepted container SecureJarResource(Registrate.MC1._20)
[01Mar2026 21:48:46.254] [main/DEBUG] [mixin/]: Processing prepare() for PlatformAgent[MixinPlatformAgentDefault:SecureJarResource(Registrate.MC1._20)]
[01Mar2026 21:48:46.254] [main/DEBUG] [mixin/]: Adding mixin platform agents for container SecureJarResource(com.twelvemonkeys.imageio.metadata)
[01Mar2026 21:48:46.254] [main/DEBUG] [mixin/]: Instancing new MixinPlatformAgentMinecraftForge for SecureJarResource(com.twelvemonkeys.imageio.metadata)
[01Mar2026 21:48:46.254] [main/DEBUG] [mixin/]: MixinPlatformAgentMinecraftForge rejected container SecureJarResource(com.twelvemonkeys.imageio.metadata)
[01Mar2026 21:48:46.254] [main/DEBUG] [mixin/]: Instancing new MixinPlatformAgentDefault for SecureJarResource(com.twelvemonkeys.imageio.metadata)
[01Mar2026 21:48:46.254] [main/DEBUG] [mixin/]: MixinPlatformAgentDefault accepted container SecureJarResource(com.twelvemonkeys.imageio.metadata)
[01Mar2026 21:48:46.254] [main/DEBUG] [mixin/]: Processing prepare() for PlatformAgent[MixinPlatformAgentDefault:SecureJarResource(com.twelvemonkeys.imageio.metadata)]
[01Mar2026 21:48:46.254] [main/DEBUG] [mixin/]: Adding mixin platform agents for container SecureJarResource(com.madgag.gif.fmsware)
[01Mar2026 21:48:46.254] [main/DEBUG] [mixin/]: Instancing new MixinPlatformAgentMinecraftForge for SecureJarResource(com.madgag.gif.fmsware)
[01Mar2026 21:48:46.254] [main/DEBUG] [mixin/]: MixinPlatformAgentMinecraftForge rejected container SecureJarResource(com.madgag.gif.fmsware)
[01Mar2026 21:48:46.254] [main/DEBUG] [mixin/]: Instancing new MixinPlatformAgentDefault for SecureJarResource(com.madgag.gif.fmsware)
[01Mar2026 21:48:46.254] [main/DEBUG] [mixin/]: MixinPlatformAgentDefault accepted container SecureJarResource(com.madgag.gif.fmsware)
[01Mar2026 21:48:46.254] [main/DEBUG] [mixin/]: Processing prepare() for PlatformAgent[MixinPlatformAgentDefault:SecureJarResource(com.madgag.gif.fmsware)]
[01Mar2026 21:48:46.254] [main/DEBUG] [mixin/]: Adding mixin platform agents for container SecureJarResource(org.quiltmc.parsers.gson)
[01Mar2026 21:48:46.254] [main/DEBUG] [mixin/]: Instancing new MixinPlatformAgentMinecraftForge for SecureJarResource(org.quiltmc.parsers.gson)
[01Mar2026 21:48:46.254] [main/DEBUG] [mixin/]: MixinPlatformAgentMinecraftForge rejected container SecureJarResource(org.quiltmc.parsers.gson)
[01Mar2026 21:48:46.254] [main/DEBUG] [mixin/]: Instancing new MixinPlatformAgentDefault for SecureJarResource(org.quiltmc.parsers.gson)
[01Mar2026 21:48:46.254] [main/DEBUG] [mixin/]: MixinPlatformAgentDefault accepted container SecureJarResource(org.quiltmc.parsers.gson)
[01Mar2026 21:48:46.254] [main/DEBUG] [mixin/]: Processing prepare() for PlatformAgent[MixinPlatformAgentDefault:SecureJarResource(org.quiltmc.parsers.gson)]
[01Mar2026 21:48:46.254] [main/DEBUG] [mixin/]: Adding mixin platform agents for container SecureJarResource(bytecodecs)
[01Mar2026 21:48:46.254] [main/DEBUG] [mixin/]: Instancing new MixinPlatformAgentMinecraftForge for SecureJarResource(bytecodecs)
[01Mar2026 21:48:46.254] [main/DEBUG] [mixin/]: MixinPlatformAgentMinecraftForge rejected container SecureJarResource(bytecodecs)
[01Mar2026 21:48:46.254] [main/DEBUG] [mixin/]: Instancing new MixinPlatformAgentDefault for SecureJarResource(bytecodecs)
[01Mar2026 21:48:46.254] [main/DEBUG] [mixin/]: MixinPlatformAgentDefault accepted container SecureJarResource(bytecodecs)
[01Mar2026 21:48:46.254] [main/DEBUG] [mixin/]: Processing prepare() for PlatformAgent[MixinPlatformAgentDefault:SecureJarResource(bytecodecs)]
[01Mar2026 21:48:46.254] [main/DEBUG] [mixin/]: Adding mixin platform agents for container SecureJarResource(jankson)
[01Mar2026 21:48:46.254] [main/DEBUG] [mixin/]: Instancing new MixinPlatformAgentMinecraftForge for SecureJarResource(jankson)
[01Mar2026 21:48:46.254] [main/DEBUG] [mixin/]: MixinPlatformAgentMinecraftForge rejected container SecureJarResource(jankson)
[01Mar2026 21:48:46.254] [main/DEBUG] [mixin/]: Instancing new MixinPlatformAgentDefault for SecureJarResource(jankson)
[01Mar2026 21:48:46.254] [main/DEBUG] [mixin/]: MixinPlatformAgentDefault accepted container SecureJarResource(jankson)
[01Mar2026 21:48:46.254] [main/DEBUG] [mixin/]: Processing prepare() for PlatformAgent[MixinPlatformAgentDefault:SecureJarResource(jankson)]
[01Mar2026 21:48:46.254] [main/DEBUG] [mixin/]: Adding mixin platform agents for container SecureJarResource(jcpp)
[01Mar2026 21:48:46.254] [main/DEBUG] [mixin/]: Instancing new MixinPlatformAgentMinecraftForge for SecureJarResource(jcpp)
[01Mar2026 21:48:46.254] [main/DEBUG] [mixin/]: MixinPlatformAgentMinecraftForge rejected container SecureJarResource(jcpp)
[01Mar2026 21:48:46.254] [main/DEBUG] [mixin/]: Instancing new MixinPlatformAgentDefault for SecureJarResource(jcpp)
[01Mar2026 21:48:46.254] [main/DEBUG] [mixin/]: MixinPlatformAgentDefault accepted container SecureJarResource(jcpp)
[01Mar2026 21:48:46.254] [main/DEBUG] [mixin/]: Processing prepare() for PlatformAgent[MixinPlatformAgentDefault:SecureJarResource(jcpp)]
[01Mar2026 21:48:46.254] [main/DEBUG] [mixin/]: Adding mixin platform agents for container SecureJarResource(MinecraftForgeAPI)
[01Mar2026 21:48:46.254] [main/DEBUG] [mixin/]: Instancing new MixinPlatformAgentMinecraftForge for SecureJarResource(MinecraftForgeAPI)
[01Mar2026 21:48:46.254] [main/DEBUG] [mixin/]: MixinPlatformAgentMinecraftForge rejected container SecureJarResource(MinecraftForgeAPI)
[01Mar2026 21:48:46.254] [main/DEBUG] [mixin/]: Instancing new MixinPlatformAgentDefault for SecureJarResource(MinecraftForgeAPI)
[01Mar2026 21:48:46.254] [main/DEBUG] [mixin/]: MixinPlatformAgentDefault accepted container SecureJarResource(MinecraftForgeAPI)
[01Mar2026 21:48:46.254] [main/DEBUG] [mixin/]: Processing prepare() for PlatformAgent[MixinPlatformAgentDefault:SecureJarResource(MinecraftForgeAPI)]
[01Mar2026 21:48:46.254] [main/DEBUG] [mixin/]: Adding mixin platform agents for container SecureJarResource(MixinSquared)
[01Mar2026 21:48:46.254] [main/DEBUG] [mixin/]: Instancing new MixinPlatformAgentMinecraftForge for SecureJarResource(MixinSquared)
[01Mar2026 21:48:46.254] [main/DEBUG] [mixin/]: MixinPlatformAgentMinecraftForge rejected container SecureJarResource(MixinSquared)
[01Mar2026 21:48:46.254] [main/DEBUG] [mixin/]: Instancing new MixinPlatformAgentDefault for SecureJarResource(MixinSquared)
[01Mar2026 21:48:46.254] [main/DEBUG] [mixin/]: MixinPlatformAgentDefault accepted container SecureJarResource(MixinSquared)
[01Mar2026 21:48:46.254] [main/DEBUG] [mixin/]: Processing prepare() for PlatformAgent[MixinPlatformAgentDefault:SecureJarResource(MixinSquared)]
[01Mar2026 21:48:46.254] [main/DEBUG] [mixin/]: Adding mixin platform agents for container SecureJarResource(org.quiltmc.parsers.json)
[01Mar2026 21:48:46.255] [main/DEBUG] [mixin/]: Instancing new MixinPlatformAgentMinecraftForge for SecureJarResource(org.quiltmc.parsers.json)
[01Mar2026 21:48:46.255] [main/DEBUG] [mixin/]: MixinPlatformAgentMinecraftForge rejected container SecureJarResource(org.quiltmc.parsers.json)
[01Mar2026 21:48:46.255] [main/DEBUG] [mixin/]: Instancing new MixinPlatformAgentDefault for SecureJarResource(org.quiltmc.parsers.json)
[01Mar2026 21:48:46.255] [main/DEBUG] [mixin/]: MixinPlatformAgentDefault accepted container SecureJarResource(org.quiltmc.parsers.json)
[01Mar2026 21:48:46.255] [main/DEBUG] [mixin/]: Processing prepare() for PlatformAgent[MixinPlatformAgentDefault:SecureJarResource(org.quiltmc.parsers.json)]
[01Mar2026 21:48:46.255] [main/DEBUG] [mixin/]: Adding mixin platform agents for container SecureJarResource(mclib)
[01Mar2026 21:48:46.255] [main/DEBUG] [mixin/]: Instancing new MixinPlatformAgentMinecraftForge for SecureJarResource(mclib)
[01Mar2026 21:48:46.255] [main/DEBUG] [mixin/]: MixinPlatformAgentMinecraftForge rejected container SecureJarResource(mclib)
[01Mar2026 21:48:46.255] [main/DEBUG] [mixin/]: Instancing new MixinPlatformAgentDefault for SecureJarResource(mclib)
[01Mar2026 21:48:46.255] [main/DEBUG] [mixin/]: MixinPlatformAgentDefault accepted container SecureJarResource(mclib)
[01Mar2026 21:48:46.255] [main/DEBUG] [mixin/]: Processing prepare() for PlatformAgent[MixinPlatformAgentDefault:SecureJarResource(mclib)]
[01Mar2026 21:48:46.255] [main/DEBUG] [mixin/]: Adding mixin platform agents for container SecureJarResource(mixinextras)
[01Mar2026 21:48:46.255] [main/DEBUG] [mixin/]: Instancing new MixinPlatformAgentMinecraftForge for SecureJarResource(mixinextras)
[01Mar2026 21:48:46.255] [main/DEBUG] [mixin/]: MixinPlatformAgentMinecraftForge rejected container SecureJarResource(mixinextras)
[01Mar2026 21:48:46.255] [main/DEBUG] [mixin/]: Instancing new MixinPlatformAgentDefault for SecureJarResource(mixinextras)
[01Mar2026 21:48:46.255] [main/DEBUG] [mixin/]: MixinPlatformAgentDefault accepted container SecureJarResource(mixinextras)
[01Mar2026 21:48:46.255] [main/DEBUG] [mixin/]: Processing prepare() for PlatformAgent[MixinPlatformAgentDefault:SecureJarResource(mixinextras)]
[01Mar2026 21:48:46.255] [main/DEBUG] [mixin/]: Registering mixin config: mixinextras.init.mixins.json
[01Mar2026 21:48:46.256] [main/DEBUG] [mixin/]: Adding mixin platform agents for container SecureJarResource(com.twelvemonkeys.imageio.webp)
[01Mar2026 21:48:46.256] [main/DEBUG] [mixin/]: Instancing new MixinPlatformAgentMinecraftForge for SecureJarResource(com.twelvemonkeys.imageio.webp)
[01Mar2026 21:48:46.256] [main/DEBUG] [mixin/]: MixinPlatformAgentMinecraftForge rejected container SecureJarResource(com.twelvemonkeys.imageio.webp)
[01Mar2026 21:48:46.256] [main/DEBUG] [mixin/]: Instancing new MixinPlatformAgentDefault for SecureJarResource(com.twelvemonkeys.imageio.webp)
[01Mar2026 21:48:46.256] [main/DEBUG] [mixin/]: MixinPlatformAgentDefault accepted container SecureJarResource(com.twelvemonkeys.imageio.webp)
[01Mar2026 21:48:46.256] [main/DEBUG] [mixin/]: Processing prepare() for PlatformAgent[MixinPlatformAgentDefault:SecureJarResource(com.twelvemonkeys.imageio.webp)]
[01Mar2026 21:48:46.256] [main/DEBUG] [mixin/]: Adding mixin platform agents for container SecureJarResource(com.twelvemonkeys.common.lang)
[01Mar2026 21:48:46.256] [main/DEBUG] [mixin/]: Instancing new MixinPlatformAgentMinecraftForge for SecureJarResource(com.twelvemonkeys.common.lang)
[01Mar2026 21:48:46.256] [main/DEBUG] [mixin/]: MixinPlatformAgentMinecraftForge rejected container SecureJarResource(com.twelvemonkeys.common.lang)
[01Mar2026 21:48:46.256] [main/DEBUG] [mixin/]: Instancing new MixinPlatformAgentDefault for SecureJarResource(com.twelvemonkeys.common.lang)
[01Mar2026 21:48:46.256] [main/DEBUG] [mixin/]: MixinPlatformAgentDefault accepted container SecureJarResource(com.twelvemonkeys.common.lang)
[01Mar2026 21:48:46.256] [main/DEBUG] [mixin/]: Processing prepare() for PlatformAgent[MixinPlatformAgentDefault:SecureJarResource(com.twelvemonkeys.common.lang)]
[01Mar2026 21:48:46.256] [main/DEBUG] [mixin/]: Adding mixin platform agents for container SecureJarResource(org.yaml.snakeyaml)
[01Mar2026 21:48:46.256] [main/DEBUG] [mixin/]: Instancing new MixinPlatformAgentMinecraftForge for SecureJarResource(org.yaml.snakeyaml)
[01Mar2026 21:48:46.256] [main/DEBUG] [mixin/]: MixinPlatformAgentMinecraftForge rejected container SecureJarResource(org.yaml.snakeyaml)
[01Mar2026 21:48:46.256] [main/DEBUG] [mixin/]: Instancing new MixinPlatformAgentDefault for SecureJarResource(org.yaml.snakeyaml)
[01Mar2026 21:48:46.256] [main/DEBUG] [mixin/]: MixinPlatformAgentDefault accepted container SecureJarResource(org.yaml.snakeyaml)
[01Mar2026 21:48:46.256] [main/DEBUG] [mixin/]: Processing prepare() for PlatformAgent[MixinPlatformAgentDefault:SecureJarResource(org.yaml.snakeyaml)]
[01Mar2026 21:48:46.256] [main/DEBUG] [mixin/]: Adding mixin platform agents for container SecureJarResource(luaj.jse.figura)
[01Mar2026 21:48:46.256] [main/DEBUG] [mixin/]: Instancing new MixinPlatformAgentMinecraftForge for SecureJarResource(luaj.jse.figura)
[01Mar2026 21:48:46.256] [main/DEBUG] [mixin/]: MixinPlatformAgentMinecraftForge rejected container SecureJarResource(luaj.jse.figura)
[01Mar2026 21:48:46.256] [main/DEBUG] [mixin/]: Instancing new MixinPlatformAgentDefault for SecureJarResource(luaj.jse.figura)
[01Mar2026 21:48:46.256] [main/DEBUG] [mixin/]: MixinPlatformAgentDefault accepted container SecureJarResource(luaj.jse.figura)
[01Mar2026 21:48:46.256] [main/DEBUG] [mixin/]: Processing prepare() for PlatformAgent[MixinPlatformAgentDefault:SecureJarResource(luaj.jse.figura)]
[01Mar2026 21:48:46.256] [main/DEBUG] [mixin/]: Adding mixin platform agents for container SecureJarResource(yabn)
[01Mar2026 21:48:46.256] [main/DEBUG] [mixin/]: Instancing new MixinPlatformAgentMinecraftForge for SecureJarResource(yabn)
[01Mar2026 21:48:46.256] [main/DEBUG] [mixin/]: MixinPlatformAgentMinecraftForge rejected container SecureJarResource(yabn)
[01Mar2026 21:48:46.256] [main/DEBUG] [mixin/]: Instancing new MixinPlatformAgentDefault for SecureJarResource(yabn)
[01Mar2026 21:48:46.256] [main/DEBUG] [mixin/]: MixinPlatformAgentDefault accepted container SecureJarResource(yabn)
[01Mar2026 21:48:46.256] [main/DEBUG] [mixin/]: Processing prepare() for PlatformAgent[MixinPlatformAgentDefault:SecureJarResource(yabn)]
[01Mar2026 21:48:46.256] [main/DEBUG] [mixin/]: Adding mixin platform agents for container SecureJarResource(commons.math3)
[01Mar2026 21:48:46.256] [main/DEBUG] [mixin/]: Instancing new MixinPlatformAgentMinecraftForge for SecureJarResource(commons.math3)
[01Mar2026 21:48:46.256] [main/DEBUG] [mixin/]: MixinPlatformAgentMinecraftForge rejected container SecureJarResource(commons.math3)
[01Mar2026 21:48:46.256] [main/DEBUG] [mixin/]: Instancing new MixinPlatformAgentDefault for SecureJarResource(commons.math3)
[01Mar2026 21:48:46.256] [main/DEBUG] [mixin/]: MixinPlatformAgentDefault accepted container SecureJarResource(commons.math3)
[01Mar2026 21:48:46.256] [main/DEBUG] [mixin/]: Processing prepare() for PlatformAgent[MixinPlatformAgentDefault:SecureJarResource(commons.math3)]
[01Mar2026 21:48:46.256] [main/DEBUG] [mixin/]: Adding mixin platform agents for container SecureJarResource(japng)
[01Mar2026 21:48:46.256] [main/DEBUG] [mixin/]: Instancing new MixinPlatformAgentMinecraftForge for SecureJarResource(japng)
[01Mar2026 21:48:46.256] [main/DEBUG] [mixin/]: MixinPlatformAgentMinecraftForge rejected container SecureJarResource(japng)
[01Mar2026 21:48:46.256] [main/DEBUG] [mixin/]: Instancing new MixinPlatformAgentDefault for SecureJarResource(japng)
[01Mar2026 21:48:46.256] [main/DEBUG] [mixin/]: MixinPlatformAgentDefault accepted container SecureJarResource(japng)
[01Mar2026 21:48:46.256] [main/DEBUG] [mixin/]: Processing prepare() for PlatformAgent[MixinPlatformAgentDefault:SecureJarResource(japng)]
[01Mar2026 21:48:46.256] [main/DEBUG] [mixin/]: Adding mixin platform agents for container SecureJarResource(luaj.core.figura)
[01Mar2026 21:48:46.256] [main/DEBUG] [mixin/]: Instancing new MixinPlatformAgentMinecraftForge for SecureJarResource(luaj.core.figura)
[01Mar2026 21:48:46.256] [main/DEBUG] [mixin/]: MixinPlatformAgentMinecraftForge rejected container SecureJarResource(luaj.core.figura)
[01Mar2026 21:48:46.256] [main/DEBUG] [mixin/]: Instancing new MixinPlatformAgentDefault for SecureJarResource(luaj.core.figura)
[01Mar2026 21:48:46.257] [main/DEBUG] [mixin/]: MixinPlatformAgentDefault accepted container SecureJarResource(luaj.core.figura)
[01Mar2026 21:48:46.257] [main/DEBUG] [mixin/]: Processing prepare() for PlatformAgent[MixinPlatformAgentDefault:SecureJarResource(luaj.core.figura)]
[01Mar2026 21:48:46.257] [main/DEBUG] [mixin/]: Adding mixin platform agents for container SecureJarResource(Primitive.Collections)
[01Mar2026 21:48:46.257] [main/DEBUG] [mixin/]: Instancing new MixinPlatformAgentMinecraftForge for SecureJarResource(Primitive.Collections)
[01Mar2026 21:48:46.257] [main/DEBUG] [mixin/]: MixinPlatformAgentMinecraftForge rejected container SecureJarResource(Primitive.Collections)
[01Mar2026 21:48:46.257] [main/DEBUG] [mixin/]: Instancing new MixinPlatformAgentDefault for SecureJarResource(Primitive.Collections)
[01Mar2026 21:48:46.257] [main/DEBUG] [mixin/]: MixinPlatformAgentDefault accepted container SecureJarResource(Primitive.Collections)
[01Mar2026 21:48:46.257] [main/DEBUG] [mixin/]: Processing prepare() for PlatformAgent[MixinPlatformAgentDefault:SecureJarResource(Primitive.Collections)]
[01Mar2026 21:48:46.257] [main/DEBUG] [mixin/]: Adding mixin platform agents for container SecureJarResource(MathParser.org.mXparser)
[01Mar2026 21:48:46.257] [main/DEBUG] [mixin/]: Instancing new MixinPlatformAgentMinecraftForge for SecureJarResource(MathParser.org.mXparser)
[01Mar2026 21:48:46.257] [main/DEBUG] [mixin/]: MixinPlatformAgentMinecraftForge rejected container SecureJarResource(MathParser.org.mXparser)
[01Mar2026 21:48:46.257] [main/DEBUG] [mixin/]: Instancing new MixinPlatformAgentDefault for SecureJarResource(MathParser.org.mXparser)
[01Mar2026 21:48:46.257] [main/DEBUG] [mixin/]: MixinPlatformAgentDefault accepted container SecureJarResource(MathParser.org.mXparser)
[01Mar2026 21:48:46.257] [main/DEBUG] [mixin/]: Processing prepare() for PlatformAgent[MixinPlatformAgentDefault:SecureJarResource(MathParser.org.mXparser)]
[01Mar2026 21:48:46.257] [main/DEBUG] [mixin/]: Adding mixin platform agents for container SecureJarResource(com.twelvemonkeys.common.image)
[01Mar2026 21:48:46.257] [main/DEBUG] [mixin/]: Instancing new MixinPlatformAgentMinecraftForge for SecureJarResource(com.twelvemonkeys.common.image)
[01Mar2026 21:48:46.257] [main/DEBUG] [mixin/]: MixinPlatformAgentMinecraftForge rejected container SecureJarResource(com.twelvemonkeys.common.image)
[01Mar2026 21:48:46.257] [main/DEBUG] [mixin/]: Instancing new MixinPlatformAgentDefault for SecureJarResource(com.twelvemonkeys.common.image)
[01Mar2026 21:48:46.257] [main/DEBUG] [mixin/]: MixinPlatformAgentDefault accepted container SecureJarResource(com.twelvemonkeys.common.image)
[01Mar2026 21:48:46.257] [main/DEBUG] [mixin/]: Processing prepare() for PlatformAgent[MixinPlatformAgentDefault:SecureJarResource(com.twelvemonkeys.common.image)]
[01Mar2026 21:48:46.257] [main/DEBUG] [mixin/]: Adding mixin platform agents for container SecureJarResource(org.apache.bcel)
[01Mar2026 21:48:46.257] [main/DEBUG] [mixin/]: Instancing new MixinPlatformAgentMinecraftForge for SecureJarResource(org.apache.bcel)
[01Mar2026 21:48:46.257] [main/DEBUG] [mixin/]: MixinPlatformAgentMinecraftForge rejected container SecureJarResource(org.apache.bcel)
[01Mar2026 21:48:46.257] [main/DEBUG] [mixin/]: Instancing new MixinPlatformAgentDefault for SecureJarResource(org.apache.bcel)
[01Mar2026 21:48:46.257] [main/DEBUG] [mixin/]: MixinPlatformAgentDefault accepted container SecureJarResource(org.apache.bcel)
[01Mar2026 21:48:46.257] [main/DEBUG] [mixin/]: Processing prepare() for PlatformAgent[MixinPlatformAgentDefault:SecureJarResource(org.apache.bcel)]
[01Mar2026 21:48:46.257] [main/DEBUG] [mixin/]: Adding mixin platform agents for container SecureJarResource(com.twelvemonkeys.imageio.core)
[01Mar2026 21:48:46.257] [main/DEBUG] [mixin/]: Instancing new MixinPlatformAgentMinecraftForge for SecureJarResource(com.twelvemonkeys.imageio.core)
[01Mar2026 21:48:46.257] [main/DEBUG] [mixin/]: MixinPlatformAgentMinecraftForge rejected container SecureJarResource(com.twelvemonkeys.imageio.core)
[01Mar2026 21:48:46.257] [main/DEBUG] [mixin/]: Instancing new MixinPlatformAgentDefault for SecureJarResource(com.twelvemonkeys.imageio.core)
[01Mar2026 21:48:46.257] [main/DEBUG] [mixin/]: MixinPlatformAgentDefault accepted container SecureJarResource(com.twelvemonkeys.imageio.core)
[01Mar2026 21:48:46.257] [main/DEBUG] [mixin/]: Processing prepare() for PlatformAgent[MixinPlatformAgentDefault:SecureJarResource(com.twelvemonkeys.imageio.core)]
[01Mar2026 21:48:46.257] [main/DEBUG] [mixin/]: Adding mixin platform agents for container SecureJarResource(thedarkcolour.kotlinforforge.kfflib)
[01Mar2026 21:48:46.257] [main/DEBUG] [mixin/]: Instancing new MixinPlatformAgentMinecraftForge for SecureJarResource(thedarkcolour.kotlinforforge.kfflib)
[01Mar2026 21:48:46.257] [main/DEBUG] [mixin/]: MixinPlatformAgentMinecraftForge rejected container SecureJarResource(thedarkcolour.kotlinforforge.kfflib)
[01Mar2026 21:48:46.257] [main/DEBUG] [mixin/]: Instancing new MixinPlatformAgentDefault for SecureJarResource(thedarkcolour.kotlinforforge.kfflib)
[01Mar2026 21:48:46.257] [main/DEBUG] [mixin/]: MixinPlatformAgentDefault accepted container SecureJarResource(thedarkcolour.kotlinforforge.kfflib)
[01Mar2026 21:48:46.257] [main/DEBUG] [mixin/]: Processing prepare() for PlatformAgent[MixinPlatformAgentDefault:SecureJarResource(thedarkcolour.kotlinforforge.kfflib)]
[01Mar2026 21:48:46.257] [main/DEBUG] [mixin/]: Adding mixin platform agents for container SecureJarResource(com.twelvemonkeys.common.io)
[01Mar2026 21:48:46.257] [main/DEBUG] [mixin/]: Instancing new MixinPlatformAgentMinecraftForge for SecureJarResource(com.twelvemonkeys.common.io)
[01Mar2026 21:48:46.257] [main/DEBUG] [mixin/]: MixinPlatformAgentMinecraftForge rejected container SecureJarResource(com.twelvemonkeys.common.io)
[01Mar2026 21:48:46.257] [main/DEBUG] [mixin/]: Instancing new MixinPlatformAgentDefault for SecureJarResource(com.twelvemonkeys.common.io)
[01Mar2026 21:48:46.257] [main/DEBUG] [mixin/]: MixinPlatformAgentDefault accepted container SecureJarResource(com.twelvemonkeys.common.io)
[01Mar2026 21:48:46.257] [main/DEBUG] [mixin/]: Processing prepare() for PlatformAgent[MixinPlatformAgentDefault:SecureJarResource(com.twelvemonkeys.common.io)]
[01Mar2026 21:48:46.257] [main/DEBUG] [mixin/]: Adding mixin platform agents for container SecureJarResource(MixinExtras)
[01Mar2026 21:48:46.257] [main/DEBUG] [mixin/]: Instancing new MixinPlatformAgentMinecraftForge for SecureJarResource(MixinExtras)
[01Mar2026 21:48:46.257] [main/DEBUG] [mixin/]: MixinPlatformAgentMinecraftForge rejected container SecureJarResource(MixinExtras)
[01Mar2026 21:48:46.257] [main/DEBUG] [mixin/]: Instancing new MixinPlatformAgentDefault for SecureJarResource(MixinExtras)
[01Mar2026 21:48:46.257] [main/DEBUG] [mixin/]: MixinPlatformAgentDefault accepted container SecureJarResource(MixinExtras)
[01Mar2026 21:48:46.257] [main/DEBUG] [mixin/]: Processing prepare() for PlatformAgent[MixinPlatformAgentDefault:SecureJarResource(MixinExtras)]
[01Mar2026 21:48:46.257] [main/DEBUG] [mixin/]: inject() running with 302 agents
[01Mar2026 21:48:46.257] [main/DEBUG] [mixin/]: Processing inject() for PlatformAgent[MixinPlatformAgentDefault:ModLauncher Root Container(ModLauncher:4f56a0a2)]
[01Mar2026 21:48:46.257] [main/DEBUG] [mixin/]: Processing inject() for PlatformAgent[MixinPlatformAgentDefault:SecureJarResource(betterdungeons)]
[01Mar2026 21:48:46.257] [main/DEBUG] [mixin/]: Processing inject() for PlatformAgent[MixinPlatformAgentDefault:SecureJarResource(auudio)]
[01Mar2026 21:48:46.257] [main/DEBUG] [mixin/]: Processing inject() for PlatformAgent[MixinPlatformAgentDefault:SecureJarResource(almanac)]
[01Mar2026 21:48:46.257] [main/DEBUG] [mixin/]: Processing inject() for PlatformAgent[MixinPlatformAgentDefault:SecureJarResource(modernworldcreation)]
[01Mar2026 21:48:46.257] [main/DEBUG] [mixin/]: Processing inject() for PlatformAgent[MixinPlatformAgentDefault:SecureJarResource(playeranimator)]
[01Mar2026 21:48:46.257] [main/DEBUG] [mixin/]: Processing inject() for PlatformAgent[MixinPlatformAgentDefault:SecureJarResource(apocalypticarsenal)]
[01Mar2026 21:48:46.257] [main/DEBUG] [mixin/]: Processing inject() for PlatformAgent[MixinPlatformAgentDefault:SecureJarResource(gamemenuremovegfarb)]
[01Mar2026 21:48:46.257] [main/DEBUG] [mixin/]: Processing inject() for PlatformAgent[MixinPlatformAgentDefault:SecureJarResource(satako)]
[01Mar2026 21:48:46.257] [main/DEBUG] [mixin/]: Processing inject() for PlatformAgent[MixinPlatformAgentDefault:SecureJarResource(underground_bunkers)]
[01Mar2026 21:48:46.257] [main/DEBUG] [mixin/]: Processing inject() for PlatformAgent[MixinPlatformAgentDefault:SecureJarResource(modernfix)]
[01Mar2026 21:48:46.257] [main/DEBUG] [mixin/]: Processing inject() for PlatformAgent[MixinPlatformAgentDefault:SecureJarResource(yungsapi)]
[01Mar2026 21:48:46.257] [main/DEBUG] [mixin/]: Processing inject() for PlatformAgent[MixinPlatformAgentDefault:SecureJarResource(bbb)]
[01Mar2026 21:48:46.257] [main/DEBUG] [mixin/]: Processing inject() for PlatformAgent[MixinPlatformAgentDefault:SecureJarResource(guardvillagers)]
[01Mar2026 21:48:46.257] [main/DEBUG] [mixin/]: Processing inject() for PlatformAgent[MixinPlatformAgentDefault:SecureJarResource(createdieselgenerators)]
[01Mar2026 21:48:46.258] [main/DEBUG] [mixin/]: Processing inject() for PlatformAgent[MixinPlatformAgentDefault:SecureJarResource(hordes)]
[01Mar2026 21:48:46.258] [main/DEBUG] [mixin/]: Processing inject() for PlatformAgent[MixinPlatformAgentDefault:SecureJarResource(minetraps)]
[01Mar2026 21:48:46.258] [main/DEBUG] [mixin/]: Processing inject() for PlatformAgent[MixinPlatformAgentDefault:SecureJarResource(k_turrets)]
[01Mar2026 21:48:46.258] [main/DEBUG] [mixin/]: Processing inject() for PlatformAgent[MixinPlatformAgentDefault:SecureJarResource(jeresources)]
[01Mar2026 21:48:46.258] [main/DEBUG] [mixin/]: Processing inject() for PlatformAgent[MixinPlatformAgentDefault:SecureJarResource(chat_heads)]
[01Mar2026 21:48:46.258] [main/DEBUG] [mixin/]: Processing inject() for PlatformAgent[MixinPlatformAgentDefault:SecureJarResource(bbs)]
[01Mar2026 21:48:46.258] [main/DEBUG] [mixin/]: Processing inject() for PlatformAgent[MixinPlatformAgentDefault:SecureJarResource(cloth_config)]
[01Mar2026 21:48:46.258] [main/DEBUG] [mixin/]: Processing inject() for PlatformAgent[MixinPlatformAgentDefault:SecureJarResource(combatlog)]
[01Mar2026 21:48:46.258] [main/DEBUG] [mixin/]: Processing inject() for PlatformAgent[MixinPlatformAgentDefault:SecureJarResource(embeddium)]
[01Mar2026 21:48:46.258] [main/DEBUG] [mixin/]: Processing inject() for PlatformAgent[MixinPlatformAgentDefault:SecureJarResource(athena)]
[01Mar2026 21:48:46.258] [main/DEBUG] [mixin/]: Processing inject() for PlatformAgent[MixinPlatformAgentDefault:SecureJarResource(geophilic_reforged)]
[01Mar2026 21:48:46.258] [main/DEBUG] [mixin/]: Processing inject() for PlatformAgent[MixinPlatformAgentDefault:SecureJarResource(corpse)]
[01Mar2026 21:48:46.258] [main/DEBUG] [mixin/]: Processing inject() for PlatformAgent[MixinPlatformAgentDefault:SecureJarResource(tenshilib)]
[01Mar2026 21:48:46.258] [main/DEBUG] [mixin/]: Processing inject() for PlatformAgent[MixinPlatformAgentDefault:SecureJarResource(handcrafted)]
[01Mar2026 21:48:46.258] [main/DEBUG] [mixin/]: Processing inject() for PlatformAgent[MixinPlatformAgentDefault:SecureJarResource(combatroll)]
[01Mar2026 21:48:46.258] [main/DEBUG] [mixin/]: Processing inject() for PlatformAgent[MixinPlatformAgentDefault:SecureJarResource(warrior)]
[01Mar2026 21:48:46.258] [main/DEBUG] [mixin/]: Processing inject() for PlatformAgent[MixinPlatformAgentDefault:SecureJarResource(gml)]
[01Mar2026 21:48:46.258] [main/DEBUG] [mixin/]: Processing inject() for PlatformAgent[MixinPlatformAgentDefault:SecureJarResource(alekiships)]
[01Mar2026 21:48:46.258] [main/DEBUG] [mixin/]: Processing inject() for PlatformAgent[MixinPlatformAgentDefault:SecureJarResource(lrarmor)]
[01Mar2026 21:48:46.258] [main/DEBUG] [mixin/]: Processing inject() for PlatformAgent[MixinPlatformAgentDefault:SecureJarResource(fishingoverhaul)]
[01Mar2026 21:48:46.258] [main/DEBUG] [mixin/]: Processing inject() for PlatformAgent[MixinPlatformAgentDefault:SecureJarResource(propertymodifier)]
[01Mar2026 21:48:46.258] [main/DEBUG] [mixin/]: Processing inject() for PlatformAgent[MixinPlatformAgentDefault:SecureJarResource(mcwtrpdoors)]
[01Mar2026 21:48:46.258] [main/DEBUG] [mixin/]: Processing inject() for PlatformAgent[MixinPlatformAgentDefault:SecureJarResource(spark)]
[01Mar2026 21:48:46.258] [main/DEBUG] [mixin/]: Processing inject() for PlatformAgent[MixinPlatformAgentDefault:SecureJarResource(philipsruins)]
[01Mar2026 21:48:46.258] [main/DEBUG] [mixin/]: Processing inject() for PlatformAgent[MixinPlatformAgentDefault:SecureJarResource(dimension_access_manager)]
[01Mar2026 21:48:46.258] [main/DEBUG] [mixin/]: Processing inject() for PlatformAgent[MixinPlatformAgentDefault:SecureJarResource(gunfireoverhaul)]
[01Mar2026 21:48:46.258] [main/DEBUG] [mixin/]: Processing inject() for PlatformAgent[MixinPlatformAgentDefault:SecureJarResource(oculus)]
[01Mar2026 21:48:46.258] [main/DEBUG] [mixin/]: Processing inject() for PlatformAgent[MixinPlatformAgentDefault:SecureJarResource(itemblacklist)]
[01Mar2026 21:48:46.258] [main/DEBUG] [mixin/]: Processing inject() for PlatformAgent[MixinPlatformAgentDefault:SecureJarResource(commongroovylibrary)]
[01Mar2026 21:48:46.258] [main/DEBUG] [mixin/]: Processing inject() for PlatformAgent[MixinPlatformAgentDefault:SecureJarResource(searchables)]
[01Mar2026 21:48:46.258] [main/DEBUG] [mixin/]: Processing inject() for PlatformAgent[MixinPlatformAgentDefault:SecureJarResource(attributeslib)]
[01Mar2026 21:48:46.258] [main/DEBUG] [mixin/]: Processing inject() for PlatformAgent[MixinPlatformAgentDefault:SecureJarResource(noisium)]
[01Mar2026 21:48:46.258] [main/DEBUG] [mixin/]: Processing inject() for PlatformAgent[MixinPlatformAgentDefault:SecureJarResource(pointblank)]
[01Mar2026 21:48:46.258] [main/DEBUG] [mixin/]: Processing inject() for PlatformAgent[MixinPlatformAgentDefault:SecureJarResource(chunkpregen)]
[01Mar2026 21:48:46.258] [main/DEBUG] [mixin/]: Processing inject() for PlatformAgent[MixinPlatformAgentDefault:SecureJarResource(atlaslib)]
[01Mar2026 21:48:46.258] [main/DEBUG] [mixin/]: Processing inject() for PlatformAgent[MixinPlatformAgentDefault:SecureJarResource(butchersdelight)]
[01Mar2026 21:48:46.258] [main/DEBUG] [mixin/]: Processing inject() for PlatformAgent[MixinPlatformAgentDefault:SecureJarResource(cfm)]
[01Mar2026 21:48:46.258] [main/DEBUG] [mixin/]: Processing inject() for PlatformAgent[MixinPlatformAgentDefault:SecureJarResource(unilib)]
[01Mar2026 21:48:46.258] [main/DEBUG] [mixin/]: Processing inject() for PlatformAgent[MixinPlatformAgentDefault:SecureJarResource(doomsday_decoration)]
[01Mar2026 21:48:46.258] [main/DEBUG] [mixin/]: Processing inject() for PlatformAgent[MixinPlatformAgentDefault:SecureJarResource(strayed_fates_forsaken)]
[01Mar2026 21:48:46.258] [main/DEBUG] [mixin/]: Processing inject() for PlatformAgent[MixinPlatformAgentDefault:SecureJarResource(krypton)]
[01Mar2026 21:48:46.258] [main/DEBUG] [mixin/]: Processing inject() for PlatformAgent[MixinPlatformAgentDefault:SecureJarResource(mobtimizations)]
[01Mar2026 21:48:46.258] [main/DEBUG] [mixin/]: Processing inject() for PlatformAgent[MixinPlatformAgentDefault:SecureJarResource(bettermineshafts)]
[01Mar2026 21:48:46.258] [main/DEBUG] [mixin/]: Processing inject() for PlatformAgent[MixinPlatformAgentDefault:SecureJarResource(dynamictrees)]
[01Mar2026 21:48:46.258] [main/DEBUG] [mixin/]: Processing inject() for PlatformAgent[MixinPlatformAgentDefault:SecureJarResource(dynamictreesplus)]
[01Mar2026 21:48:46.258] [main/DEBUG] [mixin/]: Processing inject() for PlatformAgent[MixinPlatformAgentDefault:SecureJarResource(playerrevive)]
[01Mar2026 21:48:46.258] [main/DEBUG] [mixin/]: Processing inject() for PlatformAgent[MixinPlatformAgentDefault:SecureJarResource(smartbrainlib)]
[01Mar2026 21:48:46.258] [main/DEBUG] [mixin/]: Processing inject() for PlatformAgent[MixinPlatformAgentDefault:SecureJarResource(waterdripsound)]
[01Mar2026 21:48:46.258] [main/DEBUG] [mixin/]: Processing inject() for PlatformAgent[MixinPlatformAgentDefault:SecureJarResource(mutantmonsters)]
[01Mar2026 21:48:46.258] [main/DEBUG] [mixin/]: Processing inject() for PlatformAgent[MixinPlatformAgentDefault:SecureJarResource(jei)]
[01Mar2026 21:48:46.258] [main/DEBUG] [mixin/]: Processing inject() for PlatformAgent[MixinPlatformAgentDefault:SecureJarResource(pehkui)]
[01Mar2026 21:48:46.258] [main/DEBUG] [mixin/]: Processing inject() for PlatformAgent[MixinPlatformAgentDefault:SecureJarResource(immersive_weathering)]
[01Mar2026 21:48:46.258] [main/DEBUG] [mixin/]: Processing inject() for PlatformAgent[MixinPlatformAgentDefault:SecureJarResource(dtsoilscompat)]
[01Mar2026 21:48:46.258] [main/DEBUG] [mixin/]: Processing inject() for PlatformAgent[MixinPlatformAgentDefault:SecureJarResource(fallingleaves)]
[01Mar2026 21:48:46.258] [main/DEBUG] [mixin/]: Processing inject() for PlatformAgent[MixinPlatformAgentDefault:SecureJarResource(berezka_api)]
[01Mar2026 21:48:46.258] [main/DEBUG] [mixin/]: Processing inject() for PlatformAgent[MixinPlatformAgentDefault:SecureJarResource(forgivingworld)]
[01Mar2026 21:48:46.258] [main/DEBUG] [mixin/]: Processing inject() for PlatformAgent[MixinPlatformAgentDefault:SecureJarResource(epherolib)]
[01Mar2026 21:48:46.258] [main/DEBUG] [mixin/]: Processing inject() for PlatformAgent[MixinPlatformAgentDefault:SecureJarResource(glitchcore)]
[01Mar2026 21:48:46.258] [main/DEBUG] [mixin/]: Processing inject() for PlatformAgent[MixinPlatformAgentDefault:SecureJarResource(midnightlib)]
[01Mar2026 21:48:46.258] [main/DEBUG] [mixin/]: Processing inject() for PlatformAgent[MixinPlatformAgentDefault:SecureJarResource(mutantszombies)]
[01Mar2026 21:48:46.258] [main/DEBUG] [mixin/]: Processing inject() for PlatformAgent[MixinPlatformAgentDefault:SecureJarResource(wegotrunnners)]
[01Mar2026 21:48:46.258] [main/DEBUG] [mixin/]: Processing inject() for PlatformAgent[MixinPlatformAgentDefault:SecureJarResource(table_top_craft)]
[01Mar2026 21:48:46.258] [main/DEBUG] [mixin/]: Processing inject() for PlatformAgent[MixinPlatformAgentDefault:SecureJarResource(solonion)]
[01Mar2026 21:48:46.258] [main/DEBUG] [mixin/]: Processing inject() for PlatformAgent[MixinPlatformAgentDefault:SecureJarResource(crafttweaker)]
[01Mar2026 21:48:46.258] [main/DEBUG] [mixin/]: Processing inject() for PlatformAgent[MixinPlatformAgentDefault:SecureJarResource(puzzlesaccessapi)]
[01Mar2026 21:48:46.258] [main/DEBUG] [mixin/]: Processing inject() for PlatformAgent[MixinPlatformAgentDefault:SecureJarResource(forge)]
[01Mar2026 21:48:46.258] [main/DEBUG] [mixin/]: Processing inject() for PlatformAgent[MixinPlatformAgentDefault:SecureJarResource(drippyloadingscreen)]
[01Mar2026 21:48:46.258] [main/DEBUG] [mixin/]: Processing inject() for PlatformAgent[MixinPlatformAgentDefault:SecureJarResource(tectonic)]
[01Mar2026 21:48:46.258] [main/DEBUG] [mixin/]: Processing inject() for PlatformAgent[MixinPlatformAgentDefault:SecureJarResource(minecraft)]
[01Mar2026 21:48:46.258] [main/DEBUG] [mixin/]: Processing inject() for PlatformAgent[MixinPlatformAgentDefault:SecureJarResource(horror_element_mod)]
[01Mar2026 21:48:46.258] [main/DEBUG] [mixin/]: Processing inject() for PlatformAgent[MixinPlatformAgentDefault:SecureJarResource(cw_additions)]
[01Mar2026 21:48:46.258] [main/DEBUG] [mixin/]: Processing inject() for PlatformAgent[MixinPlatformAgentDefault:SecureJarResource(extinction)]
[01Mar2026 21:48:46.258] [main/DEBUG] [mixin/]: Processing inject() for PlatformAgent[MixinPlatformAgentDefault:SecureJarResource(overworld_netherite_ore)]
[01Mar2026 21:48:46.259] [main/DEBUG] [mixin/]: Processing inject() for PlatformAgent[MixinPlatformAgentDefault:SecureJarResource(max_armory)]
[01Mar2026 21:48:46.259] [main/DEBUG] [mixin/]: Processing inject() for PlatformAgent[MixinPlatformAgentDefault:SecureJarResource(cofh_core)]
[01Mar2026 21:48:46.259] [main/DEBUG] [mixin/]: Processing inject() for PlatformAgent[MixinPlatformAgentDefault:SecureJarResource(smoothchunk)]
[01Mar2026 21:48:46.259] [main/DEBUG] [mixin/]: Processing inject() for PlatformAgent[MixinPlatformAgentDefault:SecureJarResource(voicechat)]
[01Mar2026 21:48:46.259] [main/DEBUG] [mixin/]: Processing inject() for PlatformAgent[MixinPlatformAgentDefault:SecureJarResource(sound_physics_remastered)]
[01Mar2026 21:48:46.259] [main/DEBUG] [mixin/]: Processing inject() for PlatformAgent[MixinPlatformAgentDefault:SecureJarResource(terrablender)]
[01Mar2026 21:48:46.259] [main/DEBUG] [mixin/]: Processing inject() for PlatformAgent[MixinPlatformAgentDefault:SecureJarResource(immersive_cooking)]
[01Mar2026 21:48:46.259] [main/DEBUG] [mixin/]: Processing inject() for PlatformAgent[MixinPlatformAgentDefault:SecureJarResource(psg)]
[01Mar2026 21:48:46.259] [main/DEBUG] [mixin/]: Processing inject() for PlatformAgent[MixinPlatformAgentDefault:SecureJarResource(mousetweaks)]
[01Mar2026 21:48:46.259] [main/DEBUG] [mixin/]: Processing inject() for PlatformAgent[MixinPlatformAgentDefault:SecureJarResource(immersiveengineering)]
[01Mar2026 21:48:46.259] [main/DEBUG] [mixin/]: Processing inject() for PlatformAgent[MixinPlatformAgentDefault:SecureJarResource(shouldersurfing)]
[01Mar2026 21:48:46.259] [main/DEBUG] [mixin/]: Processing inject() for PlatformAgent[MixinPlatformAgentDefault:SecureJarResource(cleanswing)]
[01Mar2026 21:48:46.259] [main/DEBUG] [mixin/]: Processing inject() for PlatformAgent[MixinPlatformAgentDefault:SecureJarResource(spectrelib)]
[01Mar2026 21:48:46.259] [main/DEBUG] [mixin/]: Processing inject() for PlatformAgent[MixinPlatformAgentDefault:SecureJarResource(survival_instinct)]
[01Mar2026 21:48:46.259] [main/DEBUG] [mixin/]: Processing inject() for PlatformAgent[MixinPlatformAgentDefault:SecureJarResource(ceilingtorch)]
[01Mar2026 21:48:46.259] [main/DEBUG] [mixin/]: Processing inject() for PlatformAgent[MixinPlatformAgentDefault:SecureJarResource(fastpaintings)]
[01Mar2026 21:48:46.259] [main/DEBUG] [mixin/]: Processing inject() for PlatformAgent[MixinPlatformAgentDefault:SecureJarResource(createtweaker)]
[01Mar2026 21:48:46.259] [main/DEBUG] [mixin/]: Processing inject() for PlatformAgent[MixinPlatformAgentDefault:SecureJarResource(betterfpsdist)]
[01Mar2026 21:48:46.259] [main/DEBUG] [mixin/]: Processing inject() for PlatformAgent[MixinPlatformAgentDefault:SecureJarResource(kotlinforforge)]
[01Mar2026 21:48:46.259] [main/DEBUG] [mixin/]: Processing inject() for PlatformAgent[MixinPlatformAgentDefault:SecureJarResource(tctcore)]
[01Mar2026 21:48:46.259] [main/DEBUG] [mixin/]: Processing inject() for PlatformAgent[MixinPlatformAgentDefault:SecureJarResource(farmersrespite)]
[01Mar2026 21:48:46.259] [main/DEBUG] [mixin/]: Processing inject() for PlatformAgent[MixinPlatformAgentDefault:SecureJarResource(flywheel)]
[01Mar2026 21:48:46.259] [main/DEBUG] [mixin/]: Processing inject() for PlatformAgent[MixinPlatformAgentDefault:SecureJarResource(ponder)]
[01Mar2026 21:48:46.259] [main/DEBUG] [mixin/]: Processing inject() for PlatformAgent[MixinPlatformAgentDefault:SecureJarResource(ecologics)]
[01Mar2026 21:48:46.259] [main/DEBUG] [mixin/]: Processing inject() for PlatformAgent[MixinPlatformAgentDefault:SecureJarResource(decoration_delight)]
[01Mar2026 21:48:46.259] [main/DEBUG] [mixin/]: Processing inject() for PlatformAgent[MixinPlatformAgentDefault:SecureJarResource(croptopia)]
[01Mar2026 21:48:46.259] [main/DEBUG] [mixin/]: Processing inject() for PlatformAgent[MixinPlatformAgentDefault:SecureJarResource(tacz_npc)]
[01Mar2026 21:48:46.259] [main/DEBUG] [mixin/]: Processing inject() for PlatformAgent[MixinPlatformAgentDefault:SecureJarResource(polymorph)]
[01Mar2026 21:48:46.259] [main/DEBUG] [mixin/]: Processing inject() for PlatformAgent[MixinPlatformAgentDefault:SecureJarResource(securitycraft)]
[01Mar2026 21:48:46.259] [main/DEBUG] [mixin/]: Processing inject() for PlatformAgent[MixinPlatformAgentDefault:SecureJarResource(sit)]
[01Mar2026 21:48:46.259] [main/DEBUG] [mixin/]: Processing inject() for PlatformAgent[MixinPlatformAgentDefault:SecureJarResource(chaoszprojectbandits)]
[01Mar2026 21:48:46.259] [main/DEBUG] [mixin/]: Processing inject() for PlatformAgent[MixinPlatformAgentDefault:SecureJarResource(regrowth)]
[01Mar2026 21:48:46.259] [main/DEBUG] [mixin/]: Processing inject() for PlatformAgent[MixinPlatformAgentDefault:SecureJarResource(pillagers_gun)]
[01Mar2026 21:48:46.259] [main/DEBUG] [mixin/]: Processing inject() for PlatformAgent[MixinPlatformAgentDefault:SecureJarResource(ambientenvironment)]
[01Mar2026 21:48:46.259] [main/DEBUG] [mixin/]: Processing inject() for PlatformAgent[MixinPlatformAgentDefault:SecureJarResource(fastfurnace)]
[01Mar2026 21:48:46.259] [main/DEBUG] [mixin/]: Processing inject() for PlatformAgent[MixinPlatformAgentDefault:SecureJarResource(appleskin)]
[01Mar2026 21:48:46.259] [main/DEBUG] [mixin/]: Processing inject() for PlatformAgent[MixinPlatformAgentDefault:SecureJarResource(lootr)]
[01Mar2026 21:48:46.259] [main/DEBUG] [mixin/]: Processing inject() for PlatformAgent[MixinPlatformAgentDefault:SecureJarResource(visuality)]
[01Mar2026 21:48:46.259] [main/DEBUG] [mixin/]: Processing inject() for PlatformAgent[MixinPlatformAgentDefault:SecureJarResource(dtcroptopia)]
[01Mar2026 21:48:46.259] [main/DEBUG] [mixin/]: Processing inject() for PlatformAgent[MixinPlatformAgentDefault:SecureJarResource(puzzleslib)]
[01Mar2026 21:48:46.259] [main/DEBUG] [mixin/]: Processing inject() for PlatformAgent[MixinPlatformAgentDefault:SecureJarResource(responsiveshields)]
[01Mar2026 21:48:46.259] [main/DEBUG] [mixin/]: Processing inject() for PlatformAgent[MixinPlatformAgentDefault:SecureJarResource(carbonconfig)]
[01Mar2026 21:48:46.259] [main/DEBUG] [mixin/]: Processing inject() for PlatformAgent[MixinPlatformAgentDefault:SecureJarResource(explosionoverhaul)]
[01Mar2026 21:48:46.259] [main/DEBUG] [mixin/]: Processing inject() for PlatformAgent[MixinPlatformAgentDefault:SecureJarResource(geckolib)]
[01Mar2026 21:48:46.259] [main/DEBUG] [mixin/]: Processing inject() for PlatformAgent[MixinPlatformAgentDefault:SecureJarResource(incontrol)]
[01Mar2026 21:48:46.259] [main/DEBUG] [mixin/]: Processing inject() for PlatformAgent[MixinPlatformAgentDefault:SecureJarResource(dynamiclights)]
[01Mar2026 21:48:46.259] [main/DEBUG] [mixin/]: Processing inject() for PlatformAgent[MixinPlatformAgentDefault:SecureJarResource(immersive_aircraft)]
[01Mar2026 21:48:46.259] [main/DEBUG] [mixin/]: Processing inject() for PlatformAgent[MixinPlatformAgentDefault:SecureJarResource(sophisticatedcore)]
[01Mar2026 21:48:46.259] [main/DEBUG] [mixin/]: Processing inject() for PlatformAgent[MixinPlatformAgentDefault:SecureJarResource(insanelib)]
[01Mar2026 21:48:46.259] [main/DEBUG] [mixin/]: Processing inject() for PlatformAgent[MixinPlatformAgentDefault:SecureJarResource(ritchiesprojectilelib)]
[01Mar2026 21:48:46.259] [main/DEBUG] [mixin/]: Processing inject() for PlatformAgent[MixinPlatformAgentDefault:SecureJarResource(golemsarefriends)]
[01Mar2026 21:48:46.259] [main/DEBUG] [mixin/]: Processing inject() for PlatformAgent[MixinPlatformAgentDefault:SecureJarResource(darkness)]
[01Mar2026 21:48:46.259] [main/DEBUG] [mixin/]: Processing inject() for PlatformAgent[MixinPlatformAgentDefault:SecureJarResource(configurableextramobdrops)]
[01Mar2026 21:48:46.259] [main/DEBUG] [mixin/]: Processing inject() for PlatformAgent[MixinPlatformAgentDefault:SecureJarResource(enhancedvisuals)]
[01Mar2026 21:48:46.259] [main/DEBUG] [mixin/]: Processing inject() for PlatformAgent[MixinPlatformAgentDefault:SecureJarResource(controlling)]
[01Mar2026 21:48:46.259] [main/DEBUG] [mixin/]: Processing inject() for PlatformAgent[MixinPlatformAgentDefault:SecureJarResource(placebo)]
[01Mar2026 21:48:46.259] [main/DEBUG] [mixin/]: Processing inject() for PlatformAgent[MixinPlatformAgentDefault:SecureJarResource(citadel)]
[01Mar2026 21:48:46.259] [main/DEBUG] [mixin/]: Processing inject() for PlatformAgent[MixinPlatformAgentDefault:SecureJarResource(alexsmobs)]
[01Mar2026 21:48:46.259] [main/DEBUG] [mixin/]: Processing inject() for PlatformAgent[MixinPlatformAgentDefault:SecureJarResource(zombieawareness)]
[01Mar2026 21:48:46.259] [main/DEBUG] [mixin/]: Processing inject() for PlatformAgent[MixinPlatformAgentDefault:SecureJarResource(bookshelf)]
[01Mar2026 21:48:46.259] [main/DEBUG] [mixin/]: Processing inject() for PlatformAgent[MixinPlatformAgentDefault:SecureJarResource(sophisticatedbackpacks)]
[01Mar2026 21:48:46.259] [main/DEBUG] [mixin/]: Processing inject() for PlatformAgent[MixinPlatformAgentDefault:SecureJarResource(uteamcore)]
[01Mar2026 21:48:46.259] [main/DEBUG] [mixin/]: Processing inject() for PlatformAgent[MixinPlatformAgentDefault:SecureJarResource(mcwdoors)]
[01Mar2026 21:48:46.259] [main/DEBUG] [mixin/]: Processing inject() for PlatformAgent[MixinPlatformAgentDefault:SecureJarResource(superbwarfare)]
[01Mar2026 21:48:46.259] [main/DEBUG] [mixin/]: Processing inject() for PlatformAgent[MixinPlatformAgentDefault:SecureJarResource(railways)]
[01Mar2026 21:48:46.259] [main/DEBUG] [mixin/]: Processing inject() for PlatformAgent[MixinPlatformAgentDefault:SecureJarResource(warborn)]
[01Mar2026 21:48:46.259] [main/DEBUG] [mixin/]: Processing inject() for PlatformAgent[MixinPlatformAgentDefault:SecureJarResource(warborn_recipes)]
[01Mar2026 21:48:46.259] [main/DEBUG] [mixin/]: Processing inject() for PlatformAgent[MixinPlatformAgentDefault:SecureJarResource(doomsday_translations)]
[01Mar2026 21:48:46.259] [main/DEBUG] [mixin/]: Processing inject() for PlatformAgent[MixinPlatformAgentDefault:SecureJarResource(carryon)]
[01Mar2026 21:48:46.259] [main/DEBUG] [mixin/]: Processing inject() for PlatformAgent[MixinPlatformAgentDefault:SecureJarResource(melody)]
[01Mar2026 21:48:46.259] [main/DEBUG] [mixin/]: Processing inject() for PlatformAgent[MixinPlatformAgentDefault:SecureJarResource(dummmmmmy)]
[01Mar2026 21:48:46.259] [main/DEBUG] [mixin/]: Processing inject() for PlatformAgent[MixinPlatformAgentDefault:SecureJarResource(konkrete)]
[01Mar2026 21:48:46.260] [main/DEBUG] [mixin/]: Processing inject() for PlatformAgent[MixinPlatformAgentDefault:SecureJarResource(daffas_arsenal)]
[01Mar2026 21:48:46.260] [main/DEBUG] [mixin/]: Processing inject() for PlatformAgent[MixinPlatformAgentDefault:SecureJarResource(mcwbridges)]
[01Mar2026 21:48:46.260] [main/DEBUG] [mixin/]: Processing inject() for PlatformAgent[MixinPlatformAgentDefault:SecureJarResource(farmersdelight)]
[01Mar2026 21:48:46.260] [main/DEBUG] [mixin/]: Processing inject() for PlatformAgent[MixinPlatformAgentDefault:SecureJarResource(farmers_croptopia)]
[01Mar2026 21:48:46.260] [main/DEBUG] [mixin/]: Processing inject() for PlatformAgent[MixinPlatformAgentDefault:SecureJarResource(largemeals)]
[01Mar2026 21:48:46.260] [main/DEBUG] [mixin/]: Processing inject() for PlatformAgent[MixinPlatformAgentDefault:SecureJarResource(entity_model_features)]
[01Mar2026 21:48:46.260] [main/DEBUG] [mixin/]: Processing inject() for PlatformAgent[MixinPlatformAgentDefault:SecureJarResource(mtsofficialpack)]
[01Mar2026 21:48:46.260] [main/DEBUG] [mixin/]: Processing inject() for PlatformAgent[MixinPlatformAgentDefault:SecureJarResource(entity_texture_features)]
[01Mar2026 21:48:46.260] [main/DEBUG] [mixin/]: Processing inject() for PlatformAgent[MixinPlatformAgentDefault:SecureJarResource(dustrial_decor)]
[01Mar2026 21:48:46.260] [main/DEBUG] [mixin/]: Processing inject() for PlatformAgent[MixinPlatformAgentDefault:SecureJarResource(ambientsounds)]
[01Mar2026 21:48:46.260] [main/DEBUG] [mixin/]: Processing inject() for PlatformAgent[MixinPlatformAgentDefault:SecureJarResource(crashutilities)]
[01Mar2026 21:48:46.260] [main/DEBUG] [mixin/]: Processing inject() for PlatformAgent[MixinPlatformAgentDefault:SecureJarResource(simpleshops)]
[01Mar2026 21:48:46.260] [main/DEBUG] [mixin/]: Processing inject() for PlatformAgent[MixinPlatformAgentDefault:SecureJarResource(projectvibrantjourneys)]
[01Mar2026 21:48:46.260] [main/DEBUG] [mixin/]: Processing inject() for PlatformAgent[MixinPlatformAgentDefault:SecureJarResource(rapid_leaf_decay)]
[01Mar2026 21:48:46.260] [main/DEBUG] [mixin/]: Processing inject() for PlatformAgent[MixinPlatformAgentDefault:SecureJarResource(nostartupmessages)]
[01Mar2026 21:48:46.260] [main/DEBUG] [mixin/]: Processing inject() for PlatformAgent[MixinPlatformAgentDefault:SecureJarResource(mcwfences)]
[01Mar2026 21:48:46.260] [main/DEBUG] [mixin/]: Processing inject() for PlatformAgent[MixinPlatformAgentDefault:SecureJarResource(apocalypsenow)]
[01Mar2026 21:48:46.260] [main/DEBUG] [mixin/]: Processing inject() for PlatformAgent[MixinPlatformAgentDefault:SecureJarResource(faz_roleplay_plus)]
[01Mar2026 21:48:46.260] [main/DEBUG] [mixin/]: Processing inject() for PlatformAgent[MixinPlatformAgentDefault:SecureJarResource(jeffs_cursed_walking_structures)]
[01Mar2026 21:48:46.260] [main/DEBUG] [mixin/]: Processing inject() for PlatformAgent[MixinPlatformAgentDefault:SecureJarResource(patchouli)]
[01Mar2026 21:48:46.260] [main/DEBUG] [mixin/]: Processing inject() for PlatformAgent[MixinPlatformAgentDefault:SecureJarResource(collective)]
[01Mar2026 21:48:46.260] [main/DEBUG] [mixin/]: Processing inject() for PlatformAgent[MixinPlatformAgentDefault:SecureJarResource(flan)]
[01Mar2026 21:48:46.260] [main/DEBUG] [mixin/]: Processing inject() for PlatformAgent[MixinPlatformAgentDefault:SecureJarResource(bridge_maker)]
[01Mar2026 21:48:46.260] [main/DEBUG] [mixin/]: Processing inject() for PlatformAgent[MixinPlatformAgentDefault:SecureJarResource(betterstrongholds)]
[01Mar2026 21:48:46.260] [main/DEBUG] [mixin/]: Processing inject() for PlatformAgent[MixinPlatformAgentDefault:SecureJarResource(legendarysurvivaloverhaul)]
[01Mar2026 21:48:46.260] [main/DEBUG] [mixin/]: Processing inject() for PlatformAgent[MixinPlatformAgentDefault:SecureJarResource(curios)]
[01Mar2026 21:48:46.260] [main/DEBUG] [mixin/]: Processing inject() for PlatformAgent[MixinPlatformAgentDefault:SecureJarResource(mekanism)]
[01Mar2026 21:48:46.260] [main/DEBUG] [mixin/]: Processing inject() for PlatformAgent[MixinPlatformAgentDefault:SecureJarResource(sereneseasons)]
[01Mar2026 21:48:46.260] [main/DEBUG] [mixin/]: Processing inject() for PlatformAgent[MixinPlatformAgentDefault:SecureJarResource(mekanismgenerators)]
[01Mar2026 21:48:46.260] [main/DEBUG] [mixin/]: Processing inject() for PlatformAgent[MixinPlatformAgentDefault:SecureJarResource(resourcefullib)]
[01Mar2026 21:48:46.260] [main/DEBUG] [mixin/]: Processing inject() for PlatformAgent[MixinPlatformAgentDefault:SecureJarResource(starterkit)]
[01Mar2026 21:48:46.260] [main/DEBUG] [mixin/]: Processing inject() for PlatformAgent[MixinPlatformAgentDefault:SecureJarResource(scalingmobs)]
[01Mar2026 21:48:46.260] [main/DEBUG] [mixin/]: Processing inject() for PlatformAgent[MixinPlatformAgentDefault:SecureJarResource(eatinganimation)]
[01Mar2026 21:48:46.260] [main/DEBUG] [mixin/]: Processing inject() for PlatformAgent[MixinPlatformAgentDefault:SecureJarResource(mekanismtools)]
[01Mar2026 21:48:46.260] [main/DEBUG] [mixin/]: Processing inject() for PlatformAgent[MixinPlatformAgentDefault:SecureJarResource(architectury)]
[01Mar2026 21:48:46.260] [main/DEBUG] [mixin/]: Processing inject() for PlatformAgent[MixinPlatformAgentDefault:SecureJarResource(nerb)]
[01Mar2026 21:48:46.260] [main/DEBUG] [mixin/]: Processing inject() for PlatformAgent[MixinPlatformAgentDefault:SecureJarResource(loadingbackgrounds)]
[01Mar2026 21:48:46.260] [main/DEBUG] [mixin/]: Processing inject() for PlatformAgent[MixinPlatformAgentDefault:SecureJarResource(ftblibrary)]
[01Mar2026 21:48:46.260] [main/DEBUG] [mixin/]: Processing inject() for PlatformAgent[MixinPlatformAgentDefault:SecureJarResource(jamlib)]
[01Mar2026 21:48:46.260] [main/DEBUG] [mixin/]: Processing inject() for PlatformAgent[MixinPlatformAgentDefault:SecureJarResource(rightclickharvest)]
[01Mar2026 21:48:46.260] [main/DEBUG] [mixin/]: Processing inject() for PlatformAgent[MixinPlatformAgentDefault:SecureJarResource(walkietalkie)]
[01Mar2026 21:48:46.260] [main/DEBUG] [mixin/]: Processing inject() for PlatformAgent[MixinPlatformAgentDefault:SecureJarResource(ftbteams)]
[01Mar2026 21:48:46.260] [main/DEBUG] [mixin/]: Processing inject() for PlatformAgent[MixinPlatformAgentDefault:SecureJarResource(bloomingnature)]
[01Mar2026 21:48:46.260] [main/DEBUG] [mixin/]: Processing inject() for PlatformAgent[MixinPlatformAgentDefault:SecureJarResource(pandalib)]
[01Mar2026 21:48:46.260] [main/DEBUG] [mixin/]: Processing inject() for PlatformAgent[MixinPlatformAgentDefault:SecureJarResource(set_things_up)]
[01Mar2026 21:48:46.260] [main/DEBUG] [mixin/]: Processing inject() for PlatformAgent[MixinPlatformAgentDefault:SecureJarResource(cupboard)]
[01Mar2026 21:48:46.260] [main/DEBUG] [mixin/]: Processing inject() for PlatformAgent[MixinPlatformAgentDefault:SecureJarResource(firstjoinmessage)]
[01Mar2026 21:48:46.260] [main/DEBUG] [mixin/]: Processing inject() for PlatformAgent[MixinPlatformAgentDefault:SecureJarResource(refurbished_furniture)]
[01Mar2026 21:48:46.260] [main/DEBUG] [mixin/]: Processing inject() for PlatformAgent[MixinPlatformAgentDefault:SecureJarResource(framework)]
[01Mar2026 21:48:46.260] [main/DEBUG] [mixin/]: Processing inject() for PlatformAgent[MixinPlatformAgentDefault:SecureJarResource(simply_traps)]
[01Mar2026 21:48:46.260] [main/DEBUG] [mixin/]: Processing inject() for PlatformAgent[MixinPlatformAgentDefault:SecureJarResource(letmedespawn)]
[01Mar2026 21:48:46.260] [main/DEBUG] [mixin/]: Processing inject() for PlatformAgent[MixinPlatformAgentDefault:SecureJarResource(matmos_tct)]
[01Mar2026 21:48:46.260] [main/DEBUG] [mixin/]: Processing inject() for PlatformAgent[MixinPlatformAgentDefault:SecureJarResource(crawlondemand)]
[01Mar2026 21:48:46.260] [main/DEBUG] [mixin/]: Processing inject() for PlatformAgent[MixinPlatformAgentDefault:SecureJarResource(lradd)]
[01Mar2026 21:48:46.260] [main/DEBUG] [mixin/]: Processing inject() for PlatformAgent[MixinPlatformAgentDefault:SecureJarResource(fallingtrees)]
[01Mar2026 21:48:46.260] [main/DEBUG] [mixin/]: Processing inject() for PlatformAgent[MixinPlatformAgentDefault:SecureJarResource(craftpresence)]
[01Mar2026 21:48:46.260] [main/DEBUG] [mixin/]: Processing inject() for PlatformAgent[MixinPlatformAgentDefault:SecureJarResource(rhino)]
[01Mar2026 21:48:46.260] [main/DEBUG] [mixin/]: Processing inject() for PlatformAgent[MixinPlatformAgentDefault:SecureJarResource(kubejs)]
[01Mar2026 21:48:46.260] [main/DEBUG] [mixin/]: Processing inject() for PlatformAgent[MixinPlatformAgentDefault:SecureJarResource(amendments)]
[01Mar2026 21:48:46.260] [main/DEBUG] [mixin/]: Processing inject() for PlatformAgent[MixinPlatformAgentDefault:SecureJarResource(octolib)]
[01Mar2026 21:48:46.260] [main/DEBUG] [mixin/]: Processing inject() for PlatformAgent[MixinPlatformAgentDefault:SecureJarResource(dreamcaslib)]
[01Mar2026 21:48:46.260] [main/DEBUG] [mixin/]: Processing inject() for PlatformAgent[MixinPlatformAgentDefault:SecureJarResource(copycats)]
[01Mar2026 21:48:46.260] [main/DEBUG] [mixin/]: Processing inject() for PlatformAgent[MixinPlatformAgentDefault:SecureJarResource(tacz)]
[01Mar2026 21:48:46.260] [main/DEBUG] [mixin/]: Processing inject() for PlatformAgent[MixinPlatformAgentDefault:SecureJarResource(lrtactical)]
[01Mar2026 21:48:46.260] [main/DEBUG] [mixin/]: Processing inject() for PlatformAgent[MixinPlatformAgentDefault:SecureJarResource(tacztweaks)]
[01Mar2026 21:48:46.260] [main/DEBUG] [mixin/]: Processing inject() for PlatformAgent[MixinPlatformAgentDefault:SecureJarResource(create)]
[01Mar2026 21:48:46.261] [main/DEBUG] [mixin/]: Processing inject() for PlatformAgent[MixinPlatformAgentDefault:SecureJarResource(createdeco)]
[01Mar2026 21:48:46.261] [main/DEBUG] [mixin/]: Processing inject() for PlatformAgent[MixinPlatformAgentDefault:SecureJarResource(sliceanddice)]
[01Mar2026 21:48:46.261] [main/DEBUG] [mixin/]: Processing inject() for PlatformAgent[MixinPlatformAgentDefault:SecureJarResource(createbigcannons)]
[01Mar2026 21:48:46.261] [main/DEBUG] [mixin/]: Processing inject() for PlatformAgent[MixinPlatformAgentDefault:SecureJarResource(chaoszpack_structures)]
[01Mar2026 21:48:46.261] [main/DEBUG] [mixin/]: Processing inject() for PlatformAgent[MixinPlatformAgentDefault:SecureJarResource(structory)]
[01Mar2026 21:48:46.261] [main/DEBUG] [mixin/]: Processing inject() for PlatformAgent[MixinPlatformAgentDefault:SecureJarResource(comforts)]
[01Mar2026 21:48:46.261] [main/DEBUG] [mixin/]: Processing inject() for PlatformAgent[MixinPlatformAgentDefault:SecureJarResource(decorative_blocks)]
[01Mar2026 21:48:46.261] [main/DEBUG] [mixin/]: Processing inject() for PlatformAgent[MixinPlatformAgentDefault:SecureJarResource(myserveriscompatible)]
[01Mar2026 21:48:46.261] [main/DEBUG] [mixin/]: Processing inject() for PlatformAgent[MixinPlatformAgentDefault:SecureJarResource(lingua_bib)]
[01Mar2026 21:48:46.261] [main/DEBUG] [mixin/]: Processing inject() for PlatformAgent[MixinPlatformAgentDefault:SecureJarResource(badmobs)]
[01Mar2026 21:48:46.261] [main/DEBUG] [mixin/]: Processing inject() for PlatformAgent[MixinPlatformAgentDefault:SecureJarResource(access_denied)]
[01Mar2026 21:48:46.261] [main/DEBUG] [mixin/]: Processing inject() for PlatformAgent[MixinPlatformAgentDefault:SecureJarResource(mts)]
[01Mar2026 21:48:46.261] [main/DEBUG] [mixin/]: Processing inject() for PlatformAgent[MixinPlatformAgentDefault:SecureJarResource(terralith)]
[01Mar2026 21:48:46.261] [main/DEBUG] [mixin/]: Processing inject() for PlatformAgent[MixinPlatformAgentDefault:SecureJarResource(dtterralith)]
[01Mar2026 21:48:46.261] [main/DEBUG] [mixin/]: Processing inject() for PlatformAgent[MixinPlatformAgentDefault:SecureJarResource(jeffsgibbing)]
[01Mar2026 21:48:46.261] [main/DEBUG] [mixin/]: Processing inject() for PlatformAgent[MixinPlatformAgentDefault:SecureJarResource(experimentalsettingsdisabler)]
[01Mar2026 21:48:46.261] [main/DEBUG] [mixin/]: Processing inject() for PlatformAgent[MixinPlatformAgentDefault:SecureJarResource(enchdesc)]
[01Mar2026 21:48:46.261] [main/DEBUG] [mixin/]: Processing inject() for PlatformAgent[MixinPlatformAgentDefault:SecureJarResource(moonlight)]
[01Mar2026 21:48:46.261] [main/DEBUG] [mixin/]: Processing inject() for PlatformAgent[MixinPlatformAgentDefault:SecureJarResource(extragore)]
[01Mar2026 21:48:46.261] [main/DEBUG] [mixin/]: Processing inject() for PlatformAgent[MixinPlatformAgentDefault:SecureJarResource(toolbelt)]
[01Mar2026 21:48:46.261] [main/DEBUG] [mixin/]: Processing inject() for PlatformAgent[MixinPlatformAgentDefault:SecureJarResource(regions_unexplored)]
[01Mar2026 21:48:46.261] [main/DEBUG] [mixin/]: Processing inject() for PlatformAgent[MixinPlatformAgentDefault:SecureJarResource(dtru)]
[01Mar2026 21:48:46.261] [main/DEBUG] [mixin/]: Processing inject() for PlatformAgent[MixinPlatformAgentDefault:SecureJarResource(mixinsquared)]
[01Mar2026 21:48:46.261] [main/DEBUG] [mixin/]: Processing inject() for PlatformAgent[MixinPlatformAgentDefault:SecureJarResource(jade)]
[01Mar2026 21:48:46.261] [main/DEBUG] [mixin/]: Processing inject() for PlatformAgent[MixinPlatformAgentDefault:SecureJarResource(creativecore)]
[01Mar2026 21:48:46.261] [main/DEBUG] [mixin/]: Processing inject() for PlatformAgent[MixinPlatformAgentDefault:SecureJarResource(dweller_dweller)]
[01Mar2026 21:48:46.261] [main/DEBUG] [mixin/]: Processing inject() for PlatformAgent[MixinPlatformAgentDefault:SecureJarResource(smoothboot)]
[01Mar2026 21:48:46.261] [main/DEBUG] [mixin/]: Processing inject() for PlatformAgent[MixinPlatformAgentDefault:SecureJarResource(voidfog)]
[01Mar2026 21:48:46.261] [main/DEBUG] [mixin/]: Processing inject() for PlatformAgent[MixinPlatformAgentDefault:SecureJarResource(mobsunscreen)]
[01Mar2026 21:48:46.261] [main/DEBUG] [mixin/]: Processing inject() for PlatformAgent[MixinPlatformAgentDefault:SecureJarResource(fancymenu)]
[01Mar2026 21:48:46.261] [main/DEBUG] [mixin/]: Processing inject() for PlatformAgent[MixinPlatformAgentDefault:SecureJarResource(lios_overhauled_villages)]
[01Mar2026 21:48:46.261] [main/DEBUG] [mixin/]: Processing inject() for PlatformAgent[MixinPlatformAgentDefault:SecureJarResource(coroutil)]
[01Mar2026 21:48:46.261] [main/DEBUG] [mixin/]: Processing inject() for PlatformAgent[MixinPlatformAgentDefault:SecureJarResource(nobz)]
[01Mar2026 21:48:46.261] [main/DEBUG] [mixin/]: Processing inject() for PlatformAgent[MixinPlatformAgentDefault:SecureJarResource(ferritecore)]
[01Mar2026 21:48:46.261] [main/DEBUG] [mixin/]: Processing inject() for PlatformAgent[MixinPlatformAgentDefault:SecureJarResource(yet_another_config_lib_v3)]
[01Mar2026 21:48:46.261] [main/DEBUG] [mixin/]: Processing inject() for PlatformAgent[MixinPlatformAgentDefault:SecureJarResource(enhancedcelestials)]
[01Mar2026 21:48:46.261] [main/DEBUG] [mixin/]: Processing inject() for PlatformAgent[MixinPlatformAgentDefault:SecureJarResource(corgilib)]
[01Mar2026 21:48:46.261] [main/DEBUG] [mixin/]: Processing inject() for PlatformAgent[MixinPlatformAgentDefault:SecureJarResource(dataanchor)]
[01Mar2026 21:48:46.261] [main/DEBUG] [mixin/]: Processing inject() for PlatformAgent[MixinPlatformAgentDefault:SecureJarResource(justzoom)]
[01Mar2026 21:48:46.261] [main/DEBUG] [mixin/]: Processing inject() for PlatformAgent[MixinPlatformAgentDefault:SecureJarResource(charmofundying)]
[01Mar2026 21:48:46.261] [main/DEBUG] [mixin/]: Processing inject() for PlatformAgent[MixinPlatformAgentDefault:SecureJarResource(rrls)]
[01Mar2026 21:48:46.261] [main/DEBUG] [mixin/]: Processing inject() for PlatformAgent[MixinPlatformAgentDefault:SecureJarResource(quantified)]
[01Mar2026 21:48:46.261] [main/DEBUG] [mixin/]: Processing inject() for PlatformAgent[MixinPlatformAgentDefault:SecureJarResource(create_furnitures)]
[01Mar2026 21:48:46.261] [main/DEBUG] [mixin/]: Processing inject() for PlatformAgent[MixinPlatformAgentDefault:SecureJarResource(packetfixer)]
[01Mar2026 21:48:46.261] [main/DEBUG] [mixin/]: Processing inject() for PlatformAgent[MixinPlatformAgentDefault:SecureJarResource(horde_hoard)]
[01Mar2026 21:48:46.261] [main/DEBUG] [mixin/]: Processing inject() for PlatformAgent[MixinPlatformAgentDefault:SecureJarResource(improvedmobs)]
[01Mar2026 21:48:46.261] [main/DEBUG] [mixin/]: Processing inject() for PlatformAgent[MixinPlatformAgentDefault:SecureJarResource(openloader)]
[01Mar2026 21:48:46.261] [main/DEBUG] [mixin/]: Processing inject() for PlatformAgent[MixinPlatformAgentDefault:SecureJarResource(presencefootsteps)]
[01Mar2026 21:48:46.261] [main/DEBUG] [mixin/]: Processing inject() for PlatformAgent[MixinPlatformAgentDefault:SecureJarResource(Registrate.MC1._20)]
[01Mar2026 21:48:46.261] [main/DEBUG] [mixin/]: Processing inject() for PlatformAgent[MixinPlatformAgentDefault:SecureJarResource(com.twelvemonkeys.imageio.metadata)]
[01Mar2026 21:48:46.261] [main/DEBUG] [mixin/]: Processing inject() for PlatformAgent[MixinPlatformAgentDefault:SecureJarResource(com.madgag.gif.fmsware)]
[01Mar2026 21:48:46.261] [main/DEBUG] [mixin/]: Processing inject() for PlatformAgent[MixinPlatformAgentDefault:SecureJarResource(org.quiltmc.parsers.gson)]
[01Mar2026 21:48:46.261] [main/DEBUG] [mixin/]: Processing inject() for PlatformAgent[MixinPlatformAgentDefault:SecureJarResource(bytecodecs)]
[01Mar2026 21:48:46.261] [main/DEBUG] [mixin/]: Processing inject() for PlatformAgent[MixinPlatformAgentDefault:SecureJarResource(jankson)]
[01Mar2026 21:48:46.261] [main/DEBUG] [mixin/]: Processing inject() for PlatformAgent[MixinPlatformAgentDefault:SecureJarResource(jcpp)]
[01Mar2026 21:48:46.261] [main/DEBUG] [mixin/]: Processing inject() for PlatformAgent[MixinPlatformAgentDefault:SecureJarResource(MinecraftForgeAPI)]
[01Mar2026 21:48:46.261] [main/DEBUG] [mixin/]: Processing inject() for PlatformAgent[MixinPlatformAgentDefault:SecureJarResource(MixinSquared)]
[01Mar2026 21:48:46.261] [main/DEBUG] [mixin/]: Processing inject() for PlatformAgent[MixinPlatformAgentDefault:SecureJarResource(org.quiltmc.parsers.json)]
[01Mar2026 21:48:46.262] [main/DEBUG] [mixin/]: Processing inject() for PlatformAgent[MixinPlatformAgentDefault:SecureJarResource(mclib)]
[01Mar2026 21:48:46.262] [main/DEBUG] [mixin/]: Processing inject() for PlatformAgent[MixinPlatformAgentDefault:SecureJarResource(mixinextras)]
[01Mar2026 21:48:46.262] [main/DEBUG] [mixin/]: Processing inject() for PlatformAgent[MixinPlatformAgentDefault:SecureJarResource(com.twelvemonkeys.imageio.webp)]
[01Mar2026 21:48:46.262] [main/DEBUG] [mixin/]: Processing inject() for PlatformAgent[MixinPlatformAgentDefault:SecureJarResource(com.twelvemonkeys.common.lang)]
[01Mar2026 21:48:46.262] [main/DEBUG] [mixin/]: Processing inject() for PlatformAgent[MixinPlatformAgentDefault:SecureJarResource(org.yaml.snakeyaml)]
[01Mar2026 21:48:46.262] [main/DEBUG] [mixin/]: Processing inject() for PlatformAgent[MixinPlatformAgentDefault:SecureJarResource(luaj.jse.figura)]
[01Mar2026 21:48:46.262] [main/DEBUG] [mixin/]: Processing inject() for PlatformAgent[MixinPlatformAgentDefault:SecureJarResource(yabn)]
[01Mar2026 21:48:46.262] [main/DEBUG] [mixin/]: Processing inject() for PlatformAgent[MixinPlatformAgentDefault:SecureJarResource(commons.math3)]
[01Mar2026 21:48:46.262] [main/DEBUG] [mixin/]: Processing inject() for PlatformAgent[MixinPlatformAgentDefault:SecureJarResource(japng)]
[01Mar2026 21:48:46.262] [main/DEBUG] [mixin/]: Processing inject() for PlatformAgent[MixinPlatformAgentDefault:SecureJarResource(luaj.core.figura)]
[01Mar2026 21:48:46.262] [main/DEBUG] [mixin/]: Processing inject() for PlatformAgent[MixinPlatformAgentDefault:SecureJarResource(Primitive.Collections)]
[01Mar2026 21:48:46.262] [main/DEBUG] [mixin/]: Processing inject() for PlatformAgent[MixinPlatformAgentDefault:SecureJarResource(MathParser.org.mXparser)]
[01Mar2026 21:48:46.262] [main/DEBUG] [mixin/]: Processing inject() for PlatformAgent[MixinPlatformAgentDefault:SecureJarResource(com.twelvemonkeys.common.image)]
[01Mar2026 21:48:46.262] [main/DEBUG] [mixin/]: Processing inject() for PlatformAgent[MixinPlatformAgentDefault:SecureJarResource(org.apache.bcel)]
[01Mar2026 21:48:46.262] [main/DEBUG] [mixin/]: Processing inject() for PlatformAgent[MixinPlatformAgentDefault:SecureJarResource(com.twelvemonkeys.imageio.core)]
[01Mar2026 21:48:46.262] [main/DEBUG] [mixin/]: Processing inject() for PlatformAgent[MixinPlatformAgentDefault:SecureJarResource(thedarkcolour.kotlinforforge.kfflib)]
[01Mar2026 21:48:46.262] [main/DEBUG] [mixin/]: Processing inject() for PlatformAgent[MixinPlatformAgentDefault:SecureJarResource(com.twelvemonkeys.common.io)]
[01Mar2026 21:48:46.262] [main/DEBUG] [mixin/]: Processing inject() for PlatformAgent[MixinPlatformAgentDefault:SecureJarResource(MixinExtras)]
[01Mar2026 21:48:46.281] [main/DEBUG] [mixin/]: Error cleaning class output directory: .mixin.out
[01Mar2026 21:48:46.282] [main/DEBUG] [mixin/]: Preparing mixins for MixinEnvironment[PREINIT]
[01Mar2026 21:48:46.286] [main/INFO] [mixin/]: Successfully loaded Mixin Connector [com.sonicether.soundphysics.MixinConnector]
[01Mar2026 21:48:46.288] [main/INFO] [mixin/]: Successfully loaded Mixin Connector [mcinterface1201.mixin.MixinConnector]
[01Mar2026 21:48:46.289] [main/INFO] [cpw.mods.modlauncher.LaunchServiceHandler/MODLAUNCHER]: Launching target 'forgeserver' with arguments []
[01Mar2026 21:48:46.291] [main/DEBUG] [mixin/]: Preparing mixins for MixinEnvironment[DEFAULT]
[01Mar2026 21:48:46.291] [main/DEBUG] [mixin/]: Selecting config betterdungeons.mixins.json
[01Mar2026 21:48:46.294] [main/DEBUG] [mixin/]: Selecting config betterdungeons_forge.mixins.json
[01Mar2026 21:48:46.296] [main/DEBUG] [mixin/]: Selecting config auudio.mixin.json
[01Mar2026 21:48:46.298] [main/DEBUG] [mixin/]: Selecting config almanac.mixins.json
[01Mar2026 21:48:46.298] [main/DEBUG] [mixin/]: Selecting config modernworldcreation.mixins.json
[01Mar2026 21:48:46.301] [main/DEBUG] [mixin/]: Selecting config modernworldcreation.forge.mixins.json
[01Mar2026 21:48:46.302] [main/DEBUG] [mixin/]: Selecting config playerAnimator-common.mixins.json
[01Mar2026 21:48:46.305] [main/DEBUG] [mixin/]: Selecting config gamemenuremovegfarb-common.mixins.json
[01Mar2026 21:48:46.306] [main/DEBUG] [mixin/]: Selecting config modernfix-modernfix.mixins.json
[01Mar2026 21:48:46.368] [main/INFO] [ModernFix/]: Loaded configuration file for ModernFix 5.26.2+mc1.20.1: 98 options available, 9 override(s) found
[01Mar2026 21:48:46.369] [main/WARN] [ModernFix/]: Option 'mixin.perf.smart_ingredient_sync' overriden (by mods [crafttweaker]) to 'false'
[01Mar2026 21:48:46.370] [main/WARN] [ModernFix/]: Option 'mixin.perf.dynamic_resources' overriden (by user configuration) to 'true'
[01Mar2026 21:48:46.370] [main/WARN] [ModernFix/]: Option 'mixin.perf.clear_mixin_classinfo' overriden (by user configuration) to 'true'
[01Mar2026 21:48:46.370] [main/WARN] [ModernFix/]: Option 'mixin.perf.deduplicate_location' overriden (by user configuration) to 'true'
[01Mar2026 21:48:46.370] [main/WARN] [ModernFix/]: Option 'mixin.perf.dynamic_entity_renderers' overriden (by user configuration) to 'true'
[01Mar2026 21:48:46.370] [main/WARN] [ModernFix/]: Option 'mixin.perf.remove_spawn_chunks' overriden (by user configuration) to 'true'
[01Mar2026 21:48:46.370] [main/WARN] [ModernFix/]: Option 'mixin.perf.ingredient_item_deduplication' overriden (by user configuration) to 'true'
[01Mar2026 21:48:46.371] [main/WARN] [ModernFix/]: Option 'mixin.perf.deduplicate_climate_parameters' overriden (by user configuration) to 'true'
[01Mar2026 21:48:46.371] [main/WARN] [ModernFix/]: Option 'mixin.perf.thread_priorities' overriden (by mods [smoothboot]) to 'false'
[01Mar2026 21:48:46.372] [main/INFO] [ModernFix/]: Applying Nashorn fix
[01Mar2026 21:48:46.387] [main/INFO] [ModernFix/]: Applied Forge config corruption patch
[01Mar2026 21:48:46.392] [main/DEBUG] [mixin/]: Selecting config yungsapi.mixins.json
[01Mar2026 21:48:46.394] [main/DEBUG] [mixin/]: Selecting config yungsapi_forge.mixins.json
[01Mar2026 21:48:46.395] [main/DEBUG] [mixin/]: Selecting config bbb.mixins.json
[01Mar2026 21:48:46.396] [main/DEBUG] [mixin/]: Selecting config guardvillagers.mixins.json
[01Mar2026 21:48:46.397] [main/DEBUG] [mixin/]: Selecting config createdieselgenerators.mixins.json
[01Mar2026 21:48:46.398] [main/DEBUG] [mixin/]: Selecting config hordes.mixin.json
[01Mar2026 21:48:46.399] [main/DEBUG] [mixin/]: Selecting config chat_heads.mixins.json
[01Mar2026 21:48:46.401] [main/DEBUG] [mixin/]: Selecting config chat_heads.forge.mixins.json
[01Mar2026 21:48:46.404] [main/WARN] [mixin/]: Reference map '' for chat_heads.forge.mixins.json could not be read. If this is a development environment you can ignore this message
[01Mar2026 21:48:46.404] [main/DEBUG] [mixin/]: Selecting config bbs.mixins.json
[01Mar2026 21:48:46.405] [main/DEBUG] [mixin/]: Selecting config combatlog-common.mixins.json
[01Mar2026 21:48:46.407] [main/DEBUG] [mixin/]: Selecting config combatlog-forge.mixins.json
[01Mar2026 21:48:46.408] [main/DEBUG] [mixin/]: Selecting config embeddium.mixins.json
[01Mar2026 21:48:46.418] [main/INFO] [Embeddium/]: Loaded configuration file for Embeddium: 319 options available, 3 override(s) found
[01Mar2026 21:48:46.428] [main/DEBUG] [mixin/]: Selecting config athena.mixins.json
[01Mar2026 21:48:46.429] [main/DEBUG] [mixin/]: Selecting config athena-forge.mixins.json
[01Mar2026 21:48:46.430] [main/DEBUG] [mixin/]: Selecting config tenshilib.mixins.json
[01Mar2026 21:48:46.431] [main/DEBUG] [mixin/]: Selecting config handcrafted-common.mixins.json
[01Mar2026 21:48:46.431] [main/DEBUG] [mixin/]: Selecting config handcrafted.mixins.json
[01Mar2026 21:48:46.432] [main/WARN] [mixin/]: Reference map 'handcrafted-forge-1.20.1-forge-refmap.json' for handcrafted.mixins.json could not be read. If this is a development environment you can ignore this message
[01Mar2026 21:48:46.433] [main/DEBUG] [mixin/]: Selecting config combatroll.mixins.json
[01Mar2026 21:48:46.434] [main/DEBUG] [mixin/]: Selecting config alekiships.mixins.json
[01Mar2026 21:48:46.435] [main/DEBUG] [mixin/]: Selecting config lrarmor.mixins.json
[01Mar2026 21:48:46.437] [main/DEBUG] [mixin/]: Selecting config fishingoverhaul.mixins.json
[01Mar2026 21:48:46.437] [main/DEBUG] [mixin/]: Selecting config propertymodifier.mixins.json
[01Mar2026 21:48:46.438] [main/DEBUG] [mixin/]: Selecting config gunfireoverhaul.mixins.json
[01Mar2026 21:48:46.439] [main/DEBUG] [mixin/]: Selecting config mixins.oculus.json
[01Mar2026 21:48:46.441] [main/DEBUG] [mixin/]: Selecting config mixins.oculus.fantastic.json
[01Mar2026 21:48:46.442] [main/DEBUG] [mixin/]: Selecting config mixins.oculus.vertexformat.json
[01Mar2026 21:48:46.444] [main/DEBUG] [mixin/]: Selecting config mixins.oculus.bettermipmaps.json
[01Mar2026 21:48:46.445] [main/DEBUG] [mixin/]: Selecting config mixins.oculus.fixes.maxfpscrash.json
[01Mar2026 21:48:46.446] [main/DEBUG] [mixin/]: Selecting config oculus-batched-entity-rendering.mixins.json
[01Mar2026 21:48:46.448] [main/DEBUG] [mixin/]: Selecting config mixins.oculus.compat.sodium.json
[01Mar2026 21:48:46.450] [main/DEBUG] [mixin/]: Selecting config mixins.oculus.compat.indigo.json
[01Mar2026 21:48:46.452] [main/DEBUG] [mixin/]: Selecting config mixins.oculus.compat.indium.json
[01Mar2026 21:48:46.454] [main/DEBUG] [mixin/]: Selecting config mixins.oculus.compat.dh.json
[01Mar2026 21:48:46.456] [main/DEBUG] [mixin/]: Selecting config mixins.oculus.compat.pixelmon.json
[01Mar2026 21:48:46.458] [main/DEBUG] [mixin/]: Selecting config itemblacklist.mixins.json
[01Mar2026 21:48:46.459] [main/DEBUG] [mixin/]: Selecting config searchables.mixins.json
[01Mar2026 21:48:46.460] [main/DEBUG] [mixin/]: Selecting config searchables.forge.mixins.json
[01Mar2026 21:48:46.461] [main/DEBUG] [mixin/]: Selecting config attributeslib.mixins.json
[01Mar2026 21:48:46.462] [main/DEBUG] [mixin/]: Selecting config noisium-common.mixins.json
[01Mar2026 21:48:46.467] [main/DEBUG] [mixin/]: Selecting config pointblank.mixins.json
[01Mar2026 21:48:46.468] [main/DEBUG] [mixin/]: Selecting config pointblank.mixins.compat.iris.json
[01Mar2026 21:48:46.470] [main/DEBUG] [mixin/]: Selecting config pointblank.mixins.compat.iris16.json
[01Mar2026 21:48:46.471] [main/DEBUG] [mixin/]: Selecting config chunkpregen.mixins.json
[01Mar2026 21:48:46.472] [main/DEBUG] [mixin/]: Selecting config cfm.mixins.json
[01Mar2026 21:48:46.473] [main/DEBUG] [mixin/]: Selecting config krypton.mixins.json
[01Mar2026 21:48:46.474] [main/DEBUG] [mixin/]: Selecting config mobtimizations.mixins.json
[01Mar2026 21:48:46.475] [main/DEBUG] [mixin/]: Selecting config bettermineshafts.mixins.json
[01Mar2026 21:48:46.476] [main/DEBUG] [mixin/]: Selecting config bettermineshafts_forge.mixins.json
[01Mar2026 21:48:46.477] [main/DEBUG] [mixin/]: Selecting config playerrevive.mixins.json
[01Mar2026 21:48:46.478] [main/DEBUG] [mixin/]: Selecting config waterdripsound.mixins.json
[01Mar2026 21:48:46.478] [main/DEBUG] [mixin/]: Selecting config mutantmonsters.common.mixins.json
[01Mar2026 21:48:46.480] [main/DEBUG] [mixin/]: Selecting config pehkui.mixins.json
[01Mar2026 21:48:46.483] [main/DEBUG] [mixin/]: Selecting config immersive_weathering-common.mixins.json
[01Mar2026 21:48:46.484] [main/DEBUG] [mixin/]: Selecting config immersive_weathering.mixins.json
[01Mar2026 21:48:46.484] [main/DEBUG] [mixin/]: Selecting config fallingleaves.mixins.json
[01Mar2026 21:48:46.485] [main/DEBUG] [mixin/]: Selecting config berezka_api.mixins.json
[01Mar2026 21:48:46.486] [main/DEBUG] [mixin/]: Selecting config forgivingworld.mixins.json
[01Mar2026 21:48:46.486] [main/DEBUG] [mixin/]: Selecting config epherolib.mixins.json
[01Mar2026 21:48:46.487] [main/WARN] [mixin/]: Reference map 'EpheroLib-refmap.json' for epherolib.mixins.json could not be read. If this is a development environment you can ignore this message
[01Mar2026 21:48:46.487] [main/DEBUG] [mixin/]: Selecting config glitchcore.mixins.json
[01Mar2026 21:48:46.488] [main/DEBUG] [mixin/]: Selecting config glitchcore.forge.mixins.json
[01Mar2026 21:48:46.489] [main/DEBUG] [mixin/]: Selecting config midnightlib.mixins.json
[01Mar2026 21:48:46.490] [main/DEBUG] [mixin/]: Selecting config table_top_craft.mixins.json
[01Mar2026 21:48:46.490] [main/DEBUG] [mixin/]: Selecting config crafttweaker.mixins.json
[01Mar2026 21:48:46.491] [main/DEBUG] [mixin/]: Selecting config crafttweaker.forge.mixins.json
[01Mar2026 21:48:46.491] [main/DEBUG] [mixin/]: Selecting config puzzlesaccessapi.common.mixins.json
[01Mar2026 21:48:46.492] [main/WARN] [mixin/]: Reference map 'puzzlesaccessapi.common.refmap.json' for puzzlesaccessapi.common.mixins.json could not be read. If this is a development environment you can ignore this message
[01Mar2026 21:48:46.492] [main/DEBUG] [mixin/]: Selecting config puzzlesaccessapi.forge.mixins.json
[01Mar2026 21:48:46.493] [main/DEBUG] [mixin/]: Selecting config drippyloadingscreen.mixins.json
[01Mar2026 21:48:46.494] [main/DEBUG] [mixin/]: Selecting config drippyloadingscreen.forge.mixins.json
[01Mar2026 21:48:46.495] [main/DEBUG] [mixin/]: Selecting config tectonic.mixins.json
[01Mar2026 21:48:46.496] [main/DEBUG] [mixin/]: Selecting config mixins.cofhcore.json
[01Mar2026 21:48:46.496] [main/DEBUG] [mixin/]: Selecting config smoothchunk.mixins.json
[01Mar2026 21:48:46.497] [main/DEBUG] [mixin/]: Selecting config terrablender.mixins.json
[01Mar2026 21:48:46.497] [main/DEBUG] [mixin/]: Selecting config terrablender_forge.mixins.json
[01Mar2026 21:48:46.498] [main/DEBUG] [mixin/]: Selecting config mousetweaks.mixins.json
[01Mar2026 21:48:46.499] [main/DEBUG] [mixin/]: Selecting config immersiveengineering.mixins.json
[01Mar2026 21:48:46.509] [main/DEBUG] [mixin/]: Registering new injector for @Inject with org.spongepowered.asm.mixin.injection.struct.CallbackInjectionInfo
[01Mar2026 21:48:46.511] [main/DEBUG] [mixin/]: Registering new injector for @ModifyArg with org.spongepowered.asm.mixin.injection.struct.ModifyArgInjectionInfo
[01Mar2026 21:48:46.512] [main/DEBUG] [mixin/]: Registering new injector for @ModifyArgs with org.spongepowered.asm.mixin.injection.struct.ModifyArgsInjectionInfo
[01Mar2026 21:48:46.513] [main/DEBUG] [mixin/]: Registering new injector for @Redirect with org.spongepowered.asm.mixin.injection.struct.RedirectInjectionInfo
[01Mar2026 21:48:46.514] [main/DEBUG] [mixin/]: Registering new injector for @ModifyVariable with org.spongepowered.asm.mixin.injection.struct.ModifyVariableInjectionInfo
[01Mar2026 21:48:46.514] [main/DEBUG] [mixin/]: Registering new injector for @ModifyConstant with org.spongepowered.asm.mixin.injection.struct.ModifyConstantInjectionInfo
[01Mar2026 21:48:46.516] [main/DEBUG] [mixin/]: Registering new injector for @CaptureOwner with blusunrize.immersiveengineering.common.mixin.CaptureOwnerInjectionInfo
[01Mar2026 21:48:46.517] [main/DEBUG] [mixin/]: Selecting config shouldersurfing.common.mixins.json
[01Mar2026 21:48:46.518] [main/DEBUG] [mixin/]: Selecting config shouldersurfing.common.compat.mixins.json
[01Mar2026 21:48:46.519] [main/DEBUG] [mixin/]: Selecting config shouldersurfing.forge.mixins.json
[01Mar2026 21:48:46.519] [main/DEBUG] [mixin/]: Selecting config shouldersurfing.forge.compat.mixins.json
[01Mar2026 21:48:46.521] [main/DEBUG] [mixin/]: Selecting config fastpaintings.mixins.json
[01Mar2026 21:48:46.522] [main/DEBUG] [mixin/]: Selecting config fastpaintings-forge.mixins.json
[01Mar2026 21:48:46.522] [main/WARN] [mixin/]: Reference map 'fastpaintings-forge-refmap.json' for fastpaintings-forge.mixins.json could not be read. If this is a development environment you can ignore this message
[01Mar2026 21:48:46.523] [main/DEBUG] [mixin/]: Selecting config createtweaker.mixins.json
[01Mar2026 21:48:46.523] [main/DEBUG] [mixin/]: Selecting config createtweaker.forge.mixins.json
[01Mar2026 21:48:46.524] [main/DEBUG] [mixin/]: Selecting config betterfpsdist.mixins.json
[01Mar2026 21:48:46.526] [main/DEBUG] [mixin/]: Selecting config farmersrespite.mixins.json
[01Mar2026 21:48:46.526] [main/WARN] [mixin/]: Reference map 'farmersrespite.refmap.json' for farmersrespite.mixins.json could not be read. If this is a development environment you can ignore this message
[01Mar2026 21:48:46.527] [main/DEBUG] [mixin/]: Selecting config flywheel.backend.mixins.json
[01Mar2026 21:48:46.528] [main/DEBUG] [mixin/]: Selecting config flywheel.impl.mixins.json
[01Mar2026 21:48:46.528] [main/DEBUG] [mixin/]: Selecting config ponder.mixins.json
[01Mar2026 21:48:46.529] [main/DEBUG] [mixin/]: Selecting config ponder-common.mixins.json
[01Mar2026 21:48:46.530] [main/DEBUG] [mixin/]: Selecting config ecologics-common.mixins.json
[01Mar2026 21:48:46.531] [main/DEBUG] [mixin/]: Selecting config ecologics.mixins.json
[01Mar2026 21:48:46.531] [main/DEBUG] [mixin/]: Selecting config croptopia.mixins.json
[01Mar2026 21:48:46.532] [main/DEBUG] [mixin/]: Selecting config tacz_npc.mixins.json
[01Mar2026 21:48:46.533] [main/WARN] [mixin/]: Reference map 'tacz_npc.refmap.json' for tacz_npc.mixins.json could not be read. If this is a development environment you can ignore this message
[01Mar2026 21:48:46.533] [main/DEBUG] [mixin/]: Selecting config polymorph.mixins.json
[01Mar2026 21:48:46.534] [main/DEBUG] [mixin/]: Selecting config polymorph-integrations.forge.mixins.json
[01Mar2026 21:48:46.536] [main/DEBUG] [mixin/]: Selecting config securitycraft.mixins.json
[01Mar2026 21:48:46.537] [main/DEBUG] [mixin/]: Selecting config pillagers_gun.mixins.json
[01Mar2026 21:48:46.538] [main/DEBUG] [mixin/]: Selecting config ambientenvironment.mixins.json
[01Mar2026 21:48:46.539] [main/DEBUG] [mixin/]: Selecting config fastfurnace.mixins.json
[01Mar2026 21:48:46.539] [main/DEBUG] [mixin/]: Selecting config lootr.mixins.json
[01Mar2026 21:48:46.540] [main/DEBUG] [mixin/]: Selecting config visuality.mixins.json
[01Mar2026 21:48:46.540] [main/DEBUG] [mixin/]: Selecting config puzzleslib.common.mixins.json
[01Mar2026 21:48:46.556] [main/INFO] [Puzzles Lib/]: Loading 273 mods:
	- access_denied 6.2.1
	- alekiships 1.0.14
	- alexsmobs 1.22.9
	- almanac 1.0.2
	- ambientenvironment 11.0.0.1
	- ambientsounds 6.3.4
	- amendments 1.20-2.2.5
	- apocalypsenow 3.0.5
	- apocalypticarsenal 1.0.1
	- appleskin 2.5.1+mc1.20.1
	- architectury 9.2.14
	- athena 3.1.2
	- atlaslib 1.1.12
	- attributeslib 1.3.7
	- auudio 1.0.3
	- badmobs 19.0.4
	- bbb 2.0pre4
		\-- midnightlib 1.4.2
	- bbs 1.20.1-0.1.3
	- berezka_api 1.2.8.3
	- betterdungeons 1.20-Forge-4.0.4
	- betterfpsdist 1.20.1-6.0
	- bettermineshafts 1.20-Forge-4.0.4
	- betterstrongholds 1.20-Forge-4.0.3
	- bloomingnature 1.0.12
	- bookshelf 20.2.15
	- bridge_maker 2.0.3
	- butchersdelight 1.20.12.1.0
	- carbonconfig 1.20-1.2.8.2
	- carryon 2.1.2.7
	- ceilingtorch 1.32.1
	- cfm 7.0.0-pre36
	- chaoszpack_structures 1.0.2
	- chaoszprojectbandits 1.0.0
	- charmofundying 6.5.0+1.20.1
	- chat_heads 0.15.0
	- chunkpregen 1.20-4.4.5.1
	- citadel 2.6.3
	- cleanswing 1.8
	- cloth_config 11.1.136
	- cofh_core 11.0.2
	- collective 8.13
	- combatlog 2.6
	- combatroll 1.3.3+1.20.1
	- comforts 6.4.0+1.20.1
	- commongroovylibrary 0.3.3
	- configurableextramobdrops 3.5
	- controlling 12.0.2
	- copycats 3.0.7+mc.1.20.1-forge
	- corgilib 4.0.3.4
	- coroutil 1.20.1-1.3.7
	- corpse 1.20.1-1.0.23
	- craftpresence 2.7.0
	- crafttweaker 14.0.59
	- crashutilities 8.1.4
	- crawlondemand 1.20-1.0.1
	- create 6.0.8
		|-- flywheel 1.0.5
		\-- ponder 1.0.91
	- create_furnitures 1.1.2
	- createbigcannons 5.11.1
	- createdeco 2.0.3-1.20.1-forge
	- createdieselgenerators 1.20.1-1.3.8
	- createtweaker 4.0.15
	- creativecore 2.12.35
	- croptopia 3.0.4
	- cupboard 1.20.1-3.0
	- curios 5.14.1+1.20.1
	- cw_additions 1.1.6
	- daffas_arsenal 3.2.0
	- darkness 2.0.103
	- dataanchor 1.0.0.20
	- decoration_delight 1.0.0
	- decorative_blocks 4.1.3
	- dimension_access_manager 3.1.0
	- doomsday_decoration 1.0.0
	- doomsday_translations 1.0.7
	- dreamcaslib 1.0.0
	- drippyloadingscreen 3.1.0
	- dtcroptopia 1.20.1-1.0.0
	- dtru 1.20.1-1.0.1
	- dtsoilscompat 1.0.1
	- dtterralith 1.20.1-1.2.6
	- dummmmmmy 1.20-2.0.9
	- dustrial_decor 1.3.2
	- dweller_dweller 3.13.1
	- dynamiclights 1.9+mod
	- dynamictrees 1.20.1-1.4.10
	- dynamictreesplus 1.20.1-1.2.2
	- eatinganimation 5.1.0
	- ecologics 2.2.4
	- embeddium 0.3.31+mc1.20.1
		\-- rubidium 0.7.1
	- enchdesc 17.1.21
	- enhancedcelestials 1.20.1-5.0.3.1
	- enhancedvisuals 1.8.2
	- entity_model_features 3.0.12
	- entity_texture_features 7.0.9
	- epherolib 0.1.2
	- experimentalsettingsdisabler 3.0
	- explosionoverhaul 0.1.6.9-a
	- extinction 1.1.0
	- extragore 5.2.3.1
	- fallingleaves 2.1.2
	- fallingtrees 0.13.2
	- fancymenu 3.8.1
	- farmers_croptopia 3.2.0
	- farmersdelight 1.20.1-1.2.10
	- farmersrespite 1.20.1-2.1
	- fastfurnace 8.0.2
	- fastpaintings 1.20-1.2.7
	- faz_roleplay_plus 2.4
	- ferritecore 6.0.1
	- firstjoinmessage 3.8
	- fishingoverhaul 1.20.1-1.2.0
	- flan 1.20.1-1.11.15
		\-- lingua_bib 1.20.1-1.0.6
	- forge 47.4.16
	- forgivingworld 1.20.1-4.7
	- framework 0.8.0
	- ftblibrary 2001.2.12
	- ftbteams 2001.3.2
	- gamemenuremovegfarb 2.1.2
	- geckolib 4.8.3
	- geophilic_reforged 1.2.0
	- glitchcore 0.0.1.1
	- gml 4.0.11
	- golemsarefriends 1.20.0-1.0.1
	- guardvillagers 1.20.1-1.6.15
	- gunfireoverhaul 0.1.5-a
	- handcrafted 3.0.6
	- horde_hoard 1.1.0
	- hordes 1.5.4c
	- horror_element_mod 1.6.3
	- immersive_aircraft 1.4.0+1.20.1
	- immersive_cooking 2.0.1
	- immersive_weathering 1.20.1-2.0.5
	- immersiveengineering 1.20.1-10.2.0-183
	- improvedmobs 1.20.1-1.13.2
	- incontrol 1.20-9.4.1
	- insanelib 1.23.4.0
	- itemblacklist 1.20.1-1.1.5
	- jade 11.13.2+forge
	- jamlib 1.3.5+1.20.1
	- jeffs_cursed_walking_structures 3.3.0
	- jeffsgibbing 1.0.5
	- jei 15.20.0.129
	- jeresources 1.4.0.247
	- justzoom 2.1.1
	- k_turrets 3.0.44-1.20.1
	- konkrete 1.8.0
	- kotlinforforge 4.12.0
	- krypton 0.2.3
	- kubejs 2001.6.5-build.16
	- largemeals 1.20.1-1.3.0
	- legendarysurvivaloverhaul 1.20.1-2.4.2
	- letmedespawn 1.5.0
	- lios_overhauled_villages 0.1.0
	- loadingbackgrounds 2.0.0
	- lootr 0.7.35.94
	- lradd 0.3.0
	- lrarmor 0.1.4.4
	- lrtactical 0.3.0
	- matmos_tct 7.4
	- max_armory 1.3.0
	- mcwbridges 3.1.2
	- mcwdoors 1.1.5
	- mcwfences 1.2.1
	- mcwtrpdoors 1.1.5
	- mekanism 10.4.16
	- mekanismgenerators 10.4.16
	- mekanismtools 10.4.16
	- melody 1.0.2
	- minecraft 1.20.1
	- minetraps 2.3.0a
	- mobsunscreen 3.1.1
	- mobtimizations 1.20.1-1.0.0
	- modernfix 5.26.2+mc1.20.1
	- modernworldcreation 2.0.2
	- moonlight 1.20-2.16.28
	- mousetweaks 2.25.1
	- mts 23.0.0
	- mtsofficialpack 28
	- mutantmonsters 8.0.8
	- mutantszombies 1.3.2-Forge-mc1.20.1
	- myserveriscompatible 1.0
	- nerb 0.4.1
	- nobz 1.3
	- noisium 2.3.0+mc1.20-1.20.1
	- nostartupmessages 1.0.1
	- octolib 0.5.0.1
	- oculus 1.8.0
	- openloader 19.0.5
	- overworld_netherite_ore 2.8
	- packetfixer 3.3.1
	- pandalib 0.5.2
	- patchouli 1.20.1-84.1-FORGE
	- pehkui 3.8.2+1.20.1-forge
	- philipsruins 5.6
	- pillagers_gun 3.2.0
	- placebo 8.6.3
	- playeranimator 1.0.2-rc1+1.20
	- playerrevive 2.0.31
	- pointblank 1.11.1
	- polymorph 0.49.10+1.20.1
		\-- spectrelib 0.13.17+1.20.1
	- presencefootsteps 1.20.1-1.9.1-beta.1
	- projectvibrantjourneys 1.20.1-6.2.0
	- propertymodifier 0.3.3
	- psg 5.7.0
	- puzzleslib 8.1.33
		\-- puzzlesaccessapi 20.1.1
	- quantified 1.2.1
	- railways 1.6.15-beta+forge-mc1.20.1
	- rapid_leaf_decay 2.0.2
	- refurbished_furniture 1.0.20
	- regions_unexplored 0.5.6
	- regrowth 46.32.1
	- resourcefullib 2.1.29
	- responsiveshields 2.3
	- rhino 2001.2.3-build.10
	- rightclickharvest 4.6.1+1.20.1
	- ritchiesprojectilelib 2.1.1
	- rrls 4.0.6.1+mc1.20.1-forge
	- satako 7.0.33-1.20.1
	- scalingmobs 2.2.2
	- searchables 1.0.3
	- securitycraft 1.10.1
	- sereneseasons 9.1.0.2
	- set_things_up 1.0.0
	- shouldersurfing 1.20.1-4.14.3
	- simpleshops 1.2.2
	- simply_traps 1.7
	- sit 1.3.5
	- sliceanddice 3.6.0
	- smartbrainlib 1.15
	- smoothboot 0.0.4
	- smoothchunk 1.20.1-4.1
	- solonion 1.4.5
	- sophisticatedbackpacks 3.24.24.1538
	- sophisticatedcore 1.3.5.1505
	- sound_physics_remastered 1.20.1-1.5.1
	- spark 1.10.53
	- starterkit 7.4
	- strayed_fates_forsaken 1.1.3.2
	- structory 1.3.5
	- superbwarfare 0.8.8
	- survival_instinct 1.0.2
	- table_top_craft 1.20.1-6.1.2
	- tacz 1.1.7-hotfix
	- tacz_npc 1.0.0
	- tacztweaks 2.11.2
		\-- mixinsquared 0.3.3
	- tctcore 2.2
	- tectonic 2.4.1
	- tenshilib 1.20.1-1.7.6
	- terrablender 3.0.1.10
	- terralith 2.5.4
	- toolbelt 1.20.02
	- underground_bunkers 1.0.5
	- unilib 1.2.0
	- uteamcore 5.1.4.382
	- visuality 2.0.2
	- voicechat 1.20.1-2.6.12
		\-- voicechat_api 2.6.0
	- voidfog 1.20.1-2.0.23
	- walkietalkie 1.3.0
	- warborn 2.3.3
	- warborn_recipes 1.0.1
	- warrior 1.20.1-3
	- waterdripsound 0.3.2
	- wegotrunnners 1.0.0
	- yet_another_config_lib_v3 3.6.6+1.20.1-forge
	- yungsapi 1.20-Forge-4.0.6
	- zombieawareness 1.20.1-1.13.1
[01Mar2026 21:48:46.558] [main/DEBUG] [mixin/]: Selecting config puzzleslib.forge.mixins.json
[01Mar2026 21:48:46.584] [main/DEBUG] [MixinExtras|Service/]: com.llamalad7.mixinextras.service.MixinExtrasServiceImpl(version=0.5.0) is taking over from null
[01Mar2026 21:48:46.602] [main/DEBUG] [mixin/]: Selecting config responsiveshields.mixin.json
[01Mar2026 21:48:46.603] [main/DEBUG] [mixin/]: Selecting config explosionoverhaul.mixins.json
[01Mar2026 21:48:46.604] [main/DEBUG] [mixin/]: Selecting config geckolib.mixins.json
[01Mar2026 21:48:46.605] [main/DEBUG] [mixin/]: Selecting config immersive_aircraft.mixins.json
[01Mar2026 21:48:46.606] [main/DEBUG] [mixin/]: Selecting config sophisticatedcore.mixins.json
[01Mar2026 21:48:46.607] [main/DEBUG] [mixin/]: Selecting config mixins.insanelib.json
[01Mar2026 21:48:46.607] [main/DEBUG] [mixin/]: Selecting config ritchiesprojectilelib-forge.mixins.json
[01Mar2026 21:48:46.608] [main/DEBUG] [mixin/]: Selecting config ritchiesprojectilelib.mixins.json
[01Mar2026 21:48:46.609] [main/DEBUG] [mixin/]: Selecting config golemsarefriends.mixin.json
[01Mar2026 21:48:46.609] [main/DEBUG] [mixin/]: Selecting config darkness.client.json
[01Mar2026 21:48:46.610] [main/DEBUG] [mixin/]: Selecting config configurableextramobdrops_forge.mixins.json
[01Mar2026 21:48:46.611] [main/DEBUG] [mixin/]: Selecting config enhancedvisuals.mixins.json
[01Mar2026 21:48:46.612] [main/DEBUG] [mixin/]: Selecting config controlling.mixins.json
[01Mar2026 21:48:46.612] [main/DEBUG] [mixin/]: Selecting config controlling.forge.mixins.json
[01Mar2026 21:48:46.613] [main/DEBUG] [mixin/]: Selecting config placebo.mixins.json
[01Mar2026 21:48:46.614] [main/DEBUG] [mixin/]: Selecting config citadel.mixins.json
[01Mar2026 21:48:46.614] [main/DEBUG] [mixin/]: Selecting config zombieawareness.mixins.json
[01Mar2026 21:48:46.614] [main/DEBUG] [mixin/]: Selecting config bookshelf.common.mixins.json
[01Mar2026 21:48:46.615] [main/DEBUG] [mixin/]: Selecting config bookshelf.forge.mixins.json
[01Mar2026 21:48:46.616] [main/DEBUG] [mixin/]: Selecting config uteamcore.mixins.json
[01Mar2026 21:48:46.616] [main/DEBUG] [mixin/]: Selecting config mixins.superbwarfare.json
[01Mar2026 21:48:46.618] [main/DEBUG] [mixin/]: Selecting config railways-common.mixins.json
[01Mar2026 21:48:46.620] [main/DEBUG] [mixin/]: Selecting config railways.mixins.json
[01Mar2026 21:48:46.622] [main/DEBUG] [mixin/]: Selecting config warborn.mixins.json
[01Mar2026 21:48:46.623] [main/WARN] [mixin/]: Reference map 'mixins.warborn.refmap.json' for warborn.mixins.json could not be read. If this is a development environment you can ignore this message
[01Mar2026 21:48:46.624] [main/DEBUG] [mixin/]: Selecting config warborn_recipes.mixins.json
[01Mar2026 21:48:46.624] [main/WARN] [mixin/]: Reference map 'warborn_recipes.refmap.json' for warborn_recipes.mixins.json could not be read. If this is a development environment you can ignore this message
[01Mar2026 21:48:46.624] [main/DEBUG] [mixin/]: Selecting config carryon.mixins.json
[01Mar2026 21:48:46.627] [main/DEBUG] [mixin/]: Selecting config carryon.forge.mixins.json
[01Mar2026 21:48:46.628] [main/DEBUG] [mixin/]: Selecting config melody.mixins.json
[01Mar2026 21:48:46.630] [main/DEBUG] [mixin/]: Selecting config melody.forge.mixins.json
[01Mar2026 21:48:46.631] [main/DEBUG] [mixin/]: Selecting config dummmmmmy-common.mixins.json
[01Mar2026 21:48:46.632] [main/DEBUG] [mixin/]: Selecting config dummmmmmy.mixins.json
[01Mar2026 21:48:46.633] [main/DEBUG] [mixin/]: Selecting config konkrete.mixin.json
[01Mar2026 21:48:46.634] [main/DEBUG] [mixin/]: Selecting config farmersdelight.mixins.json
[01Mar2026 21:48:46.636] [main/DEBUG] [mixin/]: Selecting config entity_model_features.mixins.json
[01Mar2026 21:48:46.637] [main/DEBUG] [mixin/]: Selecting config entity_texture_features.mixins.json
[01Mar2026 21:48:46.639] [main/DEBUG] [mixin/]: Selecting config ambientsounds.mixins.json
[01Mar2026 21:48:46.640] [main/DEBUG] [mixin/]: Selecting config projectvibrantjourneys.mixins.json
[01Mar2026 21:48:46.641] [main/DEBUG] [mixin/]: Selecting config mixins.jeffs_cursed_walking_structures.json
[01Mar2026 21:48:46.641] [main/WARN] [mixin/]: Reference map 'mixins.jeffs_cursed_walking_structures.refmap.json' for mixins.jeffs_cursed_walking_structures.json could not be read. If this is a development environment you can ignore this message
[01Mar2026 21:48:46.642] [main/DEBUG] [mixin/]: Selecting config patchouli_xplat.mixins.json
[01Mar2026 21:48:46.642] [main/DEBUG] [mixin/]: Selecting config collective_forge.mixins.json
[01Mar2026 21:48:46.643] [main/DEBUG] [mixin/]: Selecting config flan.mixins.json
[01Mar2026 21:48:46.644] [main/DEBUG] [mixin/]: Selecting config flan.forge.mixins.json
[01Mar2026 21:48:46.644] [main/DEBUG] [mixin/]: Selecting config betterstrongholds.mixins.json
[01Mar2026 21:48:46.644] [main/DEBUG] [mixin/]: Selecting config betterstrongholds_forge.mixins.json
[01Mar2026 21:48:46.645] [main/DEBUG] [mixin/]: Selecting config curios.mixins.json
[01Mar2026 21:48:46.646] [main/DEBUG] [mixin/]: Selecting config sereneseasons.mixins.json
[01Mar2026 21:48:46.646] [main/DEBUG] [mixin/]: Selecting config sereneseasons.forge.mixins.json
[01Mar2026 21:48:46.647] [main/DEBUG] [mixin/]: Selecting config starterkit_forge.mixins.json
[01Mar2026 21:48:46.648] [main/DEBUG] [mixin/]: Selecting config scaling_mobs.mixin.json
[01Mar2026 21:48:46.648] [main/DEBUG] [mixin/]: Selecting config architectury.mixins.json
[01Mar2026 21:48:46.650] [main/DEBUG] [mixin/]: Selecting config architectury-common.mixins.json
[01Mar2026 21:48:46.650] [main/DEBUG] [mixin/]: Selecting config nerb-common.mixins.json
[01Mar2026 21:48:46.651] [main/DEBUG] [mixin/]: Selecting config loadingbackgrounds-mixins.json
[01Mar2026 21:48:46.653] [main/DEBUG] [mixin/]: Selecting config ftblibrary-common.mixins.json
[01Mar2026 21:48:46.653] [main/DEBUG] [mixin/]: Selecting config rightclickharvest.mixins.json
[01Mar2026 21:48:46.654] [main/DEBUG] [mixin/]: Selecting config pandalib-common.mixins.json
[01Mar2026 21:48:46.654] [main/WARN] [mixin/]: Reference map 'pandalib-common-common-refmap.json' for pandalib-common.mixins.json could not be read. If this is a development environment you can ignore this message
[01Mar2026 21:48:46.655] [main/DEBUG] [mixin/]: Selecting config pandalib.mixins.json
[01Mar2026 21:48:46.656] [main/DEBUG] [mixin/]: Selecting config cupboard.mixins.json
[01Mar2026 21:48:46.657] [main/DEBUG] [mixin/]: Selecting config firstjoinmessage_forge.mixins.json
[01Mar2026 21:48:46.657] [main/DEBUG] [mixin/]: Selecting config refurbished_furniture.common.mixins.json
[01Mar2026 21:48:46.658] [main/DEBUG] [mixin/]: Selecting config letmedespawn.mixins.json
[01Mar2026 21:48:46.659] [main/DEBUG] [mixin/]: Selecting config mixins.crawlondemand.json
[01Mar2026 21:48:46.659] [main/DEBUG] [mixin/]: Selecting config lradd.mixins.json
[01Mar2026 21:48:46.660] [main/WARN] [mixin/]: Reference map 'LesRaisinsAddon_1201.refmap.json' for lradd.mixins.json could not be read. If this is a development environment you can ignore this message
[01Mar2026 21:48:46.660] [main/DEBUG] [mixin/]: Selecting config fallingtrees-common.mixins.json
[01Mar2026 21:48:46.661] [main/DEBUG] [mixin/]: Selecting config fallingtrees.mixins.json
[01Mar2026 21:48:46.662] [main/DEBUG] [mixin/]: Selecting config rhino-common.mixins.json
[01Mar2026 21:48:46.662] [main/DEBUG] [mixin/]: Selecting config kubejs-forge.mixins.json
[01Mar2026 21:48:46.663] [main/DEBUG] [mixin/]: Selecting config kubejs-common.mixins.json
[01Mar2026 21:48:46.664] [main/DEBUG] [mixin/]: Selecting config amendments.mixins.json
[01Mar2026 21:48:46.667] [main/DEBUG] [mixin/]: Selecting config amendments-common.mixins.json
[01Mar2026 21:48:46.668] [main/DEBUG] [mixin/]: Selecting config copycats-common.mixins.json
[01Mar2026 21:48:46.671] [main/DEBUG] [mixin/]: Selecting config copycats-forge.mixins.json
[01Mar2026 21:48:46.672] [main/DEBUG] [mixin/]: Selecting config tacz.mixins.json
[01Mar2026 21:48:46.672] [main/DEBUG] [mixin/]: Selecting config tacz.compat.acceleratedrendering.mixins.json
[01Mar2026 21:48:46.673] [main/DEBUG] [mixin/]: Selecting config lrtactical.mixins.json
[01Mar2026 21:48:46.674] [main/DEBUG] [mixin/]: Selecting config tacztweaks.mixins.json
[01Mar2026 21:48:46.675] [main/DEBUG] [mixin/]: Selecting config create.mixins.json
[01Mar2026 21:48:46.676] [main/DEBUG] [mixin/]: Selecting config createdeco-common.mixins.json
[01Mar2026 21:48:46.677] [main/DEBUG] [mixin/]: Selecting config createdeco.mixins.json
[01Mar2026 21:48:46.677] [main/DEBUG] [mixin/]: Selecting config sliceanddice.mixins.json
[01Mar2026 21:48:46.678] [main/DEBUG] [mixin/]: Selecting config createbigcannons-common.mixins.json
[01Mar2026 21:48:46.678] [main/DEBUG] [mixin/]: Selecting config createbigcannons.mixins.json
[01Mar2026 21:48:46.679] [main/DEBUG] [mixin/]: Selecting config comforts.mixins.json
[01Mar2026 21:48:46.679] [main/DEBUG] [mixin/]: Selecting config decorative_blocks.mixins.json
[01Mar2026 21:48:46.680] [main/DEBUG] [mixin/]: Selecting config decorative_blocks.forge.mixins.json
[01Mar2026 21:48:46.680] [main/DEBUG] [mixin/]: Selecting config myserveriscompatible.mixins.json
[01Mar2026 21:48:46.681] [main/DEBUG] [mixin/]: Selecting config lingua_bib.mixins.json
[01Mar2026 21:48:46.682] [main/DEBUG] [mixin/]: Selecting config lingua_bib.forge.mixins.json
[01Mar2026 21:48:46.684] [main/DEBUG] [mixin/]: Selecting config mts.mixins.json
[01Mar2026 21:48:46.684] [main/DEBUG] [mixin/]: Selecting config experimentalsettingsdisabler.mixins.json
[01Mar2026 21:48:46.685] [main/DEBUG] [mixin/]: Selecting config moonlight-common.mixins.json
[01Mar2026 21:48:46.687] [main/DEBUG] [mixin/]: Selecting config moonlight.mixins.json
[01Mar2026 21:48:46.688] [main/DEBUG] [mixin/]: Selecting config ru.mixin.json
[01Mar2026 21:48:46.688] [main/DEBUG] [mixin/]: Selecting config mixinsquared.init.mixins.json
[01Mar2026 21:48:46.698] [main/DEBUG] [mixin/]: Registering new target selector for @mixinsquared:handler with com.bawnorton.mixinsquared.selector.DynamicSelectorHandler
[01Mar2026 21:48:46.701] [main/DEBUG] [mixinsquared/]: Registered canceller me.muksc.tacztweaks.ModMixinCanceller
[01Mar2026 21:48:46.716] [main/DEBUG] [mixin/]: Selecting config jade.mixins.json
[01Mar2026 21:48:46.717] [main/DEBUG] [mixin/]: Selecting config creativecore.mixins.json
[01Mar2026 21:48:46.717] [main/DEBUG] [mixin/]: Selecting config creativecore.forge.mixins.json
[01Mar2026 21:48:46.718] [main/DEBUG] [mixin/]: Selecting config smoothboot.mixins.json
[01Mar2026 21:48:46.718] [main/DEBUG] [mixin/]: Selecting config fancymenu.mixins.json
[01Mar2026 21:48:46.720] [main/DEBUG] [mixin/]: Selecting config fancymenu.forge.mixins.json
[01Mar2026 21:48:46.721] [main/DEBUG] [mixin/]: Selecting config coroutil.mixins.json
[01Mar2026 21:48:46.722] [main/WARN] [mixin/]: Reference map 'coroutil.refmap.json' for coroutil.mixins.json could not be read. If this is a development environment you can ignore this message
[01Mar2026 21:48:46.722] [main/DEBUG] [mixin/]: Selecting config ferritecore.predicates.mixin.json
[01Mar2026 21:48:46.734] [main/DEBUG] [mixin/]: Selecting config ferritecore.fastmap.mixin.json
[01Mar2026 21:48:46.735] [main/DEBUG] [mixin/]: Selecting config ferritecore.mrl.mixin.json
[01Mar2026 21:48:46.736] [main/DEBUG] [mixin/]: Selecting config ferritecore.dedupmultipart.mixin.json
[01Mar2026 21:48:46.737] [main/DEBUG] [mixin/]: Selecting config ferritecore.blockstatecache.mixin.json
[01Mar2026 21:48:46.738] [main/DEBUG] [mixin/]: Selecting config ferritecore.dedupbakedquad.mixin.json
[01Mar2026 21:48:46.739] [main/DEBUG] [mixin/]: Selecting config ferritecore.threaddetec.mixin.json
[01Mar2026 21:48:46.740] [main/DEBUG] [mixin/]: Selecting config ferritecore.modelsides.mixin.json
[01Mar2026 21:48:46.741] [main/DEBUG] [mixin/]: Selecting config yacl.mixins.json
[01Mar2026 21:48:46.742] [main/DEBUG] [mixin/]: Selecting config enhancedcelestials.mixins.json
[01Mar2026 21:48:46.742] [main/DEBUG] [mixin/]: Selecting config enhancedcelestials_asm.mixins.json
[01Mar2026 21:48:46.744] [main/DEBUG] [mixin/]: Selecting config enhancedcelestials.forge.mixins.json
[01Mar2026 21:48:46.744] [main/DEBUG] [mixin/]: Selecting config corgilib-common.mixins.json
[01Mar2026 21:48:46.745] [main/DEBUG] [mixin/]: Selecting config dataanchor-common.mixins.json
[01Mar2026 21:48:46.746] [main/DEBUG] [mixin/]: Selecting config dataanchor.mixins.json
[01Mar2026 21:48:46.746] [main/DEBUG] [mixin/]: Selecting config justzoom.mixins.json
[01Mar2026 21:48:46.748] [main/DEBUG] [mixin/]: Selecting config justzoom.forge.mixins.json
[01Mar2026 21:48:46.748] [main/DEBUG] [mixin/]: Selecting config charmofundying.mixins.json
[01Mar2026 21:48:46.749] [main/DEBUG] [mixin/]: Selecting config rrls-forge.mixins.json
[01Mar2026 21:48:46.749] [main/DEBUG] [mixin/]: Selecting config rrls.mixins.json
[01Mar2026 21:48:46.750] [main/DEBUG] [mixin/]: Selecting config packetfixer.v1_18.forge.mixins.json
[01Mar2026 21:48:46.751] [main/DEBUG] [mixin/]: Selecting config packetfixer.v1_19.forge.mixins.json
[01Mar2026 21:48:46.753] [main/DEBUG] [mixin/]: Selecting config packetfixer.v1_19_3.forge.mixins.json
[01Mar2026 21:48:46.754] [main/DEBUG] [mixin/]: Selecting config packetfixer.v1_19_4.forge.mixins.json
[01Mar2026 21:48:46.766] [main/INFO] [dev.tonimatas.packetfixer.mixins.v1_19_4_forge.MixinPlugin/]: Packet Fixer forge 1.19.4-1.20.1 has been applied successfully.
[01Mar2026 21:48:46.768] [main/DEBUG] [mixin/]: Selecting config packetfixer.v1_20_2.forge.mixins.json
[01Mar2026 21:48:46.769] [main/DEBUG] [mixin/]: Selecting config improvedmobs.mixins.json
[01Mar2026 21:48:46.770] [main/DEBUG] [mixin/]: Selecting config improvedmobs.mixins.compat.json
[01Mar2026 21:48:46.771] [main/DEBUG] [mixin/]: Selecting config presencefootsteps.mixin.json
[01Mar2026 21:48:46.772] [main/DEBUG] [mixin/]: Selecting config mixinextras.init.mixins.json
[01Mar2026 21:48:46.773] [main/DEBUG] [mixin/]: Selecting config sound_physics_remastered.mixins.json
[01Mar2026 21:48:46.775] [main/DEBUG] [mixin/]: Preparing betterdungeons.mixins.json (8)
[01Mar2026 21:48:46.794] [main/DEBUG] [net.minecraftforge.coremod.transformer.CoreModBaseTransformer/COREMOD]: Transforming net/minecraft/world/level/levelgen/structure/templatesystem/StructureTemplate
[01Mar2026 21:48:46.971] [main/DEBUG] [mixin/]: Preparing betterdungeons_forge.mixins.json (0)
[01Mar2026 21:48:46.971] [main/DEBUG] [mixin/]: Preparing auudio.mixin.json (2)
[01Mar2026 21:48:46.971] [main/DEBUG] [mixin/]: Preparing almanac.mixins.json (2)
[01Mar2026 21:48:46.992] [main/DEBUG] [mixin/]: Preparing modernworldcreation.mixins.json (5)
[01Mar2026 21:48:46.992] [main/DEBUG] [mixin/]: Preparing modernworldcreation.forge.mixins.json (0)
[01Mar2026 21:48:46.992] [main/DEBUG] [mixin/]: Preparing playerAnimator-common.mixins.json (14)
[01Mar2026 21:48:46.992] [main/DEBUG] [mixin/]: Preparing gamemenuremovegfarb-common.mixins.json (2)
[01Mar2026 21:48:46.992] [main/DEBUG] [mixin/]: Preparing modernfix-modernfix.mixins.json (158)
[01Mar2026 21:48:47.059] [main/DEBUG] [net.minecraftforge.coremod.transformer.CoreModBaseTransformer/COREMOD]: Transforming net/minecraft/world/level/biome/Biome
[01Mar2026 21:48:47.177] [main/DEBUG] [mixin/]: @Mixin target net/minecraft/world/level/levelgen/SurfaceRules$Context is public in modernfix-modernfix.mixins.json:perf.worldgen_allocation.SurfaceRulesContextMixin and should be specified in value
[01Mar2026 21:48:47.205] [main/DEBUG] [mixin/]: Preparing yungsapi.mixins.json (11)
[01Mar2026 21:48:47.208] [main/DEBUG] [yungsapi/]: Loaded com.yungnickyoung.minecraft.yungsapi.services.ForgePlatformHelper@7352418c for service interface com.yungnickyoung.minecraft.yungsapi.services.IPlatformHelper
[01Mar2026 21:48:47.209] [main/DEBUG] [yungsapi/]: Loaded com.yungnickyoung.minecraft.yungsapi.services.ForgeAutoRegisterHelper@7b33deed for service interface com.yungnickyoung.minecraft.yungsapi.services.IAutoRegisterHelper
[01Mar2026 21:48:47.210] [main/DEBUG] [yungsapi/]: Loaded com.yungnickyoung.minecraft.yungsapi.services.ForgeBlockEntityTypeHelper@29d33f1 for service interface com.yungnickyoung.minecraft.yungsapi.services.IBlockEntityTypeHelper
[01Mar2026 21:48:47.210] [main/DEBUG] [yungsapi/]: Loaded com.yungnickyoung.minecraft.yungsapi.services.ForgeParticleTypeHelper@7d75940 for service interface com.yungnickyoung.minecraft.yungsapi.services.IParticleTypeHelper
[01Mar2026 21:48:47.225] [main/DEBUG] [mixin/]: Preparing yungsapi_forge.mixins.json (1)
[01Mar2026 21:48:47.225] [main/DEBUG] [mixin/]: Preparing bbb.mixins.json (1)
[01Mar2026 21:48:47.227] [main/DEBUG] [mixin/]: Preparing guardvillagers.mixins.json (6)
[01Mar2026 21:48:47.232] [main/DEBUG] [net.minecraftforge.coremod.transformer.CoreModBaseTransformer/COREMOD]: Transforming net/minecraft/world/entity/npc/Villager
[01Mar2026 21:48:47.266] [main/DEBUG] [mixin/]: Preparing hordes.mixin.json (27)
[01Mar2026 21:48:47.288] [main/DEBUG] [net.minecraftforge.coremod.transformer.CoreModBaseTransformer/COREMOD]: Transforming net/minecraft/world/effect/MobEffectInstance
[01Mar2026 21:48:47.306] [main/DEBUG] [net.minecraftforge.coremod.transformer.CoreModBaseTransformer/COREMOD]: Transforming net/minecraft/world/entity/monster/Zombie
[01Mar2026 21:48:47.351] [main/DEBUG] [net.minecraftforge.coremod.transformer.CoreModBaseTransformer/COREMOD]: Transforming net/minecraft/world/entity/monster/ZombieVillager
[01Mar2026 21:48:47.370] [main/DEBUG] [mixin/]: Preparing chat_heads.mixins.json (16)
[01Mar2026 21:48:47.370] [main/DEBUG] [mixin/]: Preparing chat_heads.forge.mixins.json (4)
[01Mar2026 21:48:47.370] [main/DEBUG] [mixin/]: Preparing bbs.mixins.json (1)
[01Mar2026 21:48:47.370] [main/DEBUG] [mixin/]: Preparing combatlog-common.mixins.json (5)
[01Mar2026 21:48:47.380] [main/DEBUG] [mixin/]: Preparing combatlog-forge.mixins.json (0)
[01Mar2026 21:48:47.380] [main/DEBUG] [mixin/]: Preparing embeddium.mixins.json (0)
[01Mar2026 21:48:47.380] [main/DEBUG] [mixin/]: Preparing athena.mixins.json (1)
[01Mar2026 21:48:47.380] [main/DEBUG] [mixin/]: Preparing athena-forge.mixins.json (1)
[01Mar2026 21:48:47.380] [main/DEBUG] [mixin/]: Preparing tenshilib.mixins.json (13)
[01Mar2026 21:48:47.380] [main/DEBUG] [mixin/]: Preparing handcrafted-common.mixins.json (1)
[01Mar2026 21:48:47.380] [main/DEBUG] [mixin/]: Preparing handcrafted.mixins.json (0)
[01Mar2026 21:48:47.380] [main/DEBUG] [mixin/]: Preparing combatroll.mixins.json (10)
[01Mar2026 21:48:47.387] [main/DEBUG] [mixin/]: Preparing alekiships.mixins.json (10)
[01Mar2026 21:48:47.392] [main/DEBUG] [mixin/]: Preparing lrarmor.mixins.json (1)
[01Mar2026 21:48:47.392] [main/DEBUG] [mixin/]: Preparing fishingoverhaul.mixins.json (2)
[01Mar2026 21:48:47.394] [main/WARN] [mixin/]: Error loading class: com/teammetallurgy/aquaculture/entity/AquaFishingBobberEntity (java.lang.ClassNotFoundException: com.teammetallurgy.aquaculture.entity.AquaFishingBobberEntity)
[01Mar2026 21:48:47.395] [main/WARN] [mixin/]: @Mixin target com.teammetallurgy.aquaculture.entity.AquaFishingBobberEntity was not found fishingoverhaul.mixins.json:AquaFishingBobberEntityMixin
[01Mar2026 21:48:47.399] [main/DEBUG] [mixin/]: Preparing propertymodifier.mixins.json (8)
[01Mar2026 21:48:47.404] [main/DEBUG] [mixin/]: Preparing gunfireoverhaul.mixins.json (2)
[01Mar2026 21:48:47.413] [main/DEBUG] [mixin/]: Preparing mixins.oculus.json (88)
[01Mar2026 21:48:47.413] [main/DEBUG] [mixin/]: Preparing mixins.oculus.fantastic.json (5)
[01Mar2026 21:48:47.413] [main/DEBUG] [mixin/]: Preparing mixins.oculus.vertexformat.json (8)
[01Mar2026 21:48:47.413] [main/DEBUG] [mixin/]: Preparing mixins.oculus.bettermipmaps.json (0)
[01Mar2026 21:48:47.414] [main/DEBUG] [mixin/]: Preparing mixins.oculus.fixes.maxfpscrash.json (1)
[01Mar2026 21:48:47.414] [main/DEBUG] [mixin/]: Preparing oculus-batched-entity-rendering.mixins.json (17)
[01Mar2026 21:48:47.414] [main/DEBUG] [mixin/]: Preparing mixins.oculus.compat.sodium.json (49)
[01Mar2026 21:48:47.414] [main/DEBUG] [mixin/]: Preparing mixins.oculus.compat.indigo.json (1)
[01Mar2026 21:48:47.414] [main/DEBUG] [mixin/]: Preparing mixins.oculus.compat.indium.json (1)
[01Mar2026 21:48:47.414] [main/DEBUG] [mixin/]: Preparing mixins.oculus.compat.dh.json (4)
[01Mar2026 21:48:47.414] [main/DEBUG] [mixin/]: Preparing mixins.oculus.compat.pixelmon.json (1)
[01Mar2026 21:48:47.414] [main/DEBUG] [mixin/]: Preparing itemblacklist.mixins.json (5)
[01Mar2026 21:48:47.422] [main/DEBUG] [mixin/]: Preparing searchables.mixins.json (1)
[01Mar2026 21:48:47.422] [main/DEBUG] [mixin/]: Preparing searchables.forge.mixins.json (0)
[01Mar2026 21:48:47.422] [main/DEBUG] [mixin/]: Preparing attributeslib.mixins.json (17)
[01Mar2026 21:48:47.432] [main/DEBUG] [net.minecraftforge.coremod.transformer.CoreModBaseTransformer/COREMOD]: Transforming net/minecraft/world/item/ItemStack
[01Mar2026 21:48:47.438] [main/DEBUG] [net.minecraftforge.coremod.transformer.CoreModBaseTransformer/COREMOD]: Transforming getEnchantmentLevel with desc (Lnet/minecraft/world/item/enchantment/Enchantment;)I
[01Mar2026 21:48:47.444] [main/INFO] [net.minecraftforge.coremod.CoreMod.placebo/COREMODLOG]: Patching IForgeItemStack#getEnchantmentLevel
[01Mar2026 21:48:47.456] [main/DEBUG] [net.minecraftforge.coremod.transformer.CoreModBaseTransformer/COREMOD]: Transforming getAllEnchantments with desc ()Ljava/util/Map;
[01Mar2026 21:48:47.460] [main/INFO] [net.minecraftforge.coremod.CoreMod.placebo/COREMODLOG]: Patching IForgeItemStack#getEnchantmentLevel
[01Mar2026 21:48:47.470] [main/DEBUG] [mixin/]: Preparing noisium-common.mixins.json (5)
[01Mar2026 21:48:47.477] [main/DEBUG] [mixin/]: Preparing pointblank.mixins.json (15)
[01Mar2026 21:48:47.480] [main/DEBUG] [mixin/]: Preparing pointblank.mixins.compat.iris.json (6)
[01Mar2026 21:48:47.480] [main/DEBUG] [mixin/]: Preparing pointblank.mixins.compat.iris16.json (1)
[01Mar2026 21:48:47.480] [main/DEBUG] [mixin/]: Preparing chunkpregen.mixins.json (23)
[01Mar2026 21:48:47.494] [main/DEBUG] [mixin/]: Preparing cfm.mixins.json (2)
[01Mar2026 21:48:47.495] [main/DEBUG] [mixin/]: Preparing krypton.mixins.json (18)
[01Mar2026 21:48:47.510] [main/DEBUG] [mixin/]: Preparing mobtimizations.mixins.json (8)
[01Mar2026 21:48:47.518] [main/DEBUG] [mixin/]: Preparing bettermineshafts.mixins.json (4)
[01Mar2026 21:48:47.528] [main/DEBUG] [mixin/]: Preparing bettermineshafts_forge.mixins.json (0)
[01Mar2026 21:48:47.528] [main/DEBUG] [mixin/]: Preparing playerrevive.mixins.json (5)
[01Mar2026 21:48:47.531] [main/DEBUG] [mixin/]: Preparing waterdripsound.mixins.json (3)
[01Mar2026 21:48:47.531] [main/DEBUG] [mixin/]: Preparing mutantmonsters.common.mixins.json (2)
[01Mar2026 21:48:47.532] [main/DEBUG] [mixin/]: Preparing pehkui.mixins.json (280)
[01Mar2026 21:48:47.536] [main/DEBUG] [net.minecraftforge.versions.mcp.MCPVersion/CORE]: MCP Version package package net.minecraftforge.versions.mcp, Minecraft, version 1.20.1 from cpw.mods.modlauncher.TransformingClassLoader@7805478c
[01Mar2026 21:48:47.536] [main/DEBUG] [net.minecraftforge.versions.mcp.MCPVersion/CORE]: Found MC version information 1.20.1
[01Mar2026 21:48:47.537] [main/DEBUG] [net.minecraftforge.versions.mcp.MCPVersion/CORE]: Found MCP version information 20230612.114412
[01Mar2026 21:48:47.627] [main/DEBUG] [net.minecraftforge.coremod.transformer.CoreModBaseTransformer/COREMOD]: Transforming net/minecraft/world/entity/monster/Evoker$EvokerSummonSpellGoal
[01Mar2026 21:48:47.658] [main/DEBUG] [mixin/]: Preparing immersive_weathering-common.mixins.json (26)
[01Mar2026 21:48:47.676] [main/DEBUG] [net.minecraftforge.coremod.transformer.CoreModBaseTransformer/COREMOD]: Transforming net/minecraft/world/level/block/LiquidBlock
[01Mar2026 21:48:47.684] [main/DEBUG] [mixin/]: Preparing immersive_weathering.mixins.json (5)
[01Mar2026 21:48:47.687] [main/DEBUG] [mixin/]: Preparing fallingleaves.mixins.json (5)
[01Mar2026 21:48:47.687] [main/DEBUG] [mixin/]: Preparing berezka_api.mixins.json (1)
[01Mar2026 21:48:47.688] [main/DEBUG] [mixin/]: Preparing forgivingworld.mixins.json (1)
[01Mar2026 21:48:47.689] [main/DEBUG] [mixin/]: Preparing epherolib.mixins.json (0)
[01Mar2026 21:48:47.689] [main/DEBUG] [mixin/]: Preparing glitchcore.mixins.json (4)
[01Mar2026 21:48:47.689] [main/DEBUG] [mixin/]: Preparing glitchcore.forge.mixins.json (7)
[01Mar2026 21:48:47.691] [main/DEBUG] [mixin/]: Preparing midnightlib.mixins.json (1)
[01Mar2026 21:48:47.691] [main/DEBUG] [mixin/]: Preparing table_top_craft.mixins.json (4)
[01Mar2026 21:48:47.692] [main/DEBUG] [mixin/]: Preparing crafttweaker.mixins.json (34)
[01Mar2026 21:48:47.726] [main/DEBUG] [mixin/]: Preparing crafttweaker.forge.mixins.json (7)
[01Mar2026 21:48:47.728] [main/DEBUG] [mixin/]: Preparing puzzlesaccessapi.common.mixins.json (0)
[01Mar2026 21:48:47.728] [main/DEBUG] [mixin/]: Preparing puzzlesaccessapi.forge.mixins.json (0)
[01Mar2026 21:48:47.728] [main/DEBUG] [mixin/]: Preparing drippyloadingscreen.mixins.json (15)
[01Mar2026 21:48:47.728] [main/DEBUG] [mixin/]: Preparing drippyloadingscreen.forge.mixins.json (1)
[01Mar2026 21:48:47.728] [main/DEBUG] [mixin/]: Preparing tectonic.mixins.json (4)
[01Mar2026 21:48:47.731] [main/DEBUG] [mixin/]: Preparing mixins.cofhcore.json (10)
[01Mar2026 21:48:47.734] [main/ERROR] [net.minecraftforge.fml.loading.RuntimeDistCleaner/DISTXFORM]: Attempted to load class net/minecraft/client/multiplayer/MultiPlayerGameMode for invalid dist DEDICATED_SERVER
[01Mar2026 21:48:47.735] [main/WARN] [mixin/]: Error loading class: net/minecraft/client/multiplayer/MultiPlayerGameMode (java.lang.RuntimeException: Attempted to load class net/minecraft/client/multiplayer/MultiPlayerGameMode for invalid dist DEDICATED_SERVER)
[01Mar2026 21:48:47.736] [main/WARN] [mixin/]: @Mixin target net.minecraft.client.multiplayer.MultiPlayerGameMode was not found mixins.cofhcore.json:MultiPlayerGameModeMixin
[01Mar2026 21:48:47.737] [main/DEBUG] [mixin/]: Preparing smoothchunk.mixins.json (5)
[01Mar2026 21:48:47.740] [main/DEBUG] [mixin/]: Preparing terrablender.mixins.json (7)
[01Mar2026 21:48:47.745] [main/DEBUG] [mixin/]: Preparing terrablender_forge.mixins.json (0)
[01Mar2026 21:48:47.746] [main/DEBUG] [mixin/]: Preparing mousetweaks.mixins.json (1)
[01Mar2026 21:48:47.746] [main/DEBUG] [mixin/]: Preparing immersiveengineering.mixins.json (37)
[01Mar2026 21:48:47.755] [main/DEBUG] [mixin/]: @Mixin target net/minecraft/data/models/ItemModelGenerators$TrimModelData is public in immersiveengineering.mixins.json:accessors.TrimModelDataAccess and should be specified in value
[01Mar2026 21:48:47.756] [main/DEBUG] [mixin/]: Preparing shouldersurfing.common.mixins.json (23)
[01Mar2026 21:48:47.756] [main/DEBUG] [mixin/]: Preparing shouldersurfing.common.compat.mixins.json (0)
[01Mar2026 21:48:47.756] [main/DEBUG] [mixin/]: Preparing shouldersurfing.forge.mixins.json (1)
[01Mar2026 21:48:47.756] [main/DEBUG] [mixin/]: Preparing shouldersurfing.forge.compat.mixins.json (0)
[01Mar2026 21:48:47.756] [main/DEBUG] [mixin/]: Preparing fastpaintings.mixins.json (4)
[01Mar2026 21:48:47.756] [main/DEBUG] [mixin/]: Preparing fastpaintings-forge.mixins.json (0)
[01Mar2026 21:48:47.756] [main/DEBUG] [mixin/]: Preparing createtweaker.mixins.json (2)
[01Mar2026 21:48:47.758] [main/DEBUG] [mixin/]: Preparing createtweaker.forge.mixins.json (0)
[01Mar2026 21:48:47.758] [main/DEBUG] [mixin/]: Preparing betterfpsdist.mixins.json (5)
[01Mar2026 21:48:47.758] [main/DEBUG] [mixin/]: Preparing farmersrespite.mixins.json (0)
[01Mar2026 21:48:47.758] [main/DEBUG] [mixin/]: Preparing flywheel.backend.mixins.json (9)
[01Mar2026 21:48:47.758] [main/DEBUG] [mixin/]: Preparing flywheel.impl.mixins.json (15)
[01Mar2026 21:48:47.758] [main/DEBUG] [mixin/]: Preparing ponder.mixins.json (1)
[01Mar2026 21:48:47.758] [main/DEBUG] [mixin/]: Preparing ponder-common.mixins.json (6)
[01Mar2026 21:48:47.758] [main/DEBUG] [mixin/]: Preparing ecologics-common.mixins.json (5)
[01Mar2026 21:48:47.762] [main/DEBUG] [mixin/]: Preparing ecologics.mixins.json (2)
[01Mar2026 21:48:47.763] [main/DEBUG] [mixin/]: Preparing croptopia.mixins.json (6)
[01Mar2026 21:48:47.766] [main/DEBUG] [mixin/]: Preparing tacz_npc.mixins.json (0)
[01Mar2026 21:48:47.766] [main/DEBUG] [mixin/]: Preparing polymorph.mixins.json (9)
[01Mar2026 21:48:47.771] [main/DEBUG] [mixin/]: Preparing polymorph-integrations.forge.mixins.json (2)
[01Mar2026 21:48:47.774] [main/DEBUG] [Polymorph/]: Loaded com.illusivesoulworks.polymorph.platform.ForgeIntegrationPlatform@1d988297 for service interface com.illusivesoulworks.polymorph.platform.services.IIntegrationPlatform
[01Mar2026 21:48:47.774] [main/DEBUG] [Polymorph/]: Loaded com.illusivesoulworks.polymorph.platform.ForgeClientPlatform@23f539df for service interface com.illusivesoulworks.polymorph.platform.services.IClientPlatform
[01Mar2026 21:48:47.776] [main/DEBUG] [Polymorph/]: Loaded com.illusivesoulworks.polymorph.platform.ForgePlatform@1d6014a7 for service interface com.illusivesoulworks.polymorph.platform.services.IPlatform
[01Mar2026 21:48:47.787] [main/DEBUG] [mixin/]: Preparing securitycraft.mixins.json (24)
[01Mar2026 21:48:47.793] [main/DEBUG] [mixin/]: Preparing pillagers_gun.mixins.json (15)
[01Mar2026 21:48:47.799] [main/DEBUG] [mixin/]: Preparing ambientenvironment.mixins.json (1)
[01Mar2026 21:48:47.799] [main/DEBUG] [mixin/]: Preparing fastfurnace.mixins.json (1)
[01Mar2026 21:48:47.799] [main/DEBUG] [mixin/]: Preparing lootr.mixins.json (8)
[01Mar2026 21:48:47.803] [main/DEBUG] [mixin/]: Preparing visuality.mixins.json (4)
[01Mar2026 21:48:47.803] [main/DEBUG] [mixin/]: Preparing puzzleslib.common.mixins.json (7)
[01Mar2026 21:48:47.805] [main/DEBUG] [mixin/]: Preparing puzzleslib.forge.mixins.json (13)
[01Mar2026 21:48:47.808] [main/DEBUG] [mixin/]: Preparing responsiveshields.mixin.json (1)
[01Mar2026 21:48:47.809] [main/DEBUG] [mixin/]: Preparing explosionoverhaul.mixins.json (1)
[01Mar2026 21:48:47.809] [main/DEBUG] [mixin/]: Preparing geckolib.mixins.json (1)
[01Mar2026 21:48:47.809] [main/DEBUG] [mixin/]: Preparing immersive_aircraft.mixins.json (15)
[01Mar2026 21:48:47.809] [main/DEBUG] [mixin/]: Preparing sophisticatedcore.mixins.json (1)
[01Mar2026 21:48:47.810] [main/DEBUG] [mixin/]: Preparing mixins.insanelib.json (10)
[01Mar2026 21:48:47.812] [main/DEBUG] [mixin/]: Preparing ritchiesprojectilelib-forge.mixins.json (0)
[01Mar2026 21:48:47.812] [main/DEBUG] [mixin/]: Preparing ritchiesprojectilelib.mixins.json (1)
[01Mar2026 21:48:47.812] [main/DEBUG] [mixin/]: Preparing golemsarefriends.mixin.json (1)
[01Mar2026 21:48:47.813] [main/DEBUG] [mixin/]: Preparing darkness.client.json (5)
[01Mar2026 21:48:47.814] [main/ERROR] [net.minecraftforge.fml.loading.RuntimeDistCleaner/DISTXFORM]: Attempted to load class net/minecraft/client/renderer/GameRenderer for invalid dist DEDICATED_SERVER
[01Mar2026 21:48:47.814] [main/WARN] [mixin/]: Error loading class: net/minecraft/client/renderer/GameRenderer (java.lang.RuntimeException: Attempted to load class net/minecraft/client/renderer/GameRenderer for invalid dist DEDICATED_SERVER)
[01Mar2026 21:48:47.814] [main/WARN] [mixin/]: @Mixin target net.minecraft.client.renderer.GameRenderer was not found darkness.client.json:MixinGameRenderer
[01Mar2026 21:48:47.815] [main/ERROR] [net.minecraftforge.fml.loading.RuntimeDistCleaner/DISTXFORM]: Attempted to load class net/minecraft/client/renderer/LightTexture for invalid dist DEDICATED_SERVER
[01Mar2026 21:48:47.815] [main/WARN] [mixin/]: Error loading class: net/minecraft/client/renderer/LightTexture (java.lang.RuntimeException: Attempted to load class net/minecraft/client/renderer/LightTexture for invalid dist DEDICATED_SERVER)
[01Mar2026 21:48:47.815] [main/WARN] [mixin/]: @Mixin target net.minecraft.client.renderer.LightTexture was not found darkness.client.json:MixinLightTexture
[01Mar2026 21:48:47.816] [main/WARN] [mixin/]: Error loading class: net/minecraft/client/renderer/texture/DynamicTexture (java.lang.ClassNotFoundException: net.minecraft.client.renderer.texture.DynamicTexture)
[01Mar2026 21:48:47.816] [main/WARN] [mixin/]: @Mixin target net.minecraft.client.renderer.texture.DynamicTexture was not found darkness.client.json:MixinDynamicTexture
[01Mar2026 21:48:47.816] [main/ERROR] [net.minecraftforge.fml.loading.RuntimeDistCleaner/DISTXFORM]: Attempted to load class net/minecraft/client/renderer/DimensionSpecialEffects$EndEffects for invalid dist DEDICATED_SERVER
[01Mar2026 21:48:47.817] [main/WARN] [mixin/]: Error loading class: net/minecraft/client/renderer/DimensionSpecialEffects$EndEffects (java.lang.RuntimeException: Attempted to load class net/minecraft/client/renderer/DimensionSpecialEffects$EndEffects for invalid dist DEDICATED_SERVER)
[01Mar2026 21:48:47.817] [main/WARN] [mixin/]: @Mixin target net.minecraft.client.renderer.DimensionSpecialEffects$EndEffects was not found darkness.client.json:MixinEndEffects
[01Mar2026 21:48:47.817] [main/ERROR] [net.minecraftforge.fml.loading.RuntimeDistCleaner/DISTXFORM]: Attempted to load class net/minecraft/client/renderer/DimensionSpecialEffects$NetherEffects for invalid dist DEDICATED_SERVER
[01Mar2026 21:48:47.817] [main/WARN] [mixin/]: Error loading class: net/minecraft/client/renderer/DimensionSpecialEffects$NetherEffects (java.lang.RuntimeException: Attempted to load class net/minecraft/client/renderer/DimensionSpecialEffects$NetherEffects for invalid dist DEDICATED_SERVER)
[01Mar2026 21:48:47.817] [main/WARN] [mixin/]: @Mixin target net.minecraft.client.renderer.DimensionSpecialEffects$NetherEffects was not found darkness.client.json:MixinNetherEffects
[01Mar2026 21:48:47.817] [main/DEBUG] [mixin/]: Preparing configurableextramobdrops_forge.mixins.json (0)
[01Mar2026 21:48:47.817] [main/DEBUG] [mixin/]: Preparing enhancedvisuals.mixins.json (10)
[01Mar2026 21:48:47.818] [main/DEBUG] [mixin/]: Preparing controlling.mixins.json (5)
[01Mar2026 21:48:47.818] [main/DEBUG] [mixin/]: Preparing controlling.forge.mixins.json (0)
[01Mar2026 21:48:47.818] [main/DEBUG] [mixin/]: Preparing placebo.mixins.json (6)
[01Mar2026 21:48:47.819] [main/DEBUG] [mixin/]: Preparing citadel.mixins.json (16)
[01Mar2026 21:48:47.822] [main/DEBUG] [mixin/]: Preparing zombieawareness.mixins.json (4)
[01Mar2026 21:48:47.822] [main/DEBUG] [mixin/]: Preparing bookshelf.common.mixins.json (23)
[01Mar2026 21:48:47.827] [main/DEBUG] [mixin/]: Preparing bookshelf.forge.mixins.json (1)
[01Mar2026 21:48:47.828] [main/DEBUG] [mixin/]: Preparing uteamcore.mixins.json (5)
[01Mar2026 21:48:47.829] [main/DEBUG] [mixin/]: Preparing mixins.superbwarfare.json (32)
[01Mar2026 21:48:47.833] [main/DEBUG] [mixin/]: Preparing railways-common.mixins.json (153)
[01Mar2026 21:48:47.838] [main/DEBUG] [Railways/MixinPlugin/]: com.railwayteam.railways.mixin.MixinAllBlocks is being applied because the mod(s) [EXTENDEDFLYWHEELS] are not loaded
[01Mar2026 21:48:47.860] [main/DEBUG] [Railways/MixinPlugin/]: com.railwayteam.railways.mixin.compat.voicechat.EntityAudioChannelImplMixin is being applied because the mod(s) [VOICECHAT] are loaded
[01Mar2026 21:48:47.860] [main/DEBUG] [Railways/MixinPlugin/]: com.railwayteam.railways.mixin.compat.voicechat.ServerMixin is being applied because the mod(s) [VOICECHAT] are loaded
[01Mar2026 21:48:47.860] [main/DEBUG] [Railways/MixinPlugin/]: com.railwayteam.railways.mixin.compat.voicechat.ServerWorldUtilsMixin is being applied because the mod(s) [VOICECHAT] are loaded
[01Mar2026 21:48:47.939] [main/DEBUG] [mixin/]: Preparing railways.mixins.json (13)
[01Mar2026 21:48:47.943] [main/DEBUG] [mixin/]: Preparing warborn.mixins.json (3)
[01Mar2026 21:48:47.944] [main/DEBUG] [mixin/]: Preparing warborn_recipes.mixins.json (0)
[01Mar2026 21:48:47.944] [main/DEBUG] [mixin/]: Preparing carryon.mixins.json (5)
[01Mar2026 21:48:47.948] [main/DEBUG] [mixin/]: Preparing carryon.forge.mixins.json (0)
[01Mar2026 21:48:47.948] [main/DEBUG] [mixin/]: Preparing melody.mixins.json (3)
[01Mar2026 21:48:47.948] [main/DEBUG] [mixin/]: Preparing melody.forge.mixins.json (0)
[01Mar2026 21:48:47.948] [main/DEBUG] [mixin/]: Preparing dummmmmmy-common.mixins.json (5)
[01Mar2026 21:48:47.950] [main/DEBUG] [mixin/]: Preparing dummmmmmy.mixins.json (0)
[01Mar2026 21:48:47.950] [main/DEBUG] [mixin/]: Preparing konkrete.mixin.json (5)
[01Mar2026 21:48:47.950] [main/DEBUG] [mixin/]: Preparing farmersdelight.mixins.json (10)
[01Mar2026 21:48:47.954] [main/DEBUG] [mixin/]: Preparing entity_model_features.mixins.json (57)
[01Mar2026 21:48:47.954] [main/DEBUG] [mixin/]: Preparing entity_texture_features.mixins.json (49)
[01Mar2026 21:48:47.962] [main/WARN] [mixin/]: Error loading class: net/raphimc/immediatelyfast/feature/core/BatchableBufferSource (java.lang.ClassNotFoundException: net.raphimc.immediatelyfast.feature.core.BatchableBufferSource)
[01Mar2026 21:48:47.962] [main/DEBUG] [mixin/]: Skipping virtual target net.raphimc.immediatelyfast.feature.core.BatchableBufferSource for entity_texture_features.mixins.json:mods.imediatelyfast.MixinBatchableBufferSource
[01Mar2026 21:48:47.964] [main/WARN] [mixin/]: Error loading class: dev/tr7zw/skinlayers/render/CustomizableModelPart (java.lang.ClassNotFoundException: dev.tr7zw.skinlayers.render.CustomizableModelPart)
[01Mar2026 21:48:47.964] [main/DEBUG] [mixin/]: Skipping virtual target dev.tr7zw.skinlayers.render.CustomizableModelPart for entity_texture_features.mixins.json:mods.skin_layers.MixinCustomizableModelPart
[01Mar2026 21:48:47.966] [main/DEBUG] [mixin/]: Preparing ambientsounds.mixins.json (2)
[01Mar2026 21:48:47.966] [main/DEBUG] [mixin/]: Preparing projectvibrantjourneys.mixins.json (1)
[01Mar2026 21:48:47.967] [main/DEBUG] [mixin/]: Preparing mixins.jeffs_cursed_walking_structures.json (0)
[01Mar2026 21:48:47.967] [main/DEBUG] [mixin/]: Preparing patchouli_xplat.mixins.json (10)
[01Mar2026 21:48:47.967] [main/DEBUG] [mixin/]: Preparing collective_forge.mixins.json (5)
[01Mar2026 21:48:47.968] [main/DEBUG] [mixin/]: Preparing flan.mixins.json (33)
[01Mar2026 21:48:47.983] [main/DEBUG] [mixin/]: Preparing flan.forge.mixins.json (1)
[01Mar2026 21:48:47.983] [main/DEBUG] [mixin/]: Preparing betterstrongholds.mixins.json (2)
[01Mar2026 21:48:47.984] [main/DEBUG] [mixin/]: Preparing betterstrongholds_forge.mixins.json (0)
[01Mar2026 21:48:47.984] [main/DEBUG] [mixin/]: Preparing curios.mixins.json (13)
[01Mar2026 21:48:47.987] [main/DEBUG] [mixin/]: Preparing sereneseasons.mixins.json (6)
[01Mar2026 21:48:47.987] [main/DEBUG] [mixin/]: Preparing sereneseasons.forge.mixins.json (0)
[01Mar2026 21:48:47.987] [main/DEBUG] [mixin/]: Preparing starterkit_forge.mixins.json (0)
[01Mar2026 21:48:47.987] [main/DEBUG] [mixin/]: Preparing scaling_mobs.mixin.json (1)
[01Mar2026 21:48:47.987] [main/DEBUG] [mixin/]: Preparing architectury.mixins.json (9)
[01Mar2026 21:48:47.988] [main/DEBUG] [mixin/]: Preparing architectury-common.mixins.json (10)
[01Mar2026 21:48:47.989] [main/DEBUG] [net.minecraftforge.coremod.transformer.CoreModBaseTransformer/COREMOD]: Transforming net/minecraft/world/item/BucketItem
[01Mar2026 21:48:47.994] [main/DEBUG] [net.minecraftforge.coremod.transformer.CoreModBaseTransformer/COREMOD]: Transforming net/minecraft/world/entity/EntityType
[01Mar2026 21:48:48.011] [main/DEBUG] [mixin/]: Preparing nerb-common.mixins.json (6)
[01Mar2026 21:48:48.012] [main/DEBUG] [mixin/]: Preparing loadingbackgrounds-mixins.json (2)
[01Mar2026 21:48:48.012] [main/DEBUG] [mixin/]: Preparing ftblibrary-common.mixins.json (5)
[01Mar2026 21:48:48.013] [main/DEBUG] [mixin/]: Preparing rightclickharvest.mixins.json (2)
[01Mar2026 21:48:48.013] [main/DEBUG] [mixin/]: Preparing pandalib-common.mixins.json (0)
[01Mar2026 21:48:48.013] [main/DEBUG] [mixin/]: Preparing pandalib.mixins.json (1)
[01Mar2026 21:48:48.014] [main/DEBUG] [mixin/]: Preparing cupboard.mixins.json (5)
[01Mar2026 21:48:48.016] [main/DEBUG] [mixin/]: Preparing firstjoinmessage_forge.mixins.json (0)
[01Mar2026 21:48:48.016] [main/DEBUG] [mixin/]: Preparing refurbished_furniture.common.mixins.json (12)
[01Mar2026 21:48:48.016] [main/DEBUG] [mixin/]: Preparing letmedespawn.mixins.json (1)
[01Mar2026 21:48:48.017] [main/DEBUG] [mixin/]: Preparing mixins.crawlondemand.json (1)
[01Mar2026 21:48:48.017] [main/DEBUG] [mixin/]: Preparing lradd.mixins.json (0)
[01Mar2026 21:48:48.017] [main/DEBUG] [mixin/]: Preparing fallingtrees-common.mixins.json (2)
[01Mar2026 21:48:48.017] [main/DEBUG] [mixin/]: Preparing fallingtrees.mixins.json (0)
[01Mar2026 21:48:48.017] [main/DEBUG] [mixin/]: Preparing rhino-common.mixins.json (8)
[01Mar2026 21:48:48.022] [main/DEBUG] [mixin/]: Preparing kubejs-forge.mixins.json (7)
[01Mar2026 21:48:48.025] [main/DEBUG] [mixin/]: Preparing kubejs-common.mixins.json (55)
[01Mar2026 21:48:48.036] [main/DEBUG] [mixin/]: @Mixin target net/minecraft/world/item/crafting/Ingredient$TagValue is public in kubejs-common.mixins.json:IngredientTagValueMixin and should be specified in value
[01Mar2026 21:48:48.038] [main/DEBUG] [mixin/]: Preparing amendments.mixins.json (6)
[01Mar2026 21:48:48.041] [main/DEBUG] [mixin/]: Preparing amendments-common.mixins.json (46)
[01Mar2026 21:48:48.059] [main/DEBUG] [mixin/]: @Mixin target net/minecraft/world/level/block/WallHangingSignBlock is public in amendments-common.mixins.json:CeilingHangingSignBlockMixin and should be specified in value
[01Mar2026 21:48:48.060] [main/DEBUG] [mixin/]: @Mixin target net/minecraft/world/level/block/CeilingHangingSignBlock is public in amendments-common.mixins.json:CeilingHangingSignBlockMixin and should be specified in value
[01Mar2026 21:48:48.061] [main/DEBUG] [net.minecraftforge.coremod.transformer.CoreModBaseTransformer/COREMOD]: Transforming net/minecraft/world/level/block/FlowerPotBlock
[01Mar2026 21:48:48.069] [main/DEBUG] [mixin/]: @Mixin target net/minecraft/world/level/block/SkullBlock is public in amendments-common.mixins.json:SkullBlockMixin and should be specified in value
[01Mar2026 21:48:48.070] [main/DEBUG] [mixin/]: @Mixin target net/minecraft/world/level/block/WallSkullBlock is public in amendments-common.mixins.json:SkullBlockMixin and should be specified in value
[01Mar2026 21:48:48.071] [main/WARN] [mixin/]: Error loading class: net/mehvahdjukaar/supplementaries/common/entities/SlimeBallEntity (java.lang.ClassNotFoundException: net.mehvahdjukaar.supplementaries.common.entities.SlimeBallEntity)
[01Mar2026 21:48:48.071] [main/DEBUG] [mixin/]: Skipping virtual target net.mehvahdjukaar.supplementaries.common.entities.SlimeBallEntity for amendments-common.mixins.json:SlimeBallMixin
[01Mar2026 21:48:48.073] [main/DEBUG] [mixin/]: Preparing copycats-common.mixins.json (40)
[01Mar2026 21:48:48.076] [main/DEBUG] [Copycats+ | MixinPlugin/]: com.copycatsplus.copycats.mixin.compat.diagonalblocks.DiagonalBlockTypeImplMixin is  not  being applied because the mod(s) [DIAGONAL_WALLS, DIAGONAL_FENCES, DIAGONAL_WINDOWS] are  not  loaded
[01Mar2026 21:48:48.076] [main/DEBUG] [Copycats+ | MixinPlugin/]: com.copycatsplus.copycats.mixin.compat.radium.PathNodeDefaultsMixin is  not  being applied because the mod(s) [LITHIUM, RADIUM] are  not  loaded
[01Mar2026 21:48:48.077] [main/DEBUG] [Copycats+ | MixinPlugin/]: com.copycatsplus.copycats.mixin.compat.rubidium.BlockOcclusionCacheMixin is  not  being applied because the mod(s) [SODIUM] are  not  loaded
[01Mar2026 21:48:48.077] [main/DEBUG] [Copycats+ | MixinPlugin/]: com.copycatsplus.copycats.mixin.compat.rubidium.BlockRendererMixin is   being applied because the mod(s) [RUBIDIUM, SODIUM] are   loaded
[01Mar2026 21:48:48.077] [main/DEBUG] [Copycats+ | MixinPlugin/]: com.copycatsplus.copycats.mixin.compat.verticalslabcompat.CutBlockTypeRegistryMixin is  not  being applied because the mod(s) [VERTICAL_SLAB_COMPAT] are  not  loaded
[01Mar2026 21:48:48.094] [main/DEBUG] [mixin/]: @Mixin target net/minecraft/world/level/block/state/BlockBehaviour$BlockStateBase$Cache is public in copycats-common.mixins.json:foundation.copycat.BlockStateBaseCacheMixin and should be specified in value
[01Mar2026 21:48:48.094] [main/DEBUG] [mixin/]: @Mixin target net/minecraft/world/level/block/state/BlockBehaviour$BlockStateBase is public in copycats-common.mixins.json:foundation.copycat.BlockStateBaseMixin and should be specified in value
[01Mar2026 21:48:48.098] [main/DEBUG] [mixin/]: Preparing copycats-forge.mixins.json (9)
[01Mar2026 21:48:48.099] [main/DEBUG] [Copycats+ | MixinPlugin/]: com.copycatsplus.copycats.forge.mixin.compat.doubleslabs.DSConfigCommonMixin is  not  being applied because the mod(s) [DOUBLE_SLABS] are  not  loaded
[01Mar2026 21:48:48.115] [main/DEBUG] [mixin/]: Preparing tacz.mixins.json (14)
[01Mar2026 21:48:48.116] [main/DEBUG] [mixin/]: Preparing tacz.compat.acceleratedrendering.mixins.json (1)
[01Mar2026 21:48:48.116] [main/DEBUG] [mixin/]: Preparing lrtactical.mixins.json (5)
[01Mar2026 21:48:48.117] [main/DEBUG] [mixin/]: Preparing tacztweaks.mixins.json (78)
[01Mar2026 21:48:48.147] [main/DEBUG] [mixin/]: Preparing createdeco-common.mixins.json (1)
[01Mar2026 21:48:48.148] [main/DEBUG] [mixin/]: Preparing createdeco.mixins.json (0)
[01Mar2026 21:48:48.148] [main/DEBUG] [mixin/]: Preparing sliceanddice.mixins.json (6)
[01Mar2026 21:48:48.150] [main/DEBUG] [mixin/]: Preparing createbigcannons-common.mixins.json (41)
[01Mar2026 21:48:48.167] [main/DEBUG] [mixin/]: Preparing createbigcannons.mixins.json (19)
[01Mar2026 21:48:48.180] [main/WARN] [mixin/]: Error loading class: xfacthd/framedblocks/common/blockentity/doubled/FramedAdjustableDoubleBlockEntity (java.lang.ClassNotFoundException: xfacthd.framedblocks.common.blockentity.doubled.FramedAdjustableDoubleBlockEntity)
[01Mar2026 21:48:48.181] [main/WARN] [mixin/]: @Mixin target xfacthd.framedblocks.common.blockentity.doubled.FramedAdjustableDoubleBlockEntity was not found createbigcannons.mixins.json:compat.FramedAdjustableDoubleBlockEntityAccessor
[01Mar2026 21:48:48.181] [main/DEBUG] [mixin/]: Preparing comforts.mixins.json (3)
[01Mar2026 21:48:48.182] [main/DEBUG] [mixin/]: Preparing decorative_blocks.mixins.json (4)
[01Mar2026 21:48:48.182] [main/DEBUG] [mixin/]: Preparing decorative_blocks.forge.mixins.json (1)
[01Mar2026 21:48:48.182] [main/DEBUG] [mixin/]: Preparing myserveriscompatible.mixins.json (1)
[01Mar2026 21:48:48.182] [main/DEBUG] [mixin/]: Preparing lingua_bib.mixins.json (7)
[01Mar2026 21:48:48.184] [main/DEBUG] [mixin/]: Preparing lingua_bib.forge.mixins.json (1)
[01Mar2026 21:48:48.184] [main/DEBUG] [mixin/]: Preparing mts.mixins.json (13)
[01Mar2026 21:48:48.187] [main/DEBUG] [mixin/]: Preparing experimentalsettingsdisabler.mixins.json (3)
[01Mar2026 21:48:48.187] [main/DEBUG] [mixin/]: Preparing moonlight-common.mixins.json (40)
[01Mar2026 21:48:48.207] [main/DEBUG] [mixin/]: Preparing moonlight.mixins.json (13)
[01Mar2026 21:48:48.210] [main/DEBUG] [mixin/]: Preparing ru.mixin.json (8)
[01Mar2026 21:48:48.211] [main/DEBUG] [mixin/]: Preparing mixinsquared.init.mixins.json (0)
[01Mar2026 21:48:48.211] [main/DEBUG] [mixin/]: Preparing jade.mixins.json (2)
[01Mar2026 21:48:48.211] [main/DEBUG] [mixin/]: Preparing creativecore.mixins.json (8)
[01Mar2026 21:48:48.214] [main/DEBUG] [mixin/]: Preparing creativecore.forge.mixins.json (3)
[01Mar2026 21:48:48.214] [main/DEBUG] [mixin/]: Preparing smoothboot.mixins.json (5)
[01Mar2026 21:48:48.216] [main/DEBUG] [mixin/]: Preparing fancymenu.mixins.json (78)
[01Mar2026 21:48:48.218] [main/DEBUG] [mixin/]: Preparing fancymenu.forge.mixins.json (5)
[01Mar2026 21:48:48.218] [main/DEBUG] [mixin/]: Preparing coroutil.mixins.json (0)
[01Mar2026 21:48:48.218] [main/DEBUG] [mixin/]: Preparing ferritecore.predicates.mixin.json (3)
[01Mar2026 21:48:48.218] [main/DEBUG] [mixin/]: Preparing ferritecore.fastmap.mixin.json (1)
[01Mar2026 21:48:48.220] [main/DEBUG] [mixin/]: Preparing ferritecore.mrl.mixin.json (2)
[01Mar2026 21:48:48.220] [main/DEBUG] [mixin/]: Preparing ferritecore.dedupmultipart.mixin.json (2)
[01Mar2026 21:48:48.220] [main/DEBUG] [mixin/]: Preparing ferritecore.blockstatecache.mixin.json (8)
[01Mar2026 21:48:48.221] [main/DEBUG] [mixin/]: @Mixin target net/minecraft/world/level/block/state/BlockBehaviour$BlockStateBase$Cache is public in ferritecore.blockstatecache.mixin.json:BlockStateCacheMixin and should be specified in value
[01Mar2026 21:48:48.222] [main/DEBUG] [mixin/]: Preparing ferritecore.dedupbakedquad.mixin.json (2)
[01Mar2026 21:48:48.222] [main/DEBUG] [mixin/]: Preparing ferritecore.threaddetec.mixin.json (1)
[01Mar2026 21:48:48.223] [main/DEBUG] [mixin/]: Preparing ferritecore.modelsides.mixin.json (1)
[01Mar2026 21:48:48.223] [main/DEBUG] [mixin/]: Preparing yacl.mixins.json (5)
[01Mar2026 21:48:48.223] [main/DEBUG] [mixin/]: Preparing enhancedcelestials.mixins.json (24)
[01Mar2026 21:48:48.226] [main/DEBUG] [net.minecraftforge.coremod.transformer.CoreModBaseTransformer/COREMOD]: Transforming net/minecraft/world/level/NaturalSpawner
[01Mar2026 21:48:48.239] [main/DEBUG] [mixin/]: Preparing enhancedcelestials_asm.mixins.json (1)
[01Mar2026 21:48:48.240] [main/DEBUG] [mixin/]: Preparing enhancedcelestials.forge.mixins.json (1)
[01Mar2026 21:48:48.240] [main/DEBUG] [mixin/]: Preparing corgilib-common.mixins.json (8)
[01Mar2026 21:48:48.242] [main/DEBUG] [mixin/]: Preparing dataanchor-common.mixins.json (10)
[01Mar2026 21:48:48.244] [main/DEBUG] [mixin/]: Preparing dataanchor.mixins.json (0)
[01Mar2026 21:48:48.244] [main/DEBUG] [mixin/]: Preparing justzoom.mixins.json (5)
[01Mar2026 21:48:48.244] [main/DEBUG] [mixin/]: Preparing justzoom.forge.mixins.json (0)
[01Mar2026 21:48:48.244] [main/DEBUG] [mixin/]: Preparing charmofundying.mixins.json (1)
[01Mar2026 21:48:48.245] [main/DEBUG] [mixin/]: Preparing rrls-forge.mixins.json (1)
[01Mar2026 21:48:48.245] [main/DEBUG] [mixin/]: Preparing rrls.mixins.json (8)
[01Mar2026 21:48:48.245] [main/DEBUG] [mixin/]: Preparing packetfixer.v1_18.forge.mixins.json (16)
[01Mar2026 21:48:48.249] [main/DEBUG] [mixin/]: Preparing packetfixer.v1_19.forge.mixins.json (16)
[01Mar2026 21:48:48.252] [main/DEBUG] [mixin/]: Preparing packetfixer.v1_19_3.forge.mixins.json (16)
[01Mar2026 21:48:48.255] [main/DEBUG] [mixin/]: Preparing packetfixer.v1_19_4.forge.mixins.json (15)
[01Mar2026 21:48:48.260] [main/DEBUG] [mixin/]: Preparing packetfixer.v1_20_2.forge.mixins.json (18)
[01Mar2026 21:48:48.263] [main/DEBUG] [mixin/]: Preparing improvedmobs.mixins.json (20)
[01Mar2026 21:48:48.268] [main/DEBUG] [mixin/]: Preparing improvedmobs.mixins.compat.json (1)
[01Mar2026 21:48:48.268] [main/DEBUG] [mixin/]: Preparing presencefootsteps.mixin.json (5)
[01Mar2026 21:48:48.268] [main/DEBUG] [mixin/]: Preparing mixinextras.init.mixins.json (0)
[01Mar2026 21:48:48.268] [main/DEBUG] [mixin/]: Preparing sound_physics_remastered.mixins.json (11)
[01Mar2026 21:48:48.269] [main/DEBUG] [mixin/]: Preparing create.mixins.json (57)
[01Mar2026 21:48:48.280] [pool-2-thread-1/DEBUG] [org.groovymc.gml.internal.GMLLangProvider/]: Found GMod entry-point class com.matyrobbrt.eatinganimation.EatingAnimation for mod eatinganimation
[01Mar2026 21:48:48.282] [main/DEBUG] [mixin/]: Preparing createdieselgenerators.mixins.json (14)
[01Mar2026 21:48:48.372] [main/DEBUG] [mixin/]: Inner class glitchcore/forge/mixin/impl/MixinPacketHandler$1 in glitchcore/forge/mixin/impl/MixinPacketHandler on glitchcore/network/PacketHandler gets unique name glitchcore/network/PacketHandler$Anonymous$6d343a899d0c4b5f95e578cd8a494f45
[01Mar2026 21:48:48.392] [main/ERROR] [net.minecraftforge.fml.loading.RuntimeDistCleaner/DISTXFORM]: Attempted to load class net/minecraft/client/renderer/Sheets for invalid dist DEDICATED_SERVER
[01Mar2026 21:48:48.392] [main/WARN] [mixin/]: Error loading class: net/minecraft/client/renderer/Sheets (java.lang.RuntimeException: Attempted to load class net/minecraft/client/renderer/Sheets for invalid dist DEDICATED_SERVER)
[01Mar2026 21:48:48.392] [main/WARN] [mixin/]: @Mixin target net.minecraft.client.renderer.Sheets was not found shouldersurfing.forge.compat.mixins.json:iris.MixinSheets_1_7_0
[01Mar2026 21:48:48.412] [main/DEBUG] [mixin/]: Inner class com/railwayteam/railways/mixin/MixinSlidingDoorBlockEntity$1 in com/railwayteam/railways/mixin/MixinSlidingDoorBlockEntity on com/simibubi/create/content/decoration/slidingDoor/SlidingDoorBlockEntity gets unique name com/simibubi/create/content/decoration/slidingDoor/SlidingDoorBlockEntity$Anonymous$be55405a4ddb49e899afdb9db7f0b964
[01Mar2026 21:48:48.416] [main/ERROR] [net.minecraftforge.fml.loading.RuntimeDistCleaner/DISTXFORM]: Attempted to load class com/mojang/blaze3d/vertex/PoseStack$Pose for invalid dist DEDICATED_SERVER
[01Mar2026 21:48:48.416] [main/WARN] [mixin/]: Error loading class: com/mojang/blaze3d/vertex/PoseStack$Pose (java.lang.RuntimeException: Attempted to load class com/mojang/blaze3d/vertex/PoseStack$Pose for invalid dist DEDICATED_SERVER)
[01Mar2026 21:48:48.433] [main/DEBUG] [mixin/]: Inner class dev/latvian/mods/kubejs/core/mixin/common/GameRulesMixin$1 in dev/latvian/mods/kubejs/core/mixin/common/GameRulesMixin on net/minecraft/world/level/GameRules gets unique name net/minecraft/world/level/GameRules$Anonymous$a09be6b7b38945f4a8f3dcec7de81c3f
[01Mar2026 21:48:48.451] [main/DEBUG] [net.minecraftforge.coremod.transformer.CoreModBaseTransformer/COREMOD]: Transforming net/minecraft/world/level/block/StairBlock
[01Mar2026 21:48:48.487] [main/ERROR] [net.minecraftforge.fml.loading.RuntimeDistCleaner/DISTXFORM]: Attempted to load class com/tacz/guns/api/modifier/IAttachmentModifier$DiagramsData for invalid dist DEDICATED_SERVER
[01Mar2026 21:48:48.488] [main/WARN] [mixin/]: Error loading class: com/tacz/guns/api/modifier/IAttachmentModifier$DiagramsData (java.lang.RuntimeException: Attempted to load class com/tacz/guns/api/modifier/IAttachmentModifier$DiagramsData for invalid dist DEDICATED_SERVER)
[01Mar2026 21:48:48.488] [main/ERROR] [net.minecraftforge.fml.loading.RuntimeDistCleaner/DISTXFORM]: Attempted to load class com/tacz/guns/api/modifier/IAttachmentModifier$DiagramsData for invalid dist DEDICATED_SERVER
[01Mar2026 21:48:48.489] [main/WARN] [mixin/]: Error loading class: com/tacz/guns/api/modifier/IAttachmentModifier$DiagramsData (java.lang.RuntimeException: Attempted to load class com/tacz/guns/api/modifier/IAttachmentModifier$DiagramsData for invalid dist DEDICATED_SERVER)
[01Mar2026 21:48:48.491] [main/ERROR] [net.minecraftforge.fml.loading.RuntimeDistCleaner/DISTXFORM]: Attempted to load class com/tacz/guns/api/modifier/IAttachmentModifier$DiagramsData for invalid dist DEDICATED_SERVER
[01Mar2026 21:48:48.492] [main/WARN] [mixin/]: Error loading class: com/tacz/guns/api/modifier/IAttachmentModifier$DiagramsData (java.lang.RuntimeException: Attempted to load class com/tacz/guns/api/modifier/IAttachmentModifier$DiagramsData for invalid dist DEDICATED_SERVER)
[01Mar2026 21:48:48.516] [main/DEBUG] [mixin/]: Prepared 1319 mixins in 2,224 sec (1,7ms avg) (0ms load, 0ms transform, 0ms plugin)
[01Mar2026 21:48:48.544] [main/INFO] [MixinExtras|Service/]: Initializing MixinExtras via com.llamalad7.mixinextras.service.MixinExtrasServiceImpl(version=0.5.0).
[01Mar2026 21:48:48.546] [main/DEBUG] [mixin/]: Registering new injector for @SugarWrapper with com.llamalad7.mixinextras.sugar.impl.SugarWrapperInjectionInfo
[01Mar2026 21:48:48.547] [main/DEBUG] [mixin/]: Registering new injector for @FactoryRedirectWrapper with com.llamalad7.mixinextras.wrapper.factory.FactoryRedirectWrapperInjectionInfo
[01Mar2026 21:48:48.547] [main/DEBUG] [mixin/]: Registering new injector for @ExpressionInjectorWrapper with com.llamalad7.mixinextras.expression.impl.wrapper.ExpressionInjectorWrapperInjectionInfo
[01Mar2026 21:48:48.561] [main/DEBUG] [mixin/]: Mixing server.MainMixin from smoothboot.mixins.json into net.minecraft.server.Main
[01Mar2026 21:48:48.608] [main/DEBUG] [mixin/]: Mixing MixinRegistryAccess from enhancedcelestials_asm.mixins.json into net.minecraft.core.RegistryAccess
[01Mar2026 21:48:48.624] [main/DEBUG] [mixin/]: Mixing perf.fix_loop_spin_waiting.MinecraftServerMixin from modernfix-modernfix.mixins.json into net.minecraft.server.MinecraftServer
[01Mar2026 21:48:48.629] [main/DEBUG] [mixin/]: Mixing perf.dedicated_reload_executor.MinecraftServerMixin from modernfix-modernfix.mixins.json into net.minecraft.server.MinecraftServer
[01Mar2026 21:48:48.630] [main/DEBUG] [mixin/]: Mixing core.MinecraftServerMixin from modernfix-modernfix.mixins.json into net.minecraft.server.MinecraftServer
[01Mar2026 21:48:48.631] [main/DEBUG] [mixin/]: Renaming synthetic method lambda$mfix$endReloadTrack$0(Ljava/lang/Void;)V to mdc07be6$lambda$mfix$endReloadTrack$0$0 in modernfix-modernfix.mixins.json:core.MinecraftServerMixin
[01Mar2026 21:48:48.636] [main/DEBUG] [mixin/]: Mixing common.server.MinecraftServerMixin from chunkpregen.mixins.json into net.minecraft.server.MinecraftServer
[01Mar2026 21:48:48.640] [main/DEBUG] [mixin/]: Mixing common.server.ServerSeedMixin from chunkpregen.mixins.json into net.minecraft.server.MinecraftServer
[01Mar2026 21:48:48.642] [main/DEBUG] [mixin/]: Mixing common.access.server.AccessMinecraftServer from crafttweaker.mixins.json into net.minecraft.server.MinecraftServer
[01Mar2026 21:48:48.642] [main/DEBUG] [mixin/]: Mixing MinecraftServerMixin from citadel.mixins.json into net.minecraft.server.MinecraftServer
[01Mar2026 21:48:48.648] [main/DEBUG] [mixin/]: Mixing MinecraftServerMixin from flan.mixins.json into net.minecraft.server.MinecraftServer
[01Mar2026 21:48:48.648] [main/DEBUG] [mixin/]: flan.mixins.json:MinecraftServerMixin: Class version 61 required is higher than the class version supported by the current version of Mixin (JAVA_16 supports class version 60)
[01Mar2026 21:48:48.649] [main/DEBUG] [mixin/]: Mixing MinecraftServerMixin from kubejs-common.mixins.json into net.minecraft.server.MinecraftServer
[01Mar2026 21:48:48.651] [main/DEBUG] [mixin/]: Renaming synthetic method lambda$kjs$endResourceReload$1()V to mdc07be6$lambda$kjs$endResourceReload$1$1 in kubejs-common.mixins.json:MinecraftServerMixin
[01Mar2026 21:48:48.651] [main/DEBUG] [mixin/]: Renaming synthetic method lambda$kjs$init$0()V to mdc07be6$lambda$kjs$init$0$2 in kubejs-common.mixins.json:MinecraftServerMixin
[01Mar2026 21:48:48.687] [main/DEBUG] [mixin/]: Mixing inject_resources.MinecraftServerMixin from kubejs-common.mixins.json into net.minecraft.server.MinecraftServer
[01Mar2026 21:48:48.691] [main/DEBUG] [mixin/]: Mixing MinecraftServerMixin from moonlight.mixins.json into net.minecraft.server.MinecraftServer
[01Mar2026 21:48:48.696] [main/DEBUG] [mixin/]: Mixing MinecraftServerMixin from ru.mixin.json into net.minecraft.server.MinecraftServer
[01Mar2026 21:48:48.701] [main/DEBUG] [mixin/]: Mixing perf.remove_spawn_chunks.MinecraftServerMixin from modernfix-modernfix.mixins.json into net.minecraft.server.MinecraftServer
[01Mar2026 21:48:48.782] [main/DEBUG] [net.minecraftforge.coremod.transformer.CoreModBaseTransformer/COREMOD]: Transforming net/minecraft/world/level/levelgen/PhantomSpawner
[01Mar2026 21:48:48.788] [main/DEBUG] [net.minecraftforge.coremod.transformer.CoreModBaseTransformer/COREMOD]: Transforming net/minecraft/world/level/levelgen/PatrolSpawner
[01Mar2026 21:48:48.793] [main/DEBUG] [net.minecraftforge.coremod.transformer.CoreModBaseTransformer/COREMOD]: Transforming net/minecraft/world/entity/npc/CatSpawner
[01Mar2026 21:48:48.797] [main/DEBUG] [net.minecraftforge.coremod.transformer.CoreModBaseTransformer/COREMOD]: Transforming net/minecraft/world/entity/ai/village/VillageSiege
[01Mar2026 21:48:48.907] [main/DEBUG] [mixin/]: Mixing common.server.DedicatedServerMixin from chunkpregen.mixins.json into net.minecraft.server.dedicated.DedicatedServer
[01Mar2026 21:48:48.915] [main/DEBUG] [Smooth Boot (Reloaded)/]: Config path: C:\ServerMine/config/smoothboot.json
[01Mar2026 21:48:48.924] [main/DEBUG] [mixin/]: Mixing SuppressLogMixin from bettermineshafts.mixins.json into net.minecraft.Util
[01Mar2026 21:48:48.925] [main/DEBUG] [mixin/]: Mixing UtilMixin from kubejs-common.mixins.json into net.minecraft.Util
[01Mar2026 21:48:48.926] [main/DEBUG] [mixin/]: Mixing UtilMixin from smoothboot.mixins.json into net.minecraft.Util
[01Mar2026 21:48:48.926] [main/DEBUG] [mixin/]: Renaming synthetic method lambda$replaceIoWorker$1(Ljava/lang/Runnable;)Ljava/lang/Thread; to mdc07be6$lambda$replaceIoWorker$1$0 in smoothboot.mixins.json:UtilMixin
[01Mar2026 21:48:48.926] [main/DEBUG] [mixin/]: Renaming synthetic method lambda$replaceWorker$0(Ljava/lang/String;Ljava/util/concurrent/ForkJoinPool;)Ljava/util/concurrent/ForkJoinWorkerThread; to mdc07be6$lambda$replaceWorker$0$1 in smoothboot.mixins.json:UtilMixin
[01Mar2026 21:48:48.974] [main/DEBUG] [Smooth Boot (Reloaded)/]: Config: com.abdelaziz.smoothboot.config.SmoothBootConfig@70720b78
[01Mar2026 21:48:48.975] [main/INFO] [Smooth Boot (Reloaded)/]: Smooth Boot (Reloaded) config initialized
[01Mar2026 21:48:48.976] [main/DEBUG] [Smooth Boot (Reloaded)/]: Initialized server game thread
[01Mar2026 21:48:48.977] [main/DEBUG] [mixin/]: Mixing shared.debugaid.ResourceLeakDetectorDisableConditionalMixin from krypton.mixins.json into net.minecraft.SharedConstants
[01Mar2026 21:48:48.977] [main/DEBUG] [mixin/]: krypton.mixins.json:shared.debugaid.ResourceLeakDetectorDisableConditionalMixin: Class version 61 required is higher than the class version supported by the current version of Mixin (JAVA_16 supports class version 60)
[01Mar2026 21:48:48.985] [main/DEBUG] [io.netty.util.internal.logging.InternalLoggerFactory/]: Using SLF4J as the default logging framework
[01Mar2026 21:48:48.987] [main/DEBUG] [io.netty.util.ResourceLeakDetector/]: -Dio.netty.leakDetection.level: simple
[01Mar2026 21:48:48.987] [main/DEBUG] [io.netty.util.ResourceLeakDetector/]: -Dio.netty.leakDetection.targetRecords: 4
[01Mar2026 21:48:49.000] [main/DEBUG] [mixin/]: Mixing components.MutableComponentMixin from kubejs-common.mixins.json into net.minecraft.network.chat.MutableComponent
[01Mar2026 21:48:49.005] [main/DEBUG] [mixin/]: Mixing access.StyleAccess from enhancedcelestials.mixins.json into net.minecraft.network.chat.Style
[01Mar2026 21:48:49.005] [main/DEBUG] [mixin/]: Renaming @Invoker method create(Lnet/minecraft/network/chat/TextColor;Ljava/lang/Boolean;Ljava/lang/Boolean;Ljava/lang/Boolean;Ljava/lang/Boolean;Ljava/lang/Boolean;Lnet/minecraft/network/chat/ClickEvent;Lnet/minecraft/network/chat/HoverEvent;Ljava/lang/String;Lnet/minecraft/resources/ResourceLocation;)Lnet/minecraft/network/chat/Style; to create_$md$c07be6$0 in enhancedcelestials.mixins.json:access.StyleAccess
[01Mar2026 21:48:49.014] [main/DEBUG] [mixin/]: Mixing TextColorMixin from rhino-common.mixins.json into net.minecraft.network.chat.TextColor
[01Mar2026 21:48:49.014] [main/DEBUG] [mixin/]: Mixing access.ColorAccess from enhancedcelestials.mixins.json into net.minecraft.network.chat.TextColor
[01Mar2026 21:48:49.014] [main/DEBUG] [mixin/]: Renaming @Invoker method create(I)Lnet/minecraft/network/chat/TextColor; to create_$md$c07be6$0 in enhancedcelestials.mixins.json:access.ColorAccess
[01Mar2026 21:48:49.030] [main/DEBUG] [mixin/]: Mixing ChatFormattingMixin from rhino-common.mixins.json into net.minecraft.ChatFormatting
[01Mar2026 21:48:49.071] [main/DEBUG] [mixin/]: Mixing perf.tag_id_caching.TagOrElementLocationMixin from modernfix-modernfix.mixins.json into net.minecraft.util.ExtraCodecs$TagOrElementLocation
[01Mar2026 21:48:49.072] [main/WARN] [mixin/]: Static binding violation: PRIVATE @Overwrite method m_216202_ in modernfix-modernfix.mixins.json:perf.tag_id_caching.TagOrElementLocationMixin cannot reduce visibiliy of PUBLIC target method, visibility will be upgraded.
[01Mar2026 21:48:49.099] [main/DEBUG] [mixin/]: Mixing MixinIdentifier from entity_texture_features.mixins.json into net.minecraft.resources.ResourceLocation
[01Mar2026 21:48:49.100] [main/DEBUG] [mixin/]: entity_texture_features.mixins.json:MixinIdentifier: Class version 61 required is higher than the class version supported by the current version of Mixin (JAVA_16 supports class version 60)
[01Mar2026 21:48:49.111] [main/DEBUG] [mixin/]: Mixing ResourceLocationMixin from ftblibrary-common.mixins.json into net.minecraft.resources.ResourceLocation
[01Mar2026 21:48:49.111] [main/DEBUG] [mixin/]: ftblibrary-common.mixins.json:ResourceLocationMixin: Class version 61 required is higher than the class version supported by the current version of Mixin (JAVA_8 supports class version 52)
[01Mar2026 21:48:49.113] [main/DEBUG] [mixin/]: Mixing ResourceLocationMixin from rhino-common.mixins.json into net.minecraft.resources.ResourceLocation
[01Mar2026 21:48:49.163] [main/ERROR] [net.minecraftforge.fml.loading.RuntimeDistCleaner/DISTXFORM]: Attempted to load class net/minecraft/client/gui/screens/Screen for invalid dist DEDICATED_SERVER
[01Mar2026 21:48:49.215] [main/INFO] [STDERR/]: [java.lang.ThreadGroup:uncaughtException:571]: java.lang.RuntimeException: java.lang.reflect.InvocationTargetException
[01Mar2026 21:48:49.215] [main/INFO] [STDERR/]: [java.lang.ThreadGroup:uncaughtException:571]: 	at MC-BOOTSTRAP/cpw.mods.modlauncher@10.0.9/cpw.mods.modlauncher.LaunchServiceHandlerDecorator.launch(LaunchServiceHandlerDecorator.java:32)
[01Mar2026 21:48:49.215] [main/INFO] [STDERR/]: [java.lang.ThreadGroup:uncaughtException:571]: 	at MC-BOOTSTRAP/cpw.mods.modlauncher@10.0.9/cpw.mods.modlauncher.LaunchServiceHandler.launch(LaunchServiceHandler.java:53)
[01Mar2026 21:48:49.216] [main/INFO] [STDERR/]: [java.lang.ThreadGroup:uncaughtException:571]: 	at MC-BOOTSTRAP/cpw.mods.modlauncher@10.0.9/cpw.mods.modlauncher.LaunchServiceHandler.launch(LaunchServiceHandler.java:71)
[01Mar2026 21:48:49.216] [main/INFO] [STDERR/]: [java.lang.ThreadGroup:uncaughtException:571]: 	at MC-BOOTSTRAP/cpw.mods.modlauncher@10.0.9/cpw.mods.modlauncher.Launcher.run(Launcher.java:108)
[01Mar2026 21:48:49.216] [main/INFO] [STDERR/]: [java.lang.ThreadGroup:uncaughtException:571]: 	at MC-BOOTSTRAP/cpw.mods.modlauncher@10.0.9/cpw.mods.modlauncher.Launcher.main(Launcher.java:78)
[01Mar2026 21:48:49.216] [main/INFO] [STDERR/]: [java.lang.ThreadGroup:uncaughtException:571]: 	at MC-BOOTSTRAP/cpw.mods.modlauncher@10.0.9/cpw.mods.modlauncher.BootstrapLaunchConsumer.accept(BootstrapLaunchConsumer.java:26)
[01Mar2026 21:48:49.216] [main/INFO] [STDERR/]: [java.lang.ThreadGroup:uncaughtException:571]: 	at MC-BOOTSTRAP/cpw.mods.modlauncher@10.0.9/cpw.mods.modlauncher.BootstrapLaunchConsumer.accept(BootstrapLaunchConsumer.java:23)
[01Mar2026 21:48:49.216] [main/INFO] [STDERR/]: [java.lang.ThreadGroup:uncaughtException:571]: 	at cpw.mods.bootstraplauncher@1.1.2/cpw.mods.bootstraplauncher.BootstrapLauncher.main(BootstrapLauncher.java:141)
[01Mar2026 21:48:49.217] [main/INFO] [STDERR/]: [java.lang.ThreadGroup:uncaughtException:579]: Caused by: java.lang.reflect.InvocationTargetException
[01Mar2026 21:48:49.217] [main/INFO] [STDERR/]: [java.lang.ThreadGroup:uncaughtException:579]: 	at java.base/jdk.internal.reflect.DirectMethodHandleAccessor.invoke(DirectMethodHandleAccessor.java:119)
[01Mar2026 21:48:49.217] [main/INFO] [STDERR/]: [java.lang.ThreadGroup:uncaughtException:579]: 	at java.base/java.lang.reflect.Method.invoke(Method.java:565)
[01Mar2026 21:48:49.218] [main/INFO] [STDERR/]: [java.lang.ThreadGroup:uncaughtException:579]: 	at MC-BOOTSTRAP/fmlloader@1.20.1-47.4.16/net.minecraftforge.fml.loading.targets.CommonLaunchHandler.runTarget(CommonLaunchHandler.java:111)
[01Mar2026 21:48:49.218] [main/INFO] [STDERR/]: [java.lang.ThreadGroup:uncaughtException:579]: 	at MC-BOOTSTRAP/fmlloader@1.20.1-47.4.16/net.minecraftforge.fml.loading.targets.CommonLaunchHandler.serverService(CommonLaunchHandler.java:103)
[01Mar2026 21:48:49.219] [main/INFO] [STDERR/]: [java.lang.ThreadGroup:uncaughtException:579]: 	at MC-BOOTSTRAP/fmlloader@1.20.1-47.4.16/net.minecraftforge.fml.loading.targets.CommonServerLaunchHandler.lambda$makeService$0(CommonServerLaunchHandler.java:27)
[01Mar2026 21:48:49.219] [main/INFO] [STDERR/]: [java.lang.ThreadGroup:uncaughtException:579]: 	at MC-BOOTSTRAP/cpw.mods.modlauncher@10.0.9/cpw.mods.modlauncher.LaunchServiceHandlerDecorator.launch(LaunchServiceHandlerDecorator.java:30)
[01Mar2026 21:48:49.219] [main/INFO] [STDERR/]: [java.lang.ThreadGroup:uncaughtException:579]: 	... 7 more
[01Mar2026 21:48:49.220] [main/INFO] [STDERR/]: [java.lang.Throwable:printStackTrace:686]: Caused by: java.lang.ExceptionInInitializerError
[01Mar2026 21:48:49.220] [main/INFO] [STDERR/]: [java.lang.Throwable:printStackTrace:686]: 	at TRANSFORMER/minecraft@1.20.1/net.minecraft.network.chat.MutableComponent.m_237204_(MutableComponent.java:29)
[01Mar2026 21:48:49.220] [main/INFO] [STDERR/]: [java.lang.Throwable:printStackTrace:686]: 	at TRANSFORMER/minecraft@1.20.1/net.minecraft.network.chat.Component.m_237115_(Component.java:444)
[01Mar2026 21:48:49.221] [main/INFO] [STDERR/]: [java.lang.Throwable:printStackTrace:686]: 	at TRANSFORMER/minecraft@1.20.1/net.minecraft.commands.BrigadierExceptions.<clinit>(BrigadierExceptions.java:24)
[01Mar2026 21:48:49.221] [main/INFO] [STDERR/]: [java.lang.Throwable:printStackTrace:686]: 	at TRANSFORMER/minecraft@1.20.1/net.minecraft.SharedConstants.<clinit>(SharedConstants.java:216)
[01Mar2026 21:48:49.221] [main/INFO] [STDERR/]: [java.lang.Throwable:printStackTrace:686]: 	at TRANSFORMER/minecraft@1.20.1/net.minecraft.server.Main.main(Main.java:69)
[01Mar2026 21:48:49.221] [main/INFO] [STDERR/]: [java.lang.Throwable:printStackTrace:686]: 	at java.base/jdk.internal.reflect.DirectMethodHandleAccessor.invoke(DirectMethodHandleAccessor.java:104)
[01Mar2026 21:48:49.221] [main/INFO] [STDERR/]: [java.lang.Throwable:printStackTrace:686]: 	... 12 more
[01Mar2026 21:48:49.222] [main/INFO] [STDERR/]: [java.lang.Throwable:printStackTrace:709]: Caused by: java.lang.RuntimeException: Attempted to load class net/minecraft/client/gui/screens/Screen for invalid dist DEDICATED_SERVER
[01Mar2026 21:48:49.222] [main/INFO] [STDERR/]: [java.lang.Throwable:printStackTrace:709]: 	at MC-BOOTSTRAP/fmlloader@1.20.1-47.4.16/net.minecraftforge.fml.loading.RuntimeDistCleaner.processClassWithFlags(RuntimeDistCleaner.java:57)
[01Mar2026 21:48:49.222] [main/INFO] [STDERR/]: [java.lang.Throwable:printStackTrace:709]: 	at MC-BOOTSTRAP/cpw.mods.modlauncher@10.0.9/cpw.mods.modlauncher.LaunchPluginHandler.offerClassNodeToPlugins(LaunchPluginHandler.java:88)
[01Mar2026 21:48:49.222] [main/INFO] [STDERR/]: [java.lang.Throwable:printStackTrace:709]: 	at MC-BOOTSTRAP/cpw.mods.modlauncher@10.0.9/cpw.mods.modlauncher.ClassTransformer.transform(ClassTransformer.java:120)
[01Mar2026 21:48:49.223] [main/INFO] [STDERR/]: [java.lang.Throwable:printStackTrace:709]: 	at MC-BOOTSTRAP/cpw.mods.modlauncher@10.0.9/cpw.mods.modlauncher.TransformingClassLoader.maybeTransformClassBytes(TransformingClassLoader.java:50)
[01Mar2026 21:48:49.223] [main/INFO] [STDERR/]: [java.lang.Throwable:printStackTrace:709]: 	at cpw.mods.securejarhandler/cpw.mods.cl.ModuleClassLoader.readerToClass(ModuleClassLoader.java:113)
[01Mar2026 21:48:49.224] [main/INFO] [STDERR/]: [java.lang.Throwable:printStackTrace:709]: 	at cpw.mods.securejarhandler/cpw.mods.cl.ModuleClassLoader.lambda$findClass$15(ModuleClassLoader.java:219)
[01Mar2026 21:48:49.224] [main/INFO] [STDERR/]: [java.lang.Throwable:printStackTrace:709]: 	at cpw.mods.securejarhandler/cpw.mods.cl.ModuleClassLoader.loadFromModule(ModuleClassLoader.java:229)
[01Mar2026 21:48:49.224] [main/INFO] [STDERR/]: [java.lang.Throwable:printStackTrace:709]: 	at cpw.mods.securejarhandler/cpw.mods.cl.ModuleClassLoader.findClass(ModuleClassLoader.java:219)
[01Mar2026 21:48:49.224] [main/INFO] [STDERR/]: [java.lang.Throwable:printStackTrace:709]: 	at cpw.mods.securejarhandler/cpw.mods.cl.ModuleClassLoader.loadClass(ModuleClassLoader.java:135)
[01Mar2026 21:48:49.224] [main/INFO] [STDERR/]: [java.lang.Throwable:printStackTrace:709]: 	at java.base/java.lang.ClassLoader.loadClass(ClassLoader.java:490)
[01Mar2026 21:48:49.225] [main/INFO] [STDERR/]: [java.lang.Throwable:printStackTrace:709]: 	at TRANSFORMER/minecraft@1.20.1/net.minecraft.resources.ResourceLocation.handler$cac000$etf$illegalPathOverride(ResourceLocation.java:525)
[01Mar2026 21:48:49.225] [main/INFO] [STDERR/]: [java.lang.Throwable:printStackTrace:709]: 	at TRANSFORMER/minecraft@1.20.1/net.minecraft.resources.ResourceLocation.m_135841_(ResourceLocation.java:206)
[01Mar2026 21:48:49.226] [main/INFO] [STDERR/]: [java.lang.Throwable:printStackTrace:709]: 	at TRANSFORMER/minecraft@1.20.1/net.minecraft.resources.ResourceLocation.m_245185_(ResourceLocation.java:241)
[01Mar2026 21:48:49.226] [main/INFO] [STDERR/]: [java.lang.Throwable:printStackTrace:709]: 	at TRANSFORMER/minecraft@1.20.1/net.minecraft.resources.ResourceLocation.<init>(ResourceLocation.java:40)
[01Mar2026 21:48:49.226] [main/INFO] [STDERR/]: [java.lang.Throwable:printStackTrace:709]: 	at TRANSFORMER/minecraft@1.20.1/net.minecraft.network.chat.Style.<clinit>(Style.java:39)
[01Mar2026 21:48:49.226] [main/INFO] [STDERR/]: [java.lang.Throwable:printStackTrace:709]: 	... 18 more
