[04Mar2026 18:31:03.854] [main/INFO] [cpw.mods.modlauncher.Launcher/MODLAUNCHER]: ModLauncher running: args [--launchTarget, forgeserver, --fml.forgeVersion, 47.4.16, --fml.mcVersion, 1.20.1, --fml.forgeGroup, net.minecraftforge, --fml.mcpVersion, 20230612.114412]
[04Mar2026 18:31:03.870] [main/INFO] [cpw.mods.modlauncher.Launcher/MODLAUNCHER]: ModLauncher 10.0.9+10.0.9+main.dcd20f30 starting: java version 25.0.1 by Oracle Corporation; OS Windows 11 arch amd64 version 10.0
[04Mar2026 18:31:06.742] [main/INFO] [net.minecraftforge.fml.loading.ImmediateWindowHandler/]: ImmediateWindowProvider not loading because launch target is forgeserver
[04Mar2026 18:31:06.793] [main/INFO] [mixin/]: SpongePowered MIXIN Subsystem Version=0.8.5 Source=union:/C:/ServerMine/libraries/org/spongepowered/mixin/0.8.5/mixin-0.8.5.jar%2365!/ Service=ModLauncher Env=SERVER
[04Mar2026 18:31:07.560] [main/WARN] [net.minecraftforge.fml.loading.moddiscovery.ModDiscoverer/SCAN]: Locator {mods folder locator at C:\ServerMine\mods} returned 2 files which are client-side-only mods, but we're on a dedicated server. They will be skipped!
[04Mar2026 18:31:07.657] [main/WARN] [net.minecraftforge.fml.loading.moddiscovery.ModFileParser/LOADING]: Mod file C:\ServerMine\libraries\net\minecraftforge\fmlcore\1.20.1-47.4.16\fmlcore-1.20.1-47.4.16.jar is missing mods.toml file
[04Mar2026 18:31:07.661] [main/WARN] [net.minecraftforge.fml.loading.moddiscovery.ModFileParser/LOADING]: Mod file C:\ServerMine\libraries\net\minecraftforge\javafmllanguage\1.20.1-47.4.16\javafmllanguage-1.20.1-47.4.16.jar is missing mods.toml file
[04Mar2026 18:31:07.664] [main/WARN] [net.minecraftforge.fml.loading.moddiscovery.ModFileParser/LOADING]: Mod file C:\ServerMine\libraries\net\minecraftforge\lowcodelanguage\1.20.1-47.4.16\lowcodelanguage-1.20.1-47.4.16.jar is missing mods.toml file
[04Mar2026 18:31:07.666] [main/WARN] [net.minecraftforge.fml.loading.moddiscovery.ModFileParser/LOADING]: Mod file C:\ServerMine\libraries\net\minecraftforge\mclanguage\1.20.1-47.4.16\mclanguage-1.20.1-47.4.16.jar is missing mods.toml file
[04Mar2026 18:31:08.627] [main/INFO] [net.minecraftforge.fml.loading.moddiscovery.JarInJarDependencyLocator/]: Found 57 dependencies adding them to mods collection
[04Mar2026 18:31:09.002] [main/INFO] [org.groovymc.gml.mappings.MappingsProvider/]: Starting runtime mappings setup...
[04Mar2026 18:31:09.020] [main/INFO] [org.groovymc.gml.internal.locator.ModLocatorInjector/]: Injecting ScriptModLocator candidates...
[04Mar2026 18:31:09.030] [main/INFO] [org.groovymc.gml.scriptmods.ScriptModLocator/]: Injected Jimfs file system
[04Mar2026 18:31:09.037] [main/INFO] [org.groovymc.gml.scriptmods.ScriptModLocator/]: Skipped loading script mods from directory C:\ServerMine\mods\scripts as it did not exist.
[04Mar2026 18:31:09.045] [main/INFO] [org.groovymc.gml.internal.locator.ModLocatorInjector/]: Injected ScriptModLocator mod candidates. Found 0 valid mod candidates and 0 broken mod files.
[04Mar2026 18:31:10.169] [GML Mappings Thread/INFO] [org.groovymc.gml.mappings.MappingsProvider/]: Loaded runtime mappings in 1031ms
[04Mar2026 18:31:10.171] [GML Mappings Thread/INFO] [org.groovymc.gml.mappings.MappingsProvider/]: Finished runtime mappings setup.
[04Mar2026 18:31:12.401] [main/INFO] [mixin/]: Compatibility level set to JAVA_17
[04Mar2026 18:31:12.422] [main/ERROR] [mixin/]: Mixin config combatlog-forge.mixins.json does not specify "minVersion" property
[04Mar2026 18:31:12.556] [main/ERROR] [mixin/]: Mixin config scaling_mobs.mixin.json does not specify "minVersion" property
[04Mar2026 18:31:12.617] [main/ERROR] [mixin/]: Mixin config yacl.mixins.json does not specify "minVersion" property
[04Mar2026 18:31:12.700] [main/INFO] [mixin/]: Successfully loaded Mixin Connector [mcinterface1201.mixin.MixinConnector]
[04Mar2026 18:31:12.701] [main/INFO] [cpw.mods.modlauncher.LaunchServiceHandler/MODLAUNCHER]: Launching target 'forgeserver' with arguments []
[04Mar2026 18:31:12.822] [main/INFO] [ModernFix/]: Loaded configuration file for ModernFix 5.26.2+mc1.20.1: 98 options available, 9 override(s) found
[04Mar2026 18:31:12.824] [main/WARN] [ModernFix/]: Option 'mixin.perf.smart_ingredient_sync' overriden (by mods [crafttweaker]) to 'false'
[04Mar2026 18:31:12.824] [main/WARN] [ModernFix/]: Option 'mixin.perf.dynamic_resources' overriden (by user configuration) to 'true'
[04Mar2026 18:31:12.824] [main/WARN] [ModernFix/]: Option 'mixin.perf.clear_mixin_classinfo' overriden (by user configuration) to 'true'
[04Mar2026 18:31:12.824] [main/WARN] [ModernFix/]: Option 'mixin.perf.deduplicate_location' overriden (by user configuration) to 'true'
[04Mar2026 18:31:12.825] [main/WARN] [ModernFix/]: Option 'mixin.perf.dynamic_entity_renderers' overriden (by user configuration) to 'true'
[04Mar2026 18:31:12.825] [main/WARN] [ModernFix/]: Option 'mixin.perf.remove_spawn_chunks' overriden (by user configuration) to 'true'
[04Mar2026 18:31:12.825] [main/WARN] [ModernFix/]: Option 'mixin.perf.ingredient_item_deduplication' overriden (by user configuration) to 'true'
[04Mar2026 18:31:12.825] [main/WARN] [ModernFix/]: Option 'mixin.perf.deduplicate_climate_parameters' overriden (by user configuration) to 'true'
[04Mar2026 18:31:12.825] [main/WARN] [ModernFix/]: Option 'mixin.perf.thread_priorities' overriden (by mods [smoothboot]) to 'false'
[04Mar2026 18:31:12.826] [main/INFO] [ModernFix/]: Applying Nashorn fix
[04Mar2026 18:31:12.846] [main/INFO] [ModernFix/]: Applied Forge config corruption patch
[04Mar2026 18:31:12.873] [main/WARN] [mixin/]: Reference map 'handcrafted-forge-1.20.1-forge-refmap.json' for handcrafted.mixins.json could not be read. If this is a development environment you can ignore this message
[04Mar2026 18:31:12.908] [main/WARN] [mixin/]: Reference map 'EpheroLib-refmap.json' for epherolib.mixins.json could not be read. If this is a development environment you can ignore this message
[04Mar2026 18:31:12.914] [main/WARN] [mixin/]: Reference map 'puzzlesaccessapi.common.refmap.json' for puzzlesaccessapi.common.mixins.json could not be read. If this is a development environment you can ignore this message
[04Mar2026 18:31:12.943] [main/WARN] [mixin/]: Reference map 'fastpaintings-forge-refmap.json' for fastpaintings-forge.mixins.json could not be read. If this is a development environment you can ignore this message
[04Mar2026 18:31:12.945] [main/WARN] [mixin/]: Reference map 'farmersrespite.refmap.json' for farmersrespite.mixins.json could not be read. If this is a development environment you can ignore this message
[04Mar2026 18:31:12.950] [main/WARN] [mixin/]: Reference map 'tacz_npc.refmap.json' for tacz_npc.mixins.json could not be read. If this is a development environment you can ignore this message
[04Mar2026 18:31:12.979] [main/INFO] [Puzzles Lib/]: Loading 248 mods:
	- access_denied 6.2.1
	- alekiships 1.0.14
	- alexsmobs 1.22.9
	- almanac 1.0.2
	- ambientenvironment 11.0.0.1
	- amendments 1.20-2.2.5
	- apocalypsenow 3.0.5
	- apocalypticarsenal 1.0.1
	- appleskin 2.5.1+mc1.20.1
	- architectury 9.2.14
	- athena 3.1.2
	- atlaslib 1.1.12
	- attributeslib 1.3.7
	- badmobs 19.0.4
	- bbb 2.0pre4
		\-- midnightlib 1.4.2
	- bbs 1.20.1-0.1.3
	- berezka_api 1.2.8.3
	- betterdungeons 1.20-Forge-4.0.4
	- bettermineshafts 1.20-Forge-4.0.4
	- betterstrongholds 1.20-Forge-4.0.3
	- bloomingnature 1.0.12
	- bookshelf 20.2.15
	- bridge_maker 2.0.3
	- butchersdelight 1.20.12.1.0
	- carbonconfig 1.20-1.2.8.2
	- carryon 2.1.2.7
	- ceilingtorch 1.32.1
	- cfm 7.0.0-pre36
	- chaoszpack_structures 1.0.2
	- chaoszprojectbandits 1.0.0
	- charmofundying 6.5.0+1.20.1
	- chunkpregen 1.20-4.4.5.1
	- citadel 2.6.3
	- cleanswing 1.8
	- cloth_config 11.1.136
	- cofh_core 11.0.2
	- collective 8.13
	- combatlog 2.6
	- combatroll 1.3.3+1.20.1
	- comforts 6.4.0+1.20.1
	- commongroovylibrary 0.3.3
	- configurableextramobdrops 3.5
	- controlling 12.0.2
	- copycats 3.0.7+mc.1.20.1-forge
	- corgilib 4.0.3.4
	- coroutil 1.20.1-1.3.7
	- corpse 1.20.1-1.0.23
	- craftpresence 2.7.0
	- crafttweaker 14.0.59
	- crashutilities 8.1.4
	- crawlondemand 1.20-1.0.1
	- create 6.0.8
		|-- flywheel 1.0.5
		\-- ponder 1.0.91
	- create_furnitures 1.1.2
	- createbigcannons 5.11.1
	- createdeco 2.0.3-1.20.1-forge
	- createdieselgenerators 1.20.1-1.3.8
	- createtweaker 4.0.15
	- creativecore 2.12.35
	- croptopia 3.0.4
	- cupboard 1.20.1-3.0
	- curios 5.14.1+1.20.1
	- cw_additions 1.1.6
	- daffas_arsenal 3.2.0
	- dataanchor 1.0.0.20
	- decoration_delight 1.0.0
	- decorative_blocks 4.1.3
	- doomsday_decoration 1.0.0
	- doomsday_translations 1.0.7
	- dreamcaslib 1.0.0
	- dtcroptopia 1.20.1-1.0.0
	- dtru 1.20.1-1.0.1
	- dtsoilscompat 1.0.1
	- dtterralith 1.20.1-1.2.6
	- dummmmmmy 1.20-2.0.9
	- dustrial_decor 1.3.2
	- dweller_dweller 3.13.1
	- dynamiclights 1.9+mod
	- dynamictrees 1.20.1-1.4.10
	- dynamictreesplus 1.20.1-1.2.2
	- ecologics 2.2.4
	- enchdesc 17.1.21
	- enhancedcelestials 1.20.1-5.0.3.1
	- epherolib 0.1.2
	- experimentalsettingsdisabler 3.0
	- explosionoverhaul 0.1.6.9-a
	- extinction 1.1.0
	- extragore 5.2.3.1
	- fallingtrees 0.13.2
	- farmers_croptopia 3.2.0
	- farmersdelight 1.20.1-1.2.10
	- farmersrespite 1.20.1-2.1
	- fastfurnace 8.0.2
	- fastpaintings 1.20-1.2.7
	- faz_roleplay_plus 2.4
	- ferritecore 6.0.1
	- firstjoinmessage 3.8
	- fishingoverhaul 1.20.1-1.2.0
	- flan 1.20.1-1.11.15
		\-- lingua_bib 1.20.1-1.0.6
	- forge 47.4.16
	- forgivingworld 1.20.1-4.7
	- framework 0.8.0
	- ftblibrary 2001.2.12
	- ftbteams 2001.3.2
	- geckolib 4.8.3
	- geophilic_reforged 1.2.0
	- glitchcore 0.0.1.1
	- gml 4.0.11
	- golemsarefriends 1.20.0-1.0.1
	- guardvillagers 1.20.1-1.6.15
	- gunfireoverhaul 0.1.5-a
	- handcrafted 3.0.6
	- horde_hoard 1.1.0
	- hordes 1.5.4c
	- horror_element_mod 1.6.3
	- immersive_aircraft 1.4.0+1.20.1
	- immersive_cooking 2.0.1
	- immersive_weathering 1.20.1-2.0.5
	- immersiveengineering 1.20.1-10.2.0-183
	- improvedmobs 1.20.1-1.13.2
	- incontrol 1.20-9.4.1
	- insanelib 1.23.4.0
	- itemblacklist 1.20.1-1.1.5
	- jade 11.13.2+forge
	- jamlib 1.3.5+1.20.1
	- jeffs_cursed_walking_structures 3.3.0
	- jeffsgibbing 1.0.5
	- jei 15.20.0.129
	- jeresources 1.4.0.247
	- jurassicreborn 1.3.42.3
	- k_turrets 3.0.44-1.20.1
	- konkrete 1.8.0
	- kotlinforforge 4.12.0
	- krypton 0.2.3
	- kubejs 2001.6.5-build.16
	- largemeals 1.20.1-1.3.0
	- legendarysurvivaloverhaul 1.20.1-2.4.2
	- letmedespawn 1.5.0
	- lios_overhauled_villages 0.1.0
	- lootr 0.7.35.94
	- lradd 0.3.0
	- lrarmor 0.1.4.4
	- lrtactical 0.3.0
	- matmos_tct 7.4
	- max_armory 1.3.0
	- mcwbridges 3.1.2
	- mcwdoors 1.1.5
	- mcwfences 1.2.1
	- mcwtrpdoors 1.1.5
	- mekanism 10.4.16
	- mekanismgenerators 10.4.16
	- mekanismtools 10.4.16
	- melody 1.0.2
	- minecraft 1.20.1
	- minetraps 2.3.0a
	- mobsunscreen 3.1.1
	- mobtimizations 1.20.1-1.0.0
	- modernfix 5.26.2+mc1.20.1
	- moonlight 1.20-2.16.28
	- mts 23.0.0
	- mtsofficialpack 28
	- mutantmonsters 8.0.8
	- mutantszombies 1.3.2-Forge-mc1.20.1
	- myserveriscompatible 1.0
	- nerb 0.4.1
	- nobz 1.3
	- noisium 2.3.0+mc1.20-1.20.1
	- nostartupmessages 1.0.1
	- octolib 0.5.0.1
	- openloader 19.0.5
	- overworld_netherite_ore 2.8
	- packetfixer 3.3.1
	- pandalib 0.5.2
	- patchouli 1.20.1-84.1-FORGE
	- pehkui 3.8.2+1.20.1-forge
	- philipsruins 5.6
	- pillagers_gun 3.2.0
	- placebo 8.6.3
	- playeranimator 1.0.2-rc1+1.20
	- playerrevive 2.0.31
	- pointblank 1.11.1
	- polymorph 0.49.10+1.20.1
		\-- spectrelib 0.13.17+1.20.1
	- projectvibrantjourneys 1.20.1-6.2.0
	- propertymodifier 0.3.3
	- psg 5.7.0
	- puzzleslib 8.1.33
		\-- puzzlesaccessapi 20.1.1
	- quantified 1.2.1
	- railways 1.6.15-beta+forge-mc1.20.1
	- refurbished_furniture 1.0.20
	- regions_unexplored 0.5.6
	- regrowth 46.32.1
	- resourcefullib 2.1.29
	- responsiveshields 2.3
	- rhino 2001.2.3-build.10
	- rightclickharvest 4.6.1+1.20.1
	- ritchiesprojectilelib 2.1.1
	- rrls 4.0.6.1+mc1.20.1-forge
	- satako 7.0.33-1.20.1
	- scalingmobs 2.2.2
	- searchables 1.0.3
	- securitycraft 1.10.1
	- sereneseasons 9.1.0.2
	- set_things_up 1.0.0
	- simpleshops 1.2.2
	- simply_traps 1.7
	- sit 1.3.5
	- sliceanddice 3.6.0
	- smartbrainlib 1.15
	- smoothboot 0.0.4
	- smoothchunk 1.20.1-4.1
	- solonion 1.4.5
	- sophisticatedbackpacks 3.24.24.1538
	- sophisticatedcore 1.3.5.1505
	- spark 1.10.53
	- starterkit 7.4
	- strayed_fates_forsaken 1.1.3.2
	- structory 1.3.5
	- superbwarfare 0.8.8
	- survival_instinct 1.0.2
	- table_top_craft 1.20.1-6.1.2
	- tacz 1.1.7-hotfix
	- tacz_npc 1.0.0
	- tacztweaks 2.11.2
		\-- mixinsquared 0.3.3
	- tctcore 2.2
	- tectonic 2.4.1
	- tenshilib 1.20.1-1.7.6
	- terrablender 3.0.1.10
	- terralith 2.5.4
	- toolbelt 1.20.02
	- underground_bunkers 1.0.5
	- unilib 1.2.0
	- uteamcore 5.1.4.382
	- voicechat 1.20.1-2.6.12
		\-- voicechat_api 2.6.0
	- walkietalkie 1.3.0
	- warborn 2.3.3
	- warborn_recipes 1.0.1
	- warrior 1.20.1-3
	- waterdripsound 0.3.2
	- wegotrunnners 1.0.0
	- yet_another_config_lib_v3 3.6.6+1.20.1-forge
	- yungsapi 1.20-Forge-4.0.6
	- zombieawareness 1.20.1-1.13.1
[04Mar2026 18:31:13.056] [main/WARN] [mixin/]: Reference map 'mixins.warborn.refmap.json' for warborn.mixins.json could not be read. If this is a development environment you can ignore this message
[04Mar2026 18:31:13.057] [main/WARN] [mixin/]: Reference map 'warborn_recipes.refmap.json' for warborn_recipes.mixins.json could not be read. If this is a development environment you can ignore this message
[04Mar2026 18:31:13.064] [main/WARN] [mixin/]: Reference map 'mixins.jeffs_cursed_walking_structures.refmap.json' for mixins.jeffs_cursed_walking_structures.json could not be read. If this is a development environment you can ignore this message
[04Mar2026 18:31:13.073] [main/WARN] [mixin/]: Reference map 'pandalib-common-common-refmap.json' for pandalib-common.mixins.json could not be read. If this is a development environment you can ignore this message
[04Mar2026 18:31:13.077] [main/WARN] [mixin/]: Reference map 'LesRaisinsAddon_1201.refmap.json' for lradd.mixins.json could not be read. If this is a development environment you can ignore this message
[04Mar2026 18:31:13.128] [main/WARN] [mixin/]: Reference map 'coroutil.refmap.json' for coroutil.mixins.json could not be read. If this is a development environment you can ignore this message
[04Mar2026 18:31:13.174] [main/INFO] [dev.tonimatas.packetfixer.mixins.v1_19_4_forge.MixinPlugin/]: Packet Fixer forge 1.19.4-1.20.1 has been applied successfully.
[04Mar2026 18:31:13.795] [main/WARN] [mixin/]: Error loading class: com/teammetallurgy/aquaculture/entity/AquaFishingBobberEntity (java.lang.ClassNotFoundException: com.teammetallurgy.aquaculture.entity.AquaFishingBobberEntity)
[04Mar2026 18:31:13.796] [main/WARN] [mixin/]: @Mixin target com.teammetallurgy.aquaculture.entity.AquaFishingBobberEntity was not found fishingoverhaul.mixins.json:AquaFishingBobberEntityMixin
[04Mar2026 18:31:13.835] [main/INFO] [net.minecraftforge.coremod.CoreMod.placebo/COREMODLOG]: Patching IForgeItemStack#getEnchantmentLevel
[04Mar2026 18:31:13.851] [main/INFO] [net.minecraftforge.coremod.CoreMod.placebo/COREMODLOG]: Patching IForgeItemStack#getEnchantmentLevel
[04Mar2026 18:31:14.036] [main/ERROR] [net.minecraftforge.fml.loading.RuntimeDistCleaner/DISTXFORM]: Attempted to load class net/minecraft/client/multiplayer/MultiPlayerGameMode for invalid dist DEDICATED_SERVER
[04Mar2026 18:31:14.037] [main/WARN] [mixin/]: Error loading class: net/minecraft/client/multiplayer/MultiPlayerGameMode (java.lang.RuntimeException: Attempted to load class net/minecraft/client/multiplayer/MultiPlayerGameMode for invalid dist DEDICATED_SERVER)
[04Mar2026 18:31:14.037] [main/WARN] [mixin/]: @Mixin target net.minecraft.client.multiplayer.MultiPlayerGameMode was not found mixins.cofhcore.json:MultiPlayerGameModeMixin
[04Mar2026 18:31:14.397] [main/WARN] [mixin/]: Error loading class: net/mehvahdjukaar/supplementaries/common/entities/SlimeBallEntity (java.lang.ClassNotFoundException: net.mehvahdjukaar.supplementaries.common.entities.SlimeBallEntity)
[04Mar2026 18:31:14.509] [main/WARN] [mixin/]: Error loading class: xfacthd/framedblocks/common/blockentity/doubled/FramedAdjustableDoubleBlockEntity (java.lang.ClassNotFoundException: xfacthd.framedblocks.common.blockentity.doubled.FramedAdjustableDoubleBlockEntity)
[04Mar2026 18:31:14.509] [main/WARN] [mixin/]: @Mixin target xfacthd.framedblocks.common.blockentity.doubled.FramedAdjustableDoubleBlockEntity was not found createbigcannons.mixins.json:compat.FramedAdjustableDoubleBlockEntityAccessor
[04Mar2026 18:31:14.715] [main/ERROR] [net.minecraftforge.fml.loading.RuntimeDistCleaner/DISTXFORM]: Attempted to load class com/mojang/blaze3d/vertex/PoseStack$Pose for invalid dist DEDICATED_SERVER
[04Mar2026 18:31:14.715] [main/WARN] [mixin/]: Error loading class: com/mojang/blaze3d/vertex/PoseStack$Pose (java.lang.RuntimeException: Attempted to load class com/mojang/blaze3d/vertex/PoseStack$Pose for invalid dist DEDICATED_SERVER)
[04Mar2026 18:31:14.771] [main/ERROR] [net.minecraftforge.fml.loading.RuntimeDistCleaner/DISTXFORM]: Attempted to load class com/tacz/guns/api/modifier/IAttachmentModifier$DiagramsData for invalid dist DEDICATED_SERVER
[04Mar2026 18:31:14.772] [main/WARN] [mixin/]: Error loading class: com/tacz/guns/api/modifier/IAttachmentModifier$DiagramsData (java.lang.RuntimeException: Attempted to load class com/tacz/guns/api/modifier/IAttachmentModifier$DiagramsData for invalid dist DEDICATED_SERVER)
[04Mar2026 18:31:14.772] [main/ERROR] [net.minecraftforge.fml.loading.RuntimeDistCleaner/DISTXFORM]: Attempted to load class com/tacz/guns/api/modifier/IAttachmentModifier$DiagramsData for invalid dist DEDICATED_SERVER
[04Mar2026 18:31:14.773] [main/WARN] [mixin/]: Error loading class: com/tacz/guns/api/modifier/IAttachmentModifier$DiagramsData (java.lang.RuntimeException: Attempted to load class com/tacz/guns/api/modifier/IAttachmentModifier$DiagramsData for invalid dist DEDICATED_SERVER)
[04Mar2026 18:31:14.775] [main/ERROR] [net.minecraftforge.fml.loading.RuntimeDistCleaner/DISTXFORM]: Attempted to load class com/tacz/guns/api/modifier/IAttachmentModifier$DiagramsData for invalid dist DEDICATED_SERVER
[04Mar2026 18:31:14.776] [main/WARN] [mixin/]: Error loading class: com/tacz/guns/api/modifier/IAttachmentModifier$DiagramsData (java.lang.RuntimeException: Attempted to load class com/tacz/guns/api/modifier/IAttachmentModifier$DiagramsData for invalid dist DEDICATED_SERVER)
[04Mar2026 18:31:14.835] [main/INFO] [MixinExtras|Service/]: Initializing MixinExtras via com.llamalad7.mixinextras.service.MixinExtrasServiceImpl(version=0.5.0).
[04Mar2026 18:31:15.267] [main/INFO] [Smooth Boot (Reloaded)/]: Smooth Boot (Reloaded) config initialized
[04Mar2026 18:31:15.366] [main/WARN] [mixin/]: Static binding violation: PRIVATE @Overwrite method m_216202_ in modernfix-modernfix.mixins.json:perf.tag_id_caching.TagOrElementLocationMixin cannot reduce visibiliy of PUBLIC target method, visibility will be upgraded.
[04Mar2026 18:31:16.912] [main/INFO] [net.minecraft.server.Bootstrap/]: ModernFix reached bootstrap stage (15.21 s after launch)
[04Mar2026 18:31:16.984] [main/WARN] [mixin/]: @Final field delegatesByName:Ljava/util/Map; in modernfix-modernfix.mixins.json:perf.forge_registry_alloc.ForgeRegistryMixin should be final
[04Mar2026 18:31:16.984] [main/WARN] [mixin/]: @Final field delegatesByValue:Ljava/util/Map; in modernfix-modernfix.mixins.json:perf.forge_registry_alloc.ForgeRegistryMixin should be final
[04Mar2026 18:31:17.053] [main/INFO] [net.minecraftforge.coremod.CoreMod.placebo/COREMODLOG]: Patching IForgeItemStack#getEnchantmentLevel
[04Mar2026 18:31:17.054] [main/INFO] [net.minecraftforge.coremod.CoreMod.placebo/COREMODLOG]: Patching IForgeItemStack#getEnchantmentLevel
[04Mar2026 18:31:18.205] [main/WARN] [mixin/]: @Redirect conflict. Skipping securitycraft.mixins.json:camera.ServerPlayerMixin->@Redirect::securitycraft$tick(Lnet/minecraft/server/level/ServerPlayer;DDDFF)V with priority 1100, already redirected by railways-common.mixins.json:conductor_possession.ServerPlayerMixin->@Redirect::railways$securitycraft$tick(Lnet/minecraft/server/level/ServerPlayer;DDDFF)V with priority 1200
[04Mar2026 18:31:19.101] [main/INFO] [net.minecraft.server.Bootstrap/]: Vanilla bootstrap took 2186 milliseconds
[04Mar2026 18:31:19.639] [main/INFO] [net.minecraftforge.coremod.CoreMod.placebo/COREMODLOG]: Patching IForgeItemStack#getEnchantmentLevel
[04Mar2026 18:31:19.639] [main/INFO] [net.minecraftforge.coremod.CoreMod.placebo/COREMODLOG]: Patching IForgeItemStack#getEnchantmentLevel
[04Mar2026 18:31:21.468] [main/WARN] [mixin/]: @Final field f_26027_:Lnet/minecraft/world/entity/ai/targeting/TargetingConditions; in guardvillagers.mixins.json:DefendVillageGoalGolemMixin should be final
[04Mar2026 18:31:21.789] [main/WARN] [mixin/]: @Inject(@At("INVOKE_ASSIGN")) Shift.BY=2 on refurbished_furniture.common.mixins.json:LevelChunkMixin::handler$cea000$refurbishedFurniture$AfterRemoveBlockEntity exceeds the maximum allowed value: 0. Increase the value of maxShiftBy to suppress this warning.
[04Mar2026 18:31:22.683] [main/WARN] [mixin/]: Static binding violation: PRIVATE @Overwrite method m_47505_ in modernfix-modernfix.mixins.json:perf.remove_biome_temperature_cache.BiomeMixin cannot reduce visibiliy of PUBLIC target method, visibility will be upgraded.
[04Mar2026 18:31:23.036] [main/INFO] [org.groovymc.gml.internal.ModExtensionLoader/]: Skipping extension class org.groovymc.cgl.api.extension.client.MinecraftExtensions: it requires dist CLIENT, but we're running on DEDICATED_SERVER
[04Mar2026 18:31:23.500] [modloading-worker-0/INFO] [STDOUT/]: [org.admany.apocalypticarsenal.ApocalypticArsenal:deployTacZAddon:51]: [apocalypticarsenal] TacZ addon folder already present; skipping deployment.
[04Mar2026 18:31:23.510] [modloading-worker-0/INFO] [hordes/]: Trying to load common config
[04Mar2026 18:31:23.519] [modloading-worker-0/INFO] [satako/]: Satako loaded
[04Mar2026 18:31:23.523] [modloading-worker-0/WARN] [net.minecraftforge.common.ForgeConfigSpec/CORE]: Configuration file C:\ServerMine\config\guardvillagers-common.toml is not correct. Correcting
[04Mar2026 18:31:23.523] [modloading-worker-0/INFO] [hordes/]: Trying to load client config
[04Mar2026 18:31:23.538] [modloading-worker-0/INFO] [gml/]: Initialised GML mod. Version: 4.0.11
[04Mar2026 18:31:23.539] [modloading-worker-0/INFO] [hordes/]: Config files are up to date, skipping data/asset generation
[04Mar2026 18:31:23.610] [modloading-worker-0/INFO] [noisium/]: Loading Noisium.
[04Mar2026 18:31:23.637] [modloading-worker-0/INFO] [pointblank/]: Loading mod pointblank
[04Mar2026 18:31:23.714] [modloading-worker-0/INFO] [unilib/]: Disabling UniLib, as it is client side only.
[04Mar2026 18:31:23.738] [modloading-worker-0/INFO] [coroutil/]: forge loader environment detected
[04Mar2026 18:31:23.751] [modloading-worker-0/INFO] [STDERR/]: [com.vicmatskiv.pointblank.registry.ExtensionRegistry:scanExtensions:403]: java.nio.file.NoSuchFileException: C:\ServerMine\pointblank
[04Mar2026 18:31:23.763] [modloading-worker-0/WARN] [mixin/]: Method overwrite conflict for getPools in croptopia.mixins.json:LootTableAccessor, previously written by andrews.table_top_craft.mixins.LootTableMixin. Skipping method.
[04Mar2026 18:31:23.771] [modloading-worker-0/INFO] [STDERR/]: [com.vicmatskiv.pointblank.registry.ExtensionRegistry:scanExtensions:403]: 	at java.base/sun.nio.fs.WindowsException.translateToIOException(WindowsException.java:85)
[04Mar2026 18:31:23.780] [modloading-worker-0/INFO] [STDERR/]: [com.vicmatskiv.pointblank.registry.ExtensionRegistry:scanExtensions:403]: 	at java.base/sun.nio.fs.WindowsException.rethrowAsIOException(WindowsException.java:103)
[04Mar2026 18:31:23.782] [modloading-worker-0/INFO] [STDERR/]: [com.vicmatskiv.pointblank.registry.ExtensionRegistry:scanExtensions:403]: 	at java.base/sun.nio.fs.WindowsException.rethrowAsIOException(WindowsException.java:108)
[04Mar2026 18:31:23.771] [modloading-worker-0/WARN] [mixin/]: Method overwrite conflict for getPools in createdieselgenerators.mixins.json:LootTableAccessor, previously written by andrews.table_top_craft.mixins.LootTableMixin. Skipping method.
[04Mar2026 18:31:23.783] [modloading-worker-0/INFO] [STDERR/]: [com.vicmatskiv.pointblank.registry.ExtensionRegistry:scanExtensions:403]: 	at java.base/sun.nio.fs.WindowsDirectoryStream.<init>(WindowsDirectoryStream.java:86)
[04Mar2026 18:31:23.802] [modloading-worker-0/INFO] [STDERR/]: [com.vicmatskiv.pointblank.registry.ExtensionRegistry:scanExtensions:403]: 	at java.base/sun.nio.fs.WindowsFileSystemProvider.newDirectoryStream(WindowsFileSystemProvider.java:516)
[04Mar2026 18:31:23.821] [modloading-worker-0/INFO] [STDERR/]: [com.vicmatskiv.pointblank.registry.ExtensionRegistry:scanExtensions:403]: 	at java.base/java.nio.file.Files.newDirectoryStream(Files.java:445)
[04Mar2026 18:31:23.856] [modloading-worker-0/INFO] [STDERR/]: [com.vicmatskiv.pointblank.registry.ExtensionRegistry:scanExtensions:403]: 	at TRANSFORMER/pointblank@1.11.1/com.vicmatskiv.pointblank.registry.ExtensionRegistry.scanExtensions(ExtensionRegistry.java:380)
[04Mar2026 18:31:23.869] [modloading-worker-0/INFO] [STDERR/]: [com.vicmatskiv.pointblank.registry.ExtensionRegistry:scanExtensions:403]: 	at TRANSFORMER/pointblank@1.11.1/com.vicmatskiv.pointblank.registry.ExtensionRegistry.discoverExtensions(ExtensionRegistry.java:251)
[04Mar2026 18:31:23.897] [modloading-worker-0/INFO] [STDERR/]: [com.vicmatskiv.pointblank.registry.ExtensionRegistry:scanExtensions:403]: 	at TRANSFORMER/pointblank@1.11.1/com.vicmatskiv.pointblank.PointBlankMod.<init>(PointBlankMod.java:119)
[04Mar2026 18:31:23.910] [modloading-worker-0/INFO] [STDERR/]: [com.vicmatskiv.pointblank.registry.ExtensionRegistry:scanExtensions:403]: 	at java.base/jdk.internal.reflect.DirectConstructorHandleAccessor.newInstance(DirectConstructorHandleAccessor.java:62)
[04Mar2026 18:31:23.910] [modloading-worker-0/INFO] [org.berezka.berezka_api.Berezka_api/]: [Berezka API] Berezka is loading...
[04Mar2026 18:31:23.923] [modloading-worker-0/INFO] [STDERR/]: [com.vicmatskiv.pointblank.registry.ExtensionRegistry:scanExtensions:403]: 	at java.base/java.lang.reflect.Constructor.newInstanceWithCaller(Constructor.java:499)
[04Mar2026 18:31:23.930] [modloading-worker-0/INFO] [org.berezka.berezka_api.berezka_api_main/]: [Berezka API] info: loading old plugins from folder: C:\ServerMine\berezka_plugins\berezka_api directory exist: false
[04Mar2026 18:31:23.940] [modloading-worker-0/INFO] [STDERR/]: [com.vicmatskiv.pointblank.registry.ExtensionRegistry:scanExtensions:403]: 	at java.base/java.lang.reflect.Constructor.newInstance(Constructor.java:483)
[04Mar2026 18:31:23.947] [modloading-worker-0/INFO] [org.berezka.berezka_api.berezka_api_main/]: [Berezka API] createConfig info: language is null, modid:berezka_api, configName: BerezkaAPI
[04Mar2026 18:31:23.949] [modloading-worker-0/INFO] [STDERR/]: [com.vicmatskiv.pointblank.registry.ExtensionRegistry:scanExtensions:403]: 	at LAYER PLUGIN/javafmllanguage@1.20.1-47.4.16/net.minecraftforge.fml.javafmlmod.FMLModContainer.constructMod(FMLModContainer.java:77)
[04Mar2026 18:31:23.949] [modloading-worker-0/INFO] [STDERR/]: [com.vicmatskiv.pointblank.registry.ExtensionRegistry:scanExtensions:403]: 	at LAYER PLUGIN/fmlcore@1.20.1-47.4.16/net.minecraftforge.fml.ModContainer.lambda$buildTransitionHandler$5(ModContainer.java:126)
[04Mar2026 18:31:23.949] [modloading-worker-0/INFO] [org.berezka.berezka_api.berezka_api_main/]: [Berezka API] Config param list for berezka_api is {DebugMode=[class java.lang.Boolean, Just debug mode, false, null, null], DevMode=[class java.lang.Boolean, Dev mode adds some commands, must be turned off for release version of modpack., false, null, null], DefaultDoExtraChecksValue=[class java.lang.Boolean, Default value of doExtraChecks (if value isn't provided), true, null, null], UseFolderPluginSystem=[class java.lang.Boolean, Creates berezka_plugins folder and loads data from it., false, null, null], FolderPluginSystemList=[interface java.util.List, Defines loot tables to replace: modid:path:target.json (path from loot_tables folder to target, target - name of loot table, required file must be in berezka_plugins/modid/target.json, example: berezka_api:chests/:berezkahousesmall_0.json), [], null, null], SpawnLessLoot=[class java.lang.Boolean, Spawns less loot., false, null, null], MaxSizeOfStructuresCache=[long, Maximum size of cache, 500, null, null], LifeTimeOfStricturesCacheEntry=[long, LifeTimeOfStricturesCacheEntry., 20000, null, null], StructuresRarityMultiplier=[class java.lang.Double, Multiplier of Structures Spacing and Separation., 1.0, null, null]}
[04Mar2026 18:31:23.949] [modloading-worker-0/INFO] [STDERR/]: [com.vicmatskiv.pointblank.registry.ExtensionRegistry:scanExtensions:403]: 	at java.base/java.util.concurrent.CompletableFuture$AsyncRun.run(CompletableFuture.java:1825)
[04Mar2026 18:31:23.949] [modloading-worker-0/INFO] [STDERR/]: [com.vicmatskiv.pointblank.registry.ExtensionRegistry:scanExtensions:403]: 	at java.base/java.util.concurrent.CompletableFuture$AsyncRun.exec(CompletableFuture.java:1817)
[04Mar2026 18:31:23.949] [modloading-worker-0/INFO] [STDERR/]: [com.vicmatskiv.pointblank.registry.ExtensionRegistry:scanExtensions:403]: 	at java.base/java.util.concurrent.ForkJoinTask.doExec(ForkJoinTask.java:511)
[04Mar2026 18:31:23.979] [modloading-worker-0/INFO] [STDERR/]: [com.vicmatskiv.pointblank.registry.ExtensionRegistry:scanExtensions:403]: 	at java.base/java.util.concurrent.ForkJoinPool$WorkQueue.topLevelExec(ForkJoinPool.java:1450)
[04Mar2026 18:31:23.985] [modloading-worker-0/INFO] [STDERR/]: [com.vicmatskiv.pointblank.registry.ExtensionRegistry:scanExtensions:403]: 	at java.base/java.util.concurrent.ForkJoinPool.runWorker(ForkJoinPool.java:2019)
[04Mar2026 18:31:23.987] [modloading-worker-0/INFO] [STDERR/]: [com.vicmatskiv.pointblank.registry.ExtensionRegistry:scanExtensions:403]: 	at java.base/java.util.concurrent.ForkJoinWorkerThread.run(ForkJoinWorkerThread.java:187)
[04Mar2026 18:31:24.073] [modloading-worker-0/INFO] [org.berezka.berezka_api.berezka_api_main/]: [Berezka API] Config for berezka_api successfully registered!
[04Mar2026 18:31:24.095] [modloading-worker-0/INFO] [org.berezka.berezka_api.berezka_api_main/]: [Berezka API] Config spec: net.minecraftforge.common.ForgeConfigSpec@6abfc3d9
[04Mar2026 18:31:24.099] [modloading-worker-0/INFO] [org.berezka.berezka_api.berezka_api_main/]: [Berezka API] Config file path: C:\ServerMine\config\BerezkaAPI.toml
[04Mar2026 18:31:24.119] [modloading-worker-0/INFO] [org.berezka.berezka_api.berezka_api_main/]: [Berezka API] config for berezka_api was created in 171ms
[04Mar2026 18:31:24.104] [modloading-worker-0/INFO] [Puzzles Lib/]: Constructing common components for mutantmonsters:main
[04Mar2026 18:31:24.163] [modloading-worker-0/INFO] [Chunk Pregenerator/]: Loading Plugin: [name=JourneyMap]
[04Mar2026 18:31:24.194] [modloading-worker-0/INFO] [org.berezka.berezka_api.Berezka_api/]: [Berezka API] API version 1.2.8.3 was loaded in 283ms
[04Mar2026 18:31:24.628] [modloading-worker-0/INFO] [net.minecraftforge.common.ForgeMod/FORGEMOD]: Forge mod loading, version 47.4.16, for MC 1.20.1 with MCP 20230612.114412
[04Mar2026 18:31:24.643] [modloading-worker-0/INFO] [net.minecraftforge.common.MinecraftForge/FORGE]: MinecraftForge v47.4.16 Initialized
[04Mar2026 18:31:25.278] [modloading-worker-0/INFO] [net.chaoscraft.chaoszprojectbandits.ChaosZProjectBandits/]: Initializing ChaosZProjectBandits Mod...
[04Mar2026 18:31:25.333] [modloading-worker-0/INFO] [net.chaoscraft.chaoszprojectbandits.ChaosZProjectBandits/]: Config file path: C:\ServerMine\config\bandits.json
[04Mar2026 18:31:25.339] [modloading-worker-0/INFO] [net.chaoscraft.chaoszprojectbandits.ChaosZProjectBandits/]: Config file exists, validating
[04Mar2026 18:31:25.378] [modloading-worker-0/INFO] [net.chaoscraft.chaoszprojectbandits.ChaosZProjectBandits/]: Configuration successfully loaded:
[04Mar2026 18:31:25.379] [modloading-worker-0/INFO] [net.chaoscraft.chaoszprojectbandits.ChaosZProjectBandits/]: Mod Enabled: true
[04Mar2026 18:31:25.382] [modloading-worker-0/INFO] [net.chaoscraft.chaoszprojectbandits.ChaosZProjectBandits/]: Min Days: 5
[04Mar2026 18:31:25.384] [modloading-worker-0/INFO] [net.chaoscraft.chaoszprojectbandits.ChaosZProjectBandits/]: Max Days: 15
[04Mar2026 18:31:25.387] [modloading-worker-0/INFO] [net.chaoscraft.chaoszprojectbandits.ChaosZProjectBandits/]: Min Bandits: 5
[04Mar2026 18:31:25.388] [modloading-worker-0/INFO] [net.chaoscraft.chaoszprojectbandits.ChaosZProjectBandits/]: Max Bandits: 10
[04Mar2026 18:31:25.391] [modloading-worker-0/INFO] [net.chaoscraft.chaoszprojectbandits.ChaosZProjectBandits/]: Min Distance: 64
[04Mar2026 18:31:25.392] [modloading-worker-0/INFO] [net.chaoscraft.chaoszprojectbandits.ChaosZProjectBandits/]: Max Distance: 96
[04Mar2026 18:31:25.407] [modloading-worker-0/INFO] [dynamiclights/]: [Dynamic Lights] Registering server started event ...
[04Mar2026 18:31:25.441] [modloading-worker-0/INFO] [Puzzles Lib/]: Constructing common components for puzzleslib:main
[04Mar2026 18:31:25.478] [modloading-worker-0/INFO] [insane96mcp.insanelib.InsaneLib/]: Found (COMMON) InsaneLib Feature class insane96mcp.insanelib.module.base.FixesFeature
[04Mar2026 18:31:25.507] [modloading-worker-0/INFO] [insane96mcp.insanelib.InsaneLib/]: Found (COMMON) InsaneLib Feature class insane96mcp.insanelib.module.base.TagsFeature
[04Mar2026 18:31:25.566] [modloading-worker-0/INFO] [insane96mcp.insanelib.InsaneLib/]: Found (COMMON) InsaneLib Feature class insane96mcp.insanelib.module.base.TimeStopNoPlayerOnline
[04Mar2026 18:31:25.603] [modloading-worker-0/INFO] [com.epherical.epherolib.config.CommonConfig/]: Creating default config file: croptopia_v3.conf
[04Mar2026 18:31:25.614] [modloading-worker-0/INFO] [insane96mcp.insanelib.InsaneLib/]: Found (COMMON) InsaneLib Feature class insane96mcp.insanelib.module.base.betterfallingblocks.BetterFallingBlocks
[04Mar2026 18:31:25.684] [modloading-worker-0/INFO] [Bookshelf/]: Fixing MC-151457. Crafting remainder for minecraft:pufferfish_bucket is now minecraft:bucket.
[04Mar2026 18:31:25.707] [modloading-worker-0/INFO] [info.u_team.u_team_core.util.verify.JarSignVerifier/]: Mod uteamcore is signed with a valid certificate.
[04Mar2026 18:31:25.712] [modloading-worker-0/INFO] [Bookshelf/]: Fixing MC-151457. Crafting remainder for minecraft:salmon_bucket is now minecraft:bucket.
[04Mar2026 18:31:25.727] [modloading-worker-0/INFO] [Bookshelf/]: Fixing MC-151457. Crafting remainder for minecraft:cod_bucket is now minecraft:bucket.
[04Mar2026 18:31:25.712] [modloading-worker-0/INFO] [Railways/]: Steam 'n' Rails v1.6.15-beta initializing! Commit hash: db9de80c47c850758a8a246500389e7893c35953 on Create version: 6.0.8 on platform: Forge
[04Mar2026 18:31:25.737] [modloading-worker-0/INFO] [Bookshelf/]: Fixing MC-151457. Crafting remainder for minecraft:tropical_fish_bucket is now minecraft:bucket.
[04Mar2026 18:31:25.743] [modloading-worker-0/INFO] [Bookshelf/]: Fixing MC-151457. Crafting remainder for minecraft:axolotl_bucket is now minecraft:bucket.
[04Mar2026 18:31:25.744] [modloading-worker-0/INFO] [Bookshelf/]: Fixing MC-151457. Crafting remainder for minecraft:powder_snow_bucket is now minecraft:bucket.
[04Mar2026 18:31:25.758] [modloading-worker-0/INFO] [Bookshelf/]: Fixing MC-151457. Crafting remainder for minecraft:tadpole_bucket is now minecraft:bucket.
[04Mar2026 18:31:25.837] [modloading-worker-0/INFO] [org.berezka.doomsday_translations.Doomsday_translations/]: [Doomsday Translations] mod loaded on Server.
[04Mar2026 18:31:25.867] [modloading-worker-0/INFO] [de.keksuccino.melody.Melody/]: [MELODY] Disabling Melody since it's loaded server-side.
[04Mar2026 18:31:25.871] [modloading-worker-0/INFO] [de.keksuccino.konkrete.Konkrete/]: [KONKRETE] Successfully initialized!
[04Mar2026 18:31:25.871] [modloading-worker-0/INFO] [de.keksuccino.konkrete.Konkrete/]: [KONKRETE] Server-side libs ready to use!
[04Mar2026 18:31:25.889] [modloading-worker-0/INFO] [daffas_arsenal/]: Registered default gun pack: daffas_arsenal_guns at /addon/daffas
[04Mar2026 18:31:26.107] [modloading-worker-0/INFO] [Collective/]: Loading Collective version 8.13.
[04Mar2026 18:31:26.186] [modloading-worker-0/INFO] [thedarkcolour.kotlinforforge.test.KotlinForForge/]: Kotlin For Forge Enabled!
[04Mar2026 18:31:26.334] [modloading-worker-0/INFO] [JamLib/]: Initializing JamLib on Forge
[04Mar2026 18:31:26.351] [modloading-worker-0/INFO] [dev.architectury.networking.forge.NetworkManagerImpl/]: Registering C2S receiver with id architectury:sync_ids
[04Mar2026 18:31:26.353] [modloading-worker-0/INFO] [dev.architectury.networking.forge.NetworkManagerImpl/]: Registering C2S receiver with id ftblibrary:edit_nbt_response
[04Mar2026 18:31:26.357] [modloading-worker-0/INFO] [dev.architectury.networking.forge.NetworkManagerImpl/]: Registering C2S receiver with id walkietalkie:updatewalkietalkie_c2s
[04Mar2026 18:31:26.359] [modloading-worker-0/INFO] [dev.architectury.networking.forge.NetworkManagerImpl/]: Registering C2S receiver with id walkietalkie:updatespeaker_c2s
[04Mar2026 18:31:26.364] [modloading-worker-0/INFO] [dev.architectury.networking.forge.NetworkManagerImpl/]: Registering C2S receiver with id walkietalkie:activatekeypressed_c2s
[04Mar2026 18:31:26.374] [modloading-worker-0/INFO] [dev.architectury.networking.forge.NetworkManagerImpl/]: Registering C2S receiver with id ftbteams:open_gui
[04Mar2026 18:31:26.377] [modloading-worker-0/INFO] [net.mcreator.setthingsup.SetThingsUpMod/]: Loaded difficulty state: frozen=false, target=26010.0
[04Mar2026 18:31:26.377] [modloading-worker-0/INFO] [dev.architectury.networking.forge.NetworkManagerImpl/]: Registering C2S receiver with id ftbteams:update_settings
[04Mar2026 18:31:26.377] [modloading-worker-0/INFO] [net.mcreator.setthingsup.SetThingsUpMod/]: Set Things Up - Zombie AI with Difficulty System Loaded!
[04Mar2026 18:31:26.378] [modloading-worker-0/INFO] [net.mcreator.setthingsup.SetThingsUpMod/]: Copyright (c) 2024-2026 non stop streaming. All Rights Reserved. Unauthorized use is prohibited.
[04Mar2026 18:31:26.379] [modloading-worker-0/INFO] [dev.architectury.networking.forge.NetworkManagerImpl/]: Registering C2S receiver with id ftbteams:send_message
[04Mar2026 18:31:26.382] [modloading-worker-0/INFO] [dev.architectury.networking.forge.NetworkManagerImpl/]: Registering C2S receiver with id ftbteams:create_party
[04Mar2026 18:31:26.385] [modloading-worker-0/INFO] [com.cupboard.Cupboard/]: Loaded config for: cupboard.json
[04Mar2026 18:31:26.391] [modloading-worker-0/INFO] [dev.architectury.networking.forge.NetworkManagerImpl/]: Registering C2S receiver with id ftbteams:player_gui_operation
[04Mar2026 18:31:26.409] [modloading-worker-0/INFO] [JamLib/]: Updated config file at C:\ServerMine\config\rightclickharvest.json5
[04Mar2026 18:31:26.411] [modloading-worker-0/INFO] [Right Click Harvest/]: Initializing Right Click Harvest on FORGE
[04Mar2026 18:31:26.414] [modloading-worker-0/INFO] [unilib/]: Disabling CraftPresence, as it is client side only.
[04Mar2026 18:31:26.506] [modloading-worker-0/INFO] [fallingtrees | Config/]: Successfully loaded config 'fallingtrees_common'
[04Mar2026 18:31:26.527] [modloading-worker-0/INFO] [fallingtrees | Config/]: Successfully saved config 'fallingtrees_common'
[04Mar2026 18:31:26.594] [modloading-worker-0/INFO] [KubeJS/]: Loaded common.properties
[04Mar2026 18:31:26.599] [modloading-worker-0/INFO] [KubeJS/]: Loaded dev.properties
[04Mar2026 18:31:26.667] [modloading-worker-0/INFO] [com.simibubi.create.Create/]: Create 6.0.8 initializing! Commit hash: 1a1a9a2819b4f89f78caec41b55ed8cb222fa24b
[04Mar2026 18:31:26.669] [modloading-worker-0/INFO] [KubeJS/]: Looking for KubeJS plugins...
[04Mar2026 18:31:26.697] [modloading-worker-0/INFO] [KubeJS/]: Found plugin source kubejs
[04Mar2026 18:31:26.732] [modloading-worker-0/WARN] [KubeJS/]: Plugin dev.latvian.mods.kubejs.forge.BuiltinKubeJSForgeClientPlugin does not load on server side, skipping
[04Mar2026 18:31:26.733] [modloading-worker-0/WARN] [KubeJS/]: Plugin dev.latvian.mods.kubejs.integration.forge.gamestages.GameStagesIntegration does not have required mod gamestages loaded, skipping
[04Mar2026 18:31:26.733] [modloading-worker-0/INFO] [KubeJS/]: Found plugin source createdieselgenerators
[04Mar2026 18:31:26.861] [modloading-worker-0/INFO] [Create Deco/]: Registering items for Create Deco
[04Mar2026 18:31:26.919] [modloading-worker-0/INFO] [KubeJS/]: Found plugin source tacz
[04Mar2026 18:31:26.925] [modloading-worker-0/INFO] [KubeJS/]: Done in 255.6 ms
[04Mar2026 18:31:26.992] [modloading-worker-0/INFO] [Create Deco/]: Registering blocks for Create Deco
[04Mar2026 18:31:27.486] [modloading-worker-0/INFO] [Rhino Script Remapper/]: Loading Rhino Minecraft remapper...
[04Mar2026 18:31:27.491] [modloading-worker-0/INFO] [dev.latvian.mods.rhino.mod.util.RhinoProperties/]: Rhino properties loaded.
[04Mar2026 18:31:27.506] [modloading-worker-0/INFO] [Rhino Script Remapper/]: Loading mappings for 1.20.1
[04Mar2026 18:31:27.646] [modloading-worker-0/ERROR] [mts/]: MTSERROR: Welcome to MTS VERSION: 23.0.0
[04Mar2026 18:31:27.721] [modloading-worker-0/INFO] [Rhino Script Remapper/]: Done in 0,234 s
[04Mar2026 18:31:27.889] [modloading-worker-0/INFO] [YetAnotherConfigLib/]: Deserializing YACLConfig from 'C:\ServerMine\config\yacl.json5'
[04Mar2026 18:31:27.929] [modloading-worker-0/INFO] [org.admany.quantified.core.forge.QuantifiedCoreForge/]: [Quantified] Quantified API starting
[04Mar2026 18:31:27.988] [modloading-worker-0/INFO] [org.admany.quantified.core.forge.QuantifiedCoreForge/]: Loaded flat configuration from C:\ServerMine\config\QuantifiedAPI\quantified_config.json
[04Mar2026 18:31:28.005] [modloading-worker-0/INFO] [org.admany.quantified.core.forge.QuantifiedCoreForge/]: [Quantified] Quantified Core Starting
[04Mar2026 18:31:28.054] [modloading-worker-0/INFO] [org.admany.quantified.core.forge.QuantifiedCoreForge/]: Async scheduler configured with 6 foreground and 2 background threads (16 cores detected)
[04Mar2026 18:31:28.056] [modloading-worker-0/INFO] [org.admany.quantified.core.forge.QuantifiedCoreForge/]: [Quantified] Quantified Async Pool Start
[04Mar2026 18:31:28.177] [modloading-worker-0/INFO] [org.admany.quantified.core.common.cache.disk.DiskCacheManager/]: Initialized disk cache at: C:\ServerMine\config\QuantifiedAPI\cache
[04Mar2026 18:31:28.257] [modloading-worker-0/INFO] [org.admany.quantified.core.forge.QuantifiedCoreForge/]: OpenCL acceleration not available at startup; continuing without GPU acceleration.
[04Mar2026 18:31:28.291] [modloading-worker-0/INFO] [STDOUT/]: [net.vit.jurassicreborn.common.blocks.wood.WoodBlocks:register:167]: REGISTERING WOOD BLOCKS
[04Mar2026 18:31:28.427] [modloading-worker-0/INFO] [org.admany.quantified.core.forge.QuantifiedCoreForge/]: OpenCL core classes not available (expected if core JAR not present): org.admany.quantified.core.common.opencl.OpenCLManager
[04Mar2026 18:31:28.432] [modloading-worker-0/INFO] [org.admany.quantified.core.forge.QuantifiedCoreForge/]: All Quantified API classes successfully initialized.
[04Mar2026 18:31:28.435] [modloading-worker-0/INFO] [org.admany.quantified.core.forge.QuantifiedCoreForge/]: Quantified API initialized successfully.
[04Mar2026 18:31:28.440] [modloading-worker-0/INFO] [org.admany.quantified.core.forge.QuantifiedCoreForge/]: [Quantified] Quantified API has been called out by:
  - [Quantified Frontend] (Version 1.2.1) at 18:31
  - [test-mod] (Version 1.0.0) at 18:31
[04Mar2026 18:31:28.701] [modloading-worker-0/INFO] [KubeJS Startup/]: example.js#5: Hello, World! (Loaded startup scripts)
[04Mar2026 18:31:28.704] [modloading-worker-0/INFO] [KubeJS Startup/]: Loaded script startup_scripts:example.js in 0.075 s
[04Mar2026 18:31:28.709] [modloading-worker-0/INFO] [KubeJS Startup/]: Loaded 1/1 KubeJS startup scripts in 0.984 s with 0 errors and 0 warnings
[04Mar2026 18:31:28.711] [modloading-worker-0/INFO] [Railways/]: Registered bogey styles from railways
[04Mar2026 18:31:28.803] [modloading-worker-0/INFO] [dev.architectury.networking.forge.NetworkManagerImpl/]: Registering C2S receiver with id kubejs:send_data_from_client
[04Mar2026 18:31:28.814] [modloading-worker-0/INFO] [dev.architectury.networking.forge.NetworkManagerImpl/]: Registering C2S receiver with id kubejs:first_click
[04Mar2026 18:31:28.976] [modloading-worker-0/INFO] [Railways/]: Registering data fixers
[04Mar2026 18:31:29.185] [modloading-worker-0/INFO] [ModernFix/]: Bypassed Mojang DFU
[04Mar2026 18:31:29.186] [modloading-worker-0/INFO] [ModernFix/]: Instantiating Mojang DFU
[04Mar2026 18:31:29.507] [modloading-worker-0/ERROR] [mts/]: MTSERROR: Could not do model-based legacy compats on mtsofficialpack:engineamci4.  Lights and treads will likely not be present on this model.
[04Mar2026 18:31:29.509] [modloading-worker-0/ERROR] [mts/]: MTSERROR: For input string: "roller2"
[04Mar2026 18:31:30.102] [modloading-worker-0/INFO] [com.mojang.datafixers.DataFixerBuilder/]: 0 Datafixer optimizations took 1 milliseconds
[04Mar2026 18:31:30.113] [modloading-worker-0/INFO] [Railways/]: Registering tracks for Hex Casting
[04Mar2026 18:31:30.114] [modloading-worker-0/INFO] [Railways/]: Registering tracks for Oh The Biomes You'll Go
[04Mar2026 18:31:30.115] [modloading-worker-0/INFO] [Railways/]: Registering tracks for Blue Skies
[04Mar2026 18:31:30.116] [modloading-worker-0/INFO] [Railways/]: Registering tracks for Twilight Forest
[04Mar2026 18:31:30.117] [modloading-worker-0/INFO] [Railways/]: Registering tracks for Biomes O' Plenty
[04Mar2026 18:31:30.118] [modloading-worker-0/INFO] [Railways/]: Registering tracks for Nature's Spirit
[04Mar2026 18:31:30.119] [modloading-worker-0/INFO] [Railways/]: Registering tracks for Dreams and Desires
[04Mar2026 18:31:30.119] [modloading-worker-0/INFO] [Railways/]: Registering tracks for Quark
[04Mar2026 18:31:30.122] [modloading-worker-0/INFO] [Railways/]: Registering tracks for TerraFirmaCraft
[04Mar2026 18:31:30.352] [modloading-worker-0/INFO] [STDOUT/]: [net.vit.jurassicreborn.common.items.ModItems:register:601]: cultivate/cultivate_bottom_white
[04Mar2026 18:31:30.354] [modloading-worker-0/INFO] [STDOUT/]: [net.vit.jurassicreborn.common.items.ModItems:register:601]: cultivate/cultivate_bottom_orange
[04Mar2026 18:31:30.354] [modloading-worker-0/INFO] [STDOUT/]: [net.vit.jurassicreborn.common.items.ModItems:register:601]: cultivate/cultivate_bottom_magenta
[04Mar2026 18:31:30.354] [modloading-worker-0/INFO] [STDOUT/]: [net.vit.jurassicreborn.common.items.ModItems:register:601]: cultivate/cultivate_bottom_light_blue
[04Mar2026 18:31:30.355] [modloading-worker-0/INFO] [STDOUT/]: [net.vit.jurassicreborn.common.items.ModItems:register:601]: cultivate/cultivate_bottom_yellow
[04Mar2026 18:31:30.355] [modloading-worker-0/INFO] [STDOUT/]: [net.vit.jurassicreborn.common.items.ModItems:register:601]: cultivate/cultivate_bottom_lime
[04Mar2026 18:31:30.355] [modloading-worker-0/INFO] [STDOUT/]: [net.vit.jurassicreborn.common.items.ModItems:register:601]: cultivate/cultivate_bottom_pink
[04Mar2026 18:31:30.355] [modloading-worker-0/INFO] [STDOUT/]: [net.vit.jurassicreborn.common.items.ModItems:register:601]: cultivate/cultivate_bottom_gray
[04Mar2026 18:31:30.356] [modloading-worker-0/INFO] [STDOUT/]: [net.vit.jurassicreborn.common.items.ModItems:register:601]: cultivate/cultivate_bottom_light_gray
[04Mar2026 18:31:30.356] [modloading-worker-0/INFO] [STDOUT/]: [net.vit.jurassicreborn.common.items.ModItems:register:601]: cultivate/cultivate_bottom_cyan
[04Mar2026 18:31:30.356] [modloading-worker-0/INFO] [STDOUT/]: [net.vit.jurassicreborn.common.items.ModItems:register:601]: cultivate/cultivate_bottom_purple
[04Mar2026 18:31:30.356] [modloading-worker-0/INFO] [STDOUT/]: [net.vit.jurassicreborn.common.items.ModItems:register:601]: cultivate/cultivate_bottom_blue
[04Mar2026 18:31:30.356] [modloading-worker-0/INFO] [STDOUT/]: [net.vit.jurassicreborn.common.items.ModItems:register:601]: cultivate/cultivate_bottom_brown
[04Mar2026 18:31:30.357] [modloading-worker-0/INFO] [STDOUT/]: [net.vit.jurassicreborn.common.items.ModItems:register:601]: cultivate/cultivate_bottom_green
[04Mar2026 18:31:30.357] [modloading-worker-0/INFO] [STDOUT/]: [net.vit.jurassicreborn.common.items.ModItems:register:601]: cultivate/cultivate_bottom_red
[04Mar2026 18:31:30.357] [modloading-worker-0/INFO] [STDOUT/]: [net.vit.jurassicreborn.common.items.ModItems:register:601]: cultivate/cultivate_bottom_black
[04Mar2026 18:31:30.407] [modloading-worker-0/INFO] [STDOUT/]: [net.vit.jurassicreborn.JurassicReborn:<init>:133]: ["IDLE", "ATTACKING", "INJURED", "HEAD_COCKING", "CALLING", "HISSING", "POUNCING", "SNIFFING", "VERTICAL", "HORIZONTAL", "EATING", "DRINKING", "MATING", "SLEEPING", "RESTING", "ROARING", "SPEAK", "LOOKING_LEFT", "LOOKING_RIGHT", "BEGGING", "LOOKING_FOR_FISH", "SNAP", "DYING", "SCRATCHING", "SPITTING", "PECKING", "PREENING", "TAIL_DISPLAY", "REARING_UP", "LAYING_EGG", "GIVING_BIRTH", "GESTATED", "BASKING", "TAIL_SWEEP", "GLIDING", "ON_LAND", "WALKING", "JUMPING", "RUNNING", "SWIMMING", "FLYING", "CLIMBING", "WADDLING", "DEATH_ROLL", "PREPARE_LEAP", "LEAP", "LEAP_LAND", "START_CLIMBING", "DILOPHOSAURUS_SPIT", "FISH_LOOKING", "ATTACK_LANDING"]
[04Mar2026 18:31:30.549] [modloading-worker-0/ERROR] [mts/]: MTSERROR: Object shock_rr_selection found with no faces defined at line: 4326 in: /assets/mtsofficialpack/objmodels/vehicles/quad.obj
[04Mar2026 18:31:34.312] [Worker-Main-1/ERROR] [com.ferreusveritas.dynamictrees.api.resource.loading.preparation.JsonRegistryResourceLoader/]: Error whilst loading type "Family" with name "dtru:yellow_bioshroom": [sound] Could not get sound type from "minecraft:cherry_wood".
[04Mar2026 18:31:34.314] [Worker-Main-1/ERROR] [com.ferreusveritas.dynamictrees.api.resource.loading.preparation.JsonRegistryResourceLoader/]: Error whilst loading type "Family" with name "dtru:pink_bioshroom": [sound] Could not get sound type from "minecraft:cherry_wood".
[04Mar2026 18:31:34.315] [Worker-Main-1/ERROR] [com.ferreusveritas.dynamictrees.api.registry.TypedRegistry/]: Error constructing Family 'dtru:palm': Could not find type for 'dtru:diagonal_palm' (will use default).
[04Mar2026 18:31:34.317] [Worker-Main-1/ERROR] [com.ferreusveritas.dynamictrees.api.resource.loading.preparation.JsonRegistryResourceLoader/]: Error whilst loading type "Family" with name "dtru:green_bioshroom": [sound] Could not get sound type from "minecraft:cherry_wood".
[04Mar2026 18:31:34.322] [Worker-Main-1/ERROR] [com.ferreusveritas.dynamictrees.api.resource.loading.preparation.JsonRegistryResourceLoader/]: Error whilst loading type "Family" with name "dtru:blue_bioshroom": [sound] Could not get sound type from "minecraft:cherry_wood".
[04Mar2026 18:31:34.383] [Worker-Main-1/WARN] [com.ferreusveritas.dynamictrees.tree.species.PalmSpecies/]: Family dtcroptopia:dragon_fruit for palm species dtcroptopia:dragon_fruit is not of type class com.ferreusveritas.dynamictrees.tree.family.PalmFamily
[04Mar2026 18:31:34.403] [Worker-Main-1/ERROR] [com.ferreusveritas.dynamictrees.api.registry.TypedRegistry/]: Error constructing Species 'dtru:willow': Could not find type for 'dtru:generates_underwater' (will use default).
[04Mar2026 18:31:34.405] [Worker-Main-1/WARN] [com.ferreusveritas.dynamictrees.tree.species.PalmSpecies/]: Family dtru:palm for palm species dtru:short_palm is not of type class com.ferreusveritas.dynamictrees.tree.family.PalmFamily
[04Mar2026 18:31:34.407] [Worker-Main-1/WARN] [com.ferreusveritas.dynamictrees.tree.species.PalmSpecies/]: Family dtru:palm for palm species dtru:palm is not of type class com.ferreusveritas.dynamictrees.tree.family.PalmFamily
[04Mar2026 18:31:34.408] [Worker-Main-1/ERROR] [com.ferreusveritas.dynamictrees.api.registry.TypedRegistry/]: Error constructing Species 'dtru:oak_poplar': Could not find type for 'dtru:poplar' (will use default).
[04Mar2026 18:31:36.999] [main/WARN] [dev.architectury.registry.registries.forge.RegistrarManagerImpl/]: Registry entry listened Registry Entry [minecraft:entity_type / bloomingnature:termite] was not realized!
[04Mar2026 18:31:36.999] [main/WARN] [dev.architectury.registry.registries.forge.RegistrarManagerImpl/]: Registry entry listened Registry Entry [minecraft:entity_type / bloomingnature:wandering_gardener] was not realized!
[04Mar2026 18:31:37.096] [main/INFO] [Moonlight/]: Initialized block sets in 33ms
[04Mar2026 18:31:37.566] [main/WARN] [dev.architectury.registry.registries.forge.RegistrarManagerImpl/]: Registry entry listened Registry Entry [minecraft:entity_type / bloomingnature:termite] was not realized!
[04Mar2026 18:31:37.566] [main/WARN] [dev.architectury.registry.registries.forge.RegistrarManagerImpl/]: Registry entry listened Registry Entry [minecraft:entity_type / bloomingnature:wandering_gardener] was not realized!
[04Mar2026 18:31:40.150] [main/WARN] [net.minecraftforge.common.ForgeConfigSpec/CORE]: Configuration file C:\ServerMine\config\guardvillagers-common.toml is not correct. Correcting
[04Mar2026 18:31:40.174] [main/INFO] [org.berezka.berezka_api.berezka_api_main/]: [Berezka API] getValue: key: berezka_api:UseFolderPluginSystem is exist?: true, list: {berezka_api:FolderPluginSystemList=net.minecraftforge.common.ForgeConfigSpec$ConfigValue@7f1350c3, berezka_api:DevMode=net.minecraftforge.common.ForgeConfigSpec$BooleanValue@42b88ba1, berezka_api:SpawnLessLoot=net.minecraftforge.common.ForgeConfigSpec$BooleanValue@1091705b, berezka_api:StructuresRarityMultiplier=net.minecraftforge.common.ForgeConfigSpec$ConfigValue@29ed8567, berezka_api:UseFolderPluginSystem=net.minecraftforge.common.ForgeConfigSpec$BooleanValue@4c9d5dd1, berezka_api:DefaultDoExtraChecksValue=net.minecraftforge.common.ForgeConfigSpec$BooleanValue@4a7e2260, berezka_api:MaxSizeOfStructuresCache=net.minecraftforge.common.ForgeConfigSpec$LongValue@517680dc, berezka_api:LifeTimeOfStricturesCacheEntry=net.minecraftforge.common.ForgeConfigSpec$LongValue@14f5e128, berezka_api:DebugMode=net.minecraftforge.common.ForgeConfigSpec$BooleanValue@32a055b2}
[04Mar2026 18:31:40.175] [main/INFO] [org.berezka.berezka_api.berezka_api_main/]: [Berezka API] getValue: key: berezka_api:DebugMode is exist?: true, list: {berezka_api:FolderPluginSystemList=net.minecraftforge.common.ForgeConfigSpec$ConfigValue@7f1350c3, berezka_api:DevMode=net.minecraftforge.common.ForgeConfigSpec$BooleanValue@42b88ba1, berezka_api:SpawnLessLoot=net.minecraftforge.common.ForgeConfigSpec$BooleanValue@1091705b, berezka_api:StructuresRarityMultiplier=net.minecraftforge.common.ForgeConfigSpec$ConfigValue@29ed8567, berezka_api:UseFolderPluginSystem=net.minecraftforge.common.ForgeConfigSpec$BooleanValue@4c9d5dd1, berezka_api:DefaultDoExtraChecksValue=net.minecraftforge.common.ForgeConfigSpec$BooleanValue@4a7e2260, berezka_api:MaxSizeOfStructuresCache=net.minecraftforge.common.ForgeConfigSpec$LongValue@517680dc, berezka_api:LifeTimeOfStricturesCacheEntry=net.minecraftforge.common.ForgeConfigSpec$LongValue@14f5e128, berezka_api:DebugMode=net.minecraftforge.common.ForgeConfigSpec$BooleanValue@32a055b2}
[04Mar2026 18:31:40.175] [main/INFO] [org.berezka.berezka_api.Berezka_api/]: [Berezka API] Berezka API is loaded
[04Mar2026 18:31:40.179] [main/INFO] [Puzzles Lib/]: Loading common config for mutantmonsters
[04Mar2026 18:31:40.193] [main/INFO] [STDOUT/]: [com.mactso.regrowth.config.WallBiomeDataManager:wallBiomeDataInit:73]: failed to get wallblocks this time- too early
[04Mar2026 18:31:40.347] [main/WARN] [net.minecraftforge.common.ForgeConfigSpec/CORE]: Configuration file C:\ServerMine\config\legendarysurvivaloverhaul\legendarysurvivaloverhaul-common.toml is not correct. Correcting
[04Mar2026 18:31:40.347] [main/WARN] [net.minecraftforge.common.ForgeConfigSpec/CORE]: Incorrect key temperature.wetness.Wetness Immunity Mounts was corrected from [alexscaves:submarine, immersive_machinery:bamboo_bee, immersive_machinery:tunnel_digger, immersive_machinery:redstone_sheep, immersive_machinery:copperfin] to its default, [alexscaves:submarine, immersive_machinery:bamboo_bee, immersive_machinery:tunnel_digger, immersive_machinery:redstone_sheep, immersive_machinery:copperfin]. 
[04Mar2026 18:31:40.582] [modloading-worker-0/INFO] [com.vinlanx.gunfireoverhaul.GunfireOverhaul/]: Gunfire Overhaul common setup complete.
[04Mar2026 18:31:40.583] [modloading-worker-0/INFO] [com.forgivingworld.ForgivingWorldMod/]: forgivingworld mod initialized
[04Mar2026 18:31:40.597] [modloading-worker-0/INFO] [voicechat/]: [voicechat] Compatibility version 20
[04Mar2026 18:31:40.602] [modloading-worker-0/INFO] [me.steinborn.krypton.mod.shared.Krypton/]: Compression will use Java, encryption will use Java
[04Mar2026 18:31:40.605] [modloading-worker-0/INFO] [net.chaoscraft.chaoszprojectbandits.ChaosZProjectBandits/]: Performing common setup tasks...
[04Mar2026 18:31:40.605] [modloading-worker-0/INFO] [STDOUT/]: [com.mactso.regrowth.Main:preInit:35]: Regrowth : Registering Handler
[04Mar2026 18:31:40.609] [Immersive Engineering Contributors Thread/INFO] [immersiveengineering/]: Attempting to download special revolvers from GitHub
[04Mar2026 18:31:40.611] [modloading-worker-0/INFO] [incontrol/]: Enabling support for Serene Seasons
[04Mar2026 18:31:40.611] [modloading-worker-0/INFO] [dynamiclights/]: [Dynamic Lights] MidnightLib detected!
[04Mar2026 18:31:40.617] [modloading-worker-0/INFO] [dynamiclights/]: [Dynamic Lights] Loaded Dynamic Lights by Tschipcraft successfully!
[04Mar2026 18:31:40.655] [modloading-worker-0/INFO] [blueduck.dustrial.dustrialdecor.DustrialDecorMod/]: HELLO FROM PREINIT
[04Mar2026 18:31:40.663] [modloading-worker-0/INFO] [mekanism.common.Mekanism/]: Version 10.4.16 initializing...
[04Mar2026 18:31:40.669] [modloading-worker-0/INFO] [mekanism.common.Mekanism/]: Loaded 'Mekanism: Tools' module.
[04Mar2026 18:31:40.674] [Worker-Main-1/ERROR] [com.ferreusveritas.dynamictrees.api.resource.loading.preparation.JsonRegistryResourceLoader/]: Error whilst loading type "SoilProperties" with name "dtsoilscompat:vertisol_immersive": [primitive_soil] Could not find block for registry name 'immersive_weathering:vertisol'.
[04Mar2026 18:31:40.674] [Worker-Main-1/ERROR] [com.ferreusveritas.dynamictrees.api.resource.loading.preparation.JsonRegistryResourceLoader/]: Error whilst loading type "SoilProperties" with name "dtsoilscompat:humus_immersive": [primitive_soil] Could not find block for registry name 'immersive_weathering:humus'.
[04Mar2026 18:31:40.674] [Worker-Main-1/ERROR] [com.ferreusveritas.dynamictrees.api.resource.loading.preparation.JsonRegistryResourceLoader/]: Error whilst loading type "SoilProperties" with name "dtsoilscompat:fluvisol_immersive": [primitive_soil] Could not find block for registry name 'immersive_weathering:fluvisol'.
[04Mar2026 18:31:40.675] [Worker-Main-1/ERROR] [com.ferreusveritas.dynamictrees.api.resource.loading.preparation.JsonRegistryResourceLoader/]: Error whilst loading type "SoilProperties" with name "dtsoilscompat:cryosol_immersive": [primitive_soil] Could not find block for registry name 'immersive_weathering:cryosol'.
[04Mar2026 18:31:40.678] [modloading-worker-0/INFO] [mekanism.common.Mekanism/]: Loaded 'Mekanism: Generators' module.
[04Mar2026 18:31:40.687] [modloading-worker-0/INFO] [voicechat/]: [voicechat] Loading plugins
[04Mar2026 18:31:40.702] [Worker-Main-2/ERROR] [com.ferreusveritas.dynamictrees.api.resource.loading.preparation.JsonRegistryResourceLoader/]: Error whilst loading type "SoilProperties" with name "dtsoilscompat:vertisol_immersive": [primitive_soil] Could not find block for registry name 'immersive_weathering:vertisol'.
[04Mar2026 18:31:40.703] [Worker-Main-1/ERROR] [com.ferreusveritas.dynamictrees.api.resource.loading.preparation.JsonRegistryResourceLoader/]: Error whilst loading type "Family" with name "dtru:ashen": [primitive_stripped_log] Could not find block for registry name 'regions_unexplored:stripped_ashen_log'.
[04Mar2026 18:31:40.703] [Worker-Main-2/ERROR] [com.ferreusveritas.dynamictrees.api.resource.loading.preparation.JsonRegistryResourceLoader/]: Error whilst loading type "SoilProperties" with name "dtsoilscompat:humus_immersive": [primitive_soil] Could not find block for registry name 'immersive_weathering:humus'.
[04Mar2026 18:31:40.703] [Worker-Main-2/ERROR] [com.ferreusveritas.dynamictrees.api.resource.loading.preparation.JsonRegistryResourceLoader/]: Error whilst loading type "SoilProperties" with name "dtsoilscompat:fluvisol_immersive": [primitive_soil] Could not find block for registry name 'immersive_weathering:fluvisol'.
[04Mar2026 18:31:40.703] [modloading-worker-0/INFO] [voicechat/]: [voicechat] Loaded 1 plugin(s)
[04Mar2026 18:31:40.703] [modloading-worker-0/INFO] [voicechat/]: [voicechat] Initializing plugins
[04Mar2026 18:31:40.703] [Worker-Main-2/ERROR] [com.ferreusveritas.dynamictrees.api.resource.loading.preparation.JsonRegistryResourceLoader/]: Error whilst loading type "SoilProperties" with name "dtsoilscompat:cryosol_immersive": [primitive_soil] Could not find block for registry name 'immersive_weathering:cryosol'.
[04Mar2026 18:31:40.712] [modloading-worker-0/INFO] [CorgiLib/]: Initializing network...
[04Mar2026 18:31:40.714] [modloading-worker-0/INFO] [voicechat/]: [voicechat] Initialized 1 plugin(s)
[04Mar2026 18:31:40.716] [modloading-worker-0/INFO] [voicechat/]: [voicechat] Registering events for 'walkietalkie'
[04Mar2026 18:31:40.714] [modloading-worker-0/ERROR] [patchouli/]: Failed to load book max_armory:manual_for_max_armory defined by mod max_armory, skipping
java.lang.IllegalArgumentException: Book max_armory:manual_for_max_armory has use_resource_pack set to false. This behaviour was removed in 1.20. The book author should enable this flag and move all book contents clientside to /assets/, leaving the book.json in /data/. See https://vazkiimods.github.io/Patchouli/docs/upgrading/upgrade-guide-120 for details.
	at vazkii.patchouli.common.book.Book.<init>(Book.java:145) ~[Patchouli-1.20.1-84.1-FORGE.jar%23508!/:1.20.1-84.1-FORGE]
	at vazkii.patchouli.common.book.BookRegistry.loadBook(BookRegistry.java:90) ~[Patchouli-1.20.1-84.1-FORGE.jar%23508!/:1.20.1-84.1-FORGE]
	at vazkii.patchouli.common.book.BookRegistry.lambda$init$3(BookRegistry.java:75) ~[Patchouli-1.20.1-84.1-FORGE.jar%23508!/:1.20.1-84.1-FORGE]
	at java.util.HashMap.forEach(HashMap.java:1430) ~[?:?]
	at vazkii.patchouli.common.book.BookRegistry.init(BookRegistry.java:70) ~[Patchouli-1.20.1-84.1-FORGE.jar%23508!/:1.20.1-84.1-FORGE]
	at vazkii.patchouli.forge.common.ForgeModInitializer.onInitialize(ForgeModInitializer.java:76) ~[Patchouli-1.20.1-84.1-FORGE.jar%23508!/:1.20.1-84.1-FORGE]
	at vazkii.patchouli.forge.common.__ForgeModInitializer_onInitialize_FMLCommonSetupEvent.invoke(.dynamic) ~[Patchouli-1.20.1-84.1-FORGE.jar%23508!/:1.20.1-84.1-FORGE]
	at net.minecraftforge.eventbus.ASMEventHandler.invoke(ASMEventHandler.java:55) ~[eventbus-6.2.33.jar%2352!/:?]
	at net.minecraftforge.eventbus.EventBus.post(EventBus.java:312) ~[eventbus-6.2.33.jar%2352!/:?]
	at net.minecraftforge.eventbus.EventBus.post(EventBus.java:298) ~[eventbus-6.2.33.jar%2352!/:?]
	at net.minecraftforge.fml.javafmlmod.FMLModContainer.acceptEvent(FMLModContainer.java:121) ~[javafmllanguage-1.20.1-47.4.16.jar%23583!/:?]
	at net.minecraftforge.fml.ModContainer.lambda$buildTransitionHandler$5(ModContainer.java:127) ~[fmlcore-1.20.1-47.4.16.jar%23582!/:?]
	at java.util.concurrent.CompletableFuture$AsyncRun.run(CompletableFuture.java:1825) ~[?:?]
	at java.util.concurrent.CompletableFuture$AsyncRun.exec(CompletableFuture.java:1817) ~[?:?]
	at java.util.concurrent.ForkJoinTask.doExec(ForkJoinTask.java:511) ~[?:?]
	at java.util.concurrent.ForkJoinPool$WorkQueue.topLevelExec(ForkJoinPool.java:1450) ~[?:?]
	at java.util.concurrent.ForkJoinPool.runWorker(ForkJoinPool.java:2019) ~[?:?]
	at java.util.concurrent.ForkJoinWorkerThread.run(ForkJoinWorkerThread.java:187) ~[?:?]
[04Mar2026 18:31:40.717] [modloading-worker-0/INFO] [CorgiLib/]: Initialized network!
[04Mar2026 18:31:40.722] [Worker-Main-2/ERROR] [com.ferreusveritas.dynamictrees.api.resource.loading.preparation.JsonRegistryResourceLoader/]: Error whilst loading type "Family" with name "dtru:ashen": [primitive_stripped_log] Could not find block for registry name 'regions_unexplored:stripped_ashen_log'.
[04Mar2026 18:31:40.730] [Forge Version Check/INFO] [net.minecraftforge.fml.VersionChecker/]: [guardvillagers] Starting version check at https://raw.githubusercontent.com/seymourimadeit/guardvillagers/master/update.json
[04Mar2026 18:31:40.748] [modloading-worker-0/INFO] [com.atsuishio.superbwarfare.Mod/]: This Mod used to be made by MCreator!
[04Mar2026 18:31:40.753] [modloading-worker-0/ERROR] [improvedmobs/]: No items with following names exist: [marbledsarsenal:black_juggernaut_armor_boots, marbledsarsenal:desert_military_armor_boots, marbledsarsenal:hazmat_armor_boots, marbledsarsenal:olive_juggernaut_armor_boots, marbledsarsenal:riot_armor_boots, marbledsarsenal:swat_armor_boots, marbledsarsenal:winter_military_armor_boots, marbledsarsenal:black_juggernaut_armor_leggings, marbledsarsenal:desert_military_armor_leggings, marbledsarsenal:hazmat_armor_leggings, marbledsarsenal:olive_juggernaut_armor_leggings, marbledsarsenal:riot_armor_leggings, marbledsarsenal:swat_armor_leggings, marbledsarsenal:winter_military_armor_leggings, marbledsarsenal:black_juggernaut_armor_chestplate, marbledsarsenal:black_plate_carrier_t1, marbledsarsenal:black_plate_carrier_t2, marbledsarsenal:black_plate_carrier_t3, marbledsarsenal:desert_military_armor_chestplate, marbledsarsenal:hazmat_armor_chestplate, marbledsarsenal:olive_juggernaut_armor_chestplate, marbledsarsenal:olive_plate_carrier_t1, marbledsarsenal:olive_plate_carrier_t2, marbledsarsenal:olive_plate_carrier_t3, marbledsarsenal:riot_armor_chestplate, marbledsarsenal:swat_armor_chestplate, marbledsarsenal:winter_military_armor_chestplate, marbledsarsenal:black_gp5_gas_mask, marbledsarsenal:black_juggernaut_armor_helmet, marbledsarsenal:black_military_beret, marbledsarsenal:cm6m_gas_mask, marbledsarsenal:cm7m_gas_mask, marbledsarsenal:cm8m_gas_mask, marbledsarsenal:combat_helmet, marbledsarsenal:desert_military_armor_helmet, marbledsarsenal:hazmat_armor_helmet, marbledsarsenal:helmet_cm6m_gas_mask, marbledsarsenal:helmet_cm7m_gas_mask, marbledsarsenal:helmet_cm8m_gas_mask, marbledsarsenal:medical_combat_helmet, marbledsarsenal:medical_helmet_cm6m_gas_mask, marbledsarsenal:medical_helmet_cm7m_gas_mask, marbledsarsenal:medical_helmet_cm8m_gas_mask, marbledsarsenal:medical_olive_combat_helmet, marbledsarsenal:medical_olive_helmet_cm6m_gas_mask, marbledsarsenal:medical_olive_helmet_cm7m_gas_mask, marbledsarsenal:medical_olive_helmet_cm8m_gas_mask, marbledsarsenal:medical_un_combat_helmet, marbledsarsenal:medical_un_helmet_cm6m_gas_mask, marbledsarsenal:medical_un_helmet_cm7m_gas_mask, marbledsarsenal:medical_un_helmet_cm8m_gas_mask, marbledsarsenal:olive_combat_helmet, marbledsarsenal:olive_helmet_cm6m_gas_mask, marbledsarsenal:olive_helmet_cm7m_gas_mask, marbledsarsenal:olive_helmet_cm8m_gas_mask, marbledsarsenal:olive_juggernaut_armor_helmet, marbledsarsenal:red_military_beret, marbledsarsenal:riot_armor_helmet, marbledsarsenal:swat_armor_helmet, marbledsarsenal:un_combat_helmet, marbledsarsenal:un_helmet_cm6m_gas_mask, marbledsarsenal:un_helmet_cm7m_gas_mask, marbledsarsenal:un_helmet_cm8m_gas_mask, marbledsarsenal:un_military_beret, marbledsarsenal:white_gp5_gas_mask, marbledsarsenal:winter_military_armor_helmet]
[04Mar2026 18:31:40.761] [modloading-worker-0/INFO] [mekanism.common.Mekanism/]: Fake player readout: UUID = 46e82cd0-d480-3d48-800a-77431ede078e, name = [Mekanism]
[04Mar2026 18:31:40.761] [modloading-worker-0/INFO] [mekanism.common.Mekanism/]: Mod loaded.
[04Mar2026 18:31:40.876] [Forge Version Check/INFO] [net.minecraftforge.fml.VersionChecker/]: [guardvillagers] Found status: BETA Current: 1.20.1-1.6.15 Target: 1.20-1.6.5
[04Mar2026 18:31:40.876] [Forge Version Check/INFO] [net.minecraftforge.fml.VersionChecker/]: [hordes] Starting version check at https://raw.githubusercontent.com/SmileycorpMC/The-Hordes/1.20/update.json
[04Mar2026 18:31:40.889] [Forge Version Check/INFO] [net.minecraftforge.fml.VersionChecker/]: [hordes] Found status: UP_TO_DATE Current: 1.5.4c Target: null
[04Mar2026 18:31:40.889] [Forge Version Check/INFO] [net.minecraftforge.fml.VersionChecker/]: [minetraps] Starting version check at https://raw.githubusercontent.com/XxRexRaptorxX/Update-Checker/main/MineTraps.json
[04Mar2026 18:31:40.901] [Forge Version Check/INFO] [net.minecraftforge.fml.VersionChecker/]: [minetraps] Found status: UP_TO_DATE Current: 2.3.0a Target: null
[04Mar2026 18:31:40.902] [Forge Version Check/INFO] [net.minecraftforge.fml.VersionChecker/]: [corpse] Starting version check at https://update.maxhenkel.de/forge/corpse
[04Mar2026 18:31:41.086] [main/INFO] [Framework/SYNCED_ENTITY_DATA]: Registered synced data key refurbished_furniture:lock_yaw for refurbished_furniture:seat
[04Mar2026 18:31:41.112] [Forge Version Check/INFO] [net.minecraftforge.fml.VersionChecker/]: [corpse] Found status: AHEAD Current: 1.20.1-1.0.23 Target: null
[04Mar2026 18:31:41.112] [Forge Version Check/INFO] [net.minecraftforge.fml.VersionChecker/]: [gml] Starting version check at https://maven.moddinginquisition.org/releases/org/groovymc/gml/gml/forge-promotions.json
[04Mar2026 18:31:41.118] [main/INFO] [tacz/SYNCED_ENTITY_DATA_TAC_COPY]: Registered synced data key tacz:shoot_cool_down for minecraft:living_entity
[04Mar2026 18:31:41.119] [main/INFO] [tacz/SYNCED_ENTITY_DATA_TAC_COPY]: Registered synced data key tacz:melee_cool_down for minecraft:living_entity
[04Mar2026 18:31:41.119] [main/INFO] [tacz/SYNCED_ENTITY_DATA_TAC_COPY]: Registered synced data key tacz:reload_state for minecraft:living_entity
[04Mar2026 18:31:41.119] [main/INFO] [tacz/SYNCED_ENTITY_DATA_TAC_COPY]: Registered synced data key tacz:aiming_progress for minecraft:living_entity
[04Mar2026 18:31:41.119] [main/INFO] [tacz/SYNCED_ENTITY_DATA_TAC_COPY]: Registered synced data key tacz:draw_cool_down for minecraft:living_entity
[04Mar2026 18:31:41.119] [main/INFO] [tacz/SYNCED_ENTITY_DATA_TAC_COPY]: Registered synced data key tacz:is_aiming for minecraft:living_entity
[04Mar2026 18:31:41.119] [main/INFO] [tacz/SYNCED_ENTITY_DATA_TAC_COPY]: Registered synced data key tacz:sprint_time for minecraft:living_entity
[04Mar2026 18:31:41.119] [main/INFO] [tacz/SYNCED_ENTITY_DATA_TAC_COPY]: Registered synced data key tacz:is_bolting for minecraft:living_entity
[04Mar2026 18:31:41.119] [main/INFO] [tacz/SYNCED_ENTITY_DATA_TAC_COPY]: Registered synced data key tacz:throwable_using for minecraft:living_entity
[04Mar2026 18:31:41.232] [main/INFO] [Moonlight/]: Initialized color sets in 76ms
[04Mar2026 18:31:41.240] [main/INFO] [terrablender/]: Registered region minecraft:overworld to index 0 for type OVERWORLD
[04Mar2026 18:31:41.240] [main/INFO] [terrablender/]: Registered region minecraft:nether to index 0 for type NETHER
[04Mar2026 18:31:41.240] [main/INFO] [terrablender/]: Registered region regions_unexplored:primary to index 1 for type OVERWORLD
[04Mar2026 18:31:41.240] [main/INFO] [terrablender/]: Registered region regions_unexplored:secondary to index 2 for type OVERWORLD
[04Mar2026 18:31:41.240] [main/INFO] [terrablender/]: Registered region regions_unexplored:nether to index 1 for type NETHER
[04Mar2026 18:31:41.265] [Forge Version Check/INFO] [net.minecraftforge.fml.VersionChecker/]: [gml] Found status: BETA Current: 4.0.11 Target: null
[04Mar2026 18:31:41.265] [Forge Version Check/INFO] [net.minecraftforge.fml.VersionChecker/]: [mcwtrpdoors] Starting version check at https://raw.githubusercontent.com/sketchmacaw/macawsmods/master/trapdoors.json
[04Mar2026 18:31:41.278] [Forge Version Check/INFO] [net.minecraftforge.fml.VersionChecker/]: [mcwtrpdoors] Found status: UP_TO_DATE Current: 1.1.5 Target: null
[04Mar2026 18:31:41.278] [Forge Version Check/INFO] [net.minecraftforge.fml.VersionChecker/]: [searchables] Starting version check at https://updates.blamejared.com/get?n=searchables&gv=1.20.1
[04Mar2026 18:31:41.459] [Forge Version Check/INFO] [net.minecraftforge.fml.VersionChecker/]: [searchables] Found status: BETA Current: 1.0.3 Target: 1.0.3
[04Mar2026 18:31:41.459] [Forge Version Check/INFO] [net.minecraftforge.fml.VersionChecker/]: [atlaslib] Starting version check at https://raw.githubusercontent.com/SmileycorpMC/Atlas-Lib/1.20/update.json
[04Mar2026 18:31:41.471] [Forge Version Check/INFO] [net.minecraftforge.fml.VersionChecker/]: [atlaslib] Found status: UP_TO_DATE Current: 1.1.12 Target: null
[04Mar2026 18:31:41.472] [Forge Version Check/INFO] [net.minecraftforge.fml.VersionChecker/]: [cfm] Starting version check at https://mrcrayfish.com/modupdatejson?id=cfm
[04Mar2026 18:31:41.627] [Forge Version Check/WARN] [net.minecraftforge.fml.VersionChecker/]: Failed to process update information
com.google.gson.JsonSyntaxException: java.lang.IllegalStateException: Expected BEGIN_OBJECT but was STRING at line 1 column 1 path $
	at com.google.gson.Gson.fromJson(Gson.java:1226) ~[gson-2.10.jar%2372!/:?]
	at com.google.gson.Gson.fromJson(Gson.java:1124) ~[gson-2.10.jar%2372!/:?]
	at com.google.gson.Gson.fromJson(Gson.java:1034) ~[gson-2.10.jar%2372!/:?]
	at com.google.gson.Gson.fromJson(Gson.java:969) ~[gson-2.10.jar%2372!/:?]
	at net.minecraftforge.fml.VersionChecker$1.process(VersionChecker.java:186) ~[fmlcore-1.20.1-47.4.16.jar%23582!/:?]
	at java.lang.Iterable.forEach(Iterable.java:75) ~[?:?]
	at net.minecraftforge.fml.VersionChecker$1.run(VersionChecker.java:117) ~[fmlcore-1.20.1-47.4.16.jar%23582!/:?]
Caused by: java.lang.IllegalStateException: Expected BEGIN_OBJECT but was STRING at line 1 column 1 path $
	at com.google.gson.stream.JsonReader.beginObject(JsonReader.java:393) ~[gson-2.10.jar%2372!/:?]
	at com.google.gson.internal.bind.MapTypeAdapterFactory$Adapter.read(MapTypeAdapterFactory.java:182) ~[gson-2.10.jar%2372!/:?]
	at com.google.gson.internal.bind.MapTypeAdapterFactory$Adapter.read(MapTypeAdapterFactory.java:144) ~[gson-2.10.jar%2372!/:?]
	at com.google.gson.Gson.fromJson(Gson.java:1214) ~[gson-2.10.jar%2372!/:?]
	... 6 more
[04Mar2026 18:31:41.627] [Forge Version Check/INFO] [net.minecraftforge.fml.VersionChecker/]: [unilib] Starting version check at https://raw.githubusercontent.com/CDAGaming/VersionLibrary/master/UniLib/update.json
[04Mar2026 18:31:41.641] [Forge Version Check/INFO] [net.minecraftforge.fml.VersionChecker/]: [unilib] Found status: AHEAD Current: 1.2.0 Target: null
[04Mar2026 18:31:41.641] [Forge Version Check/INFO] [net.minecraftforge.fml.VersionChecker/]: [strayed_fates_forsaken] Starting version check at https://api.modrinth.com/updates/3GGOgUqD/forge_updates.json
[04Mar2026 18:31:41.761] [modloading-worker-0/INFO] [Jade/]: Start loading plugin at de.maxhenkel.corpse.integration.waila.PluginCorpse
[04Mar2026 18:31:41.765] [modloading-worker-0/INFO] [Jade/]: Start loading plugin at com.alekiponi.alekiships.compat.waila.JadeIntegration
[04Mar2026 18:31:41.767] [modloading-worker-0/INFO] [Jade/]: Start loading plugin at com.ferreusveritas.dynamictrees.compat.waila.WailaCompat
[04Mar2026 18:31:41.769] [modloading-worker-0/INFO] [Jade/]: Start loading plugin at blusunrize.immersiveengineering.common.util.compat.jade.IEWailaPlugin
[04Mar2026 18:31:41.771] [modloading-worker-0/INFO] [Jade/]: Start loading plugin at net.geforcemods.securitycraft.compat.hudmods.JadeDataProvider
[04Mar2026 18:31:41.773] [modloading-worker-0/INFO] [Jade/]: Start loading plugin at com.atsuishio.superbwarfare.compat.jade.SbwJadePlugin
[04Mar2026 18:31:41.774] [modloading-worker-0/INFO] [Jade/]: Start loading plugin at mekanism.common.integration.lookingat.jade.MekanismJadePlugin
[04Mar2026 18:31:41.777] [modloading-worker-0/INFO] [Jade/]: Start loading plugin at snownee.jade.addon.vanilla.VanillaPlugin
[04Mar2026 18:31:41.789] [modloading-worker-0/INFO] [Jade/]: Start loading plugin at snownee.jade.addon.universal.UniversalPlugin
[04Mar2026 18:31:41.793] [modloading-worker-0/ERROR] [ihh.propertymodifier.Logger/]: Could not find rarity  mentioned in entry "test" = 
[04Mar2026 18:31:41.794] [modloading-worker-0/INFO] [Jade/]: Start loading plugin at snownee.jade.addon.core.CorePlugin
[04Mar2026 18:31:41.838] [modloading-worker-0/ERROR] [ihh.propertymodifier.Logger/]: Could not find rarity  mentioned in entry "test" = 
[04Mar2026 18:31:41.866] [Forge Version Check/INFO] [net.minecraftforge.fml.VersionChecker/]: [strayed_fates_forsaken] Found status: UP_TO_DATE Current: 1.1.3.2 Target: null
[04Mar2026 18:31:41.866] [Forge Version Check/INFO] [net.minecraftforge.fml.VersionChecker/]: [dynamictrees] Starting version check at https://github.com/DynamicTreesTeam/DynamicTreesVersionInfo/blob/master/DynamicTrees.json?raw=true
[04Mar2026 18:31:41.889] [main/INFO] [citadel/]: adding citadel surface rules via terrablender...
[04Mar2026 18:31:41.890] [main/INFO] [citadel/]: Added 0 vanilla biome surface rule types via terrablender
[04Mar2026 18:31:41.890] [main/INFO] [citadel/]: Added 0 modded biome surface rule types via terrablender
[04Mar2026 18:31:42.093] [Forge Version Check/INFO] [net.minecraftforge.fml.VersionChecker/]: [dynamictrees] Found status: BETA Current: 1.20.1-1.4.10 Target: null
[04Mar2026 18:31:42.094] [Forge Version Check/INFO] [net.minecraftforge.fml.VersionChecker/]: [dynamictreesplus] Starting version check at https://github.com/DynamicTreesTeam/DynamicTreesVersionInfo/blob/master/DynamicTreesPlus.json?raw=true
[04Mar2026 18:31:42.206] [Forge Version Check/INFO] [net.minecraftforge.fml.VersionChecker/]: [dynamictreesplus] Found status: BETA Current: 1.20.1-1.2.2 Target: null
[04Mar2026 18:31:42.206] [Forge Version Check/INFO] [net.minecraftforge.fml.VersionChecker/]: [mutantmonsters] Starting version check at https://raw.githubusercontent.com/Fuzss/modresources/main/update/mutantmonsters.json
[04Mar2026 18:31:42.219] [Forge Version Check/INFO] [net.minecraftforge.fml.VersionChecker/]: [mutantmonsters] Found status: UP_TO_DATE Current: 8.0.8 Target: null
[04Mar2026 18:31:42.219] [Forge Version Check/INFO] [net.minecraftforge.fml.VersionChecker/]: [crafttweaker] Starting version check at https://updates.blamejared.com/get?n=crafttweaker&gv=1.20.1
[04Mar2026 18:31:42.272] [Forge Version Check/INFO] [net.minecraftforge.fml.VersionChecker/]: [crafttweaker] Found status: BETA Current: 14.0.59 Target: 14.0.59
[04Mar2026 18:31:42.272] [Forge Version Check/INFO] [net.minecraftforge.fml.VersionChecker/]: [puzzlesaccessapi] Starting version check at https://raw.githubusercontent.com/Fuzss/modresources/main/update/puzzlesaccessapi.json
[04Mar2026 18:31:42.284] [Forge Version Check/INFO] [net.minecraftforge.fml.VersionChecker/]: [puzzlesaccessapi] Found status: BETA Current: 20.1.1 Target: null
[04Mar2026 18:31:42.285] [Forge Version Check/INFO] [net.minecraftforge.fml.VersionChecker/]: [forge] Starting version check at https://files.minecraftforge.net/net/minecraftforge/forge/promotions_slim.json
[04Mar2026 18:31:42.485] [Forge Version Check/INFO] [net.minecraftforge.fml.VersionChecker/]: [forge] Found status: AHEAD Current: 47.4.16 Target: null
[04Mar2026 18:31:42.485] [Forge Version Check/INFO] [net.minecraftforge.fml.VersionChecker/]: [cofh_core] Starting version check at https://raw.github.com/cofh/version/main/cofh_core/update.json
[04Mar2026 18:31:42.885] [main/INFO] [com.mojang.authlib.yggdrasil.YggdrasilAuthenticationService/]: Environment: authHost='https://authserver.mojang.com', accountsHost='https://api.mojang.com', sessionHost='https://sessionserver.mojang.com', servicesHost='https://api.minecraftservices.com', name='PROD'
[04Mar2026 18:31:43.008] [Forge Version Check/INFO] [net.minecraftforge.fml.VersionChecker/]: [cofh_core] Found status: AHEAD Current: 11.0.2 Target: null
[04Mar2026 18:31:43.008] [Forge Version Check/INFO] [net.minecraftforge.fml.VersionChecker/]: [voicechat] Starting version check at https://update.maxhenkel.de/forge/voicechat
[04Mar2026 18:31:43.059] [Forge Version Check/INFO] [net.minecraftforge.fml.VersionChecker/]: [voicechat] Found status: AHEAD Current: 1.20.1-2.6.12 Target: null
[04Mar2026 18:31:43.059] [Forge Version Check/INFO] [net.minecraftforge.fml.VersionChecker/]: [immersiveengineering] Starting version check at https://raw.githubusercontent.com/BluSunrize/ImmersiveEngineering/1.20.1/changelog.json
[04Mar2026 18:31:43.072] [Forge Version Check/INFO] [net.minecraftforge.fml.VersionChecker/]: [immersiveengineering] Found status: AHEAD Current: 1.20.1-10.2.0-183 Target: null
[04Mar2026 18:31:43.072] [Forge Version Check/INFO] [net.minecraftforge.fml.VersionChecker/]: [createtweaker] Starting version check at https://updates.blamejared.com/get?n=createtweaker&gv=1.20.1
[04Mar2026 18:31:43.125] [Forge Version Check/INFO] [net.minecraftforge.fml.VersionChecker/]: [createtweaker] Found status: BETA Current: 4.0.15 Target: 4.0.15
[04Mar2026 18:31:43.125] [Forge Version Check/INFO] [net.minecraftforge.fml.VersionChecker/]: [securitycraft] Starting version check at https://www.github.com/Geforce132/SecurityCraft/raw/master/Updates/Forge.json
[04Mar2026 18:31:43.393] [Forge Version Check/INFO] [net.minecraftforge.fml.VersionChecker/]: [securitycraft] Found status: UP_TO_DATE Current: 1.10.1 Target: null
[04Mar2026 18:31:43.394] [Forge Version Check/INFO] [net.minecraftforge.fml.VersionChecker/]: [regrowth] Starting version check at https://github.com/mactso/Regrowth/raw/main/update.json
[04Mar2026 18:31:43.452] [Forge Version Check/INFO] [net.minecraftforge.fml.VersionChecker/]: [regrowth] Found status: BETA Current: 46.32.1 Target: 46.31.2
[04Mar2026 18:31:43.453] [Forge Version Check/INFO] [net.minecraftforge.fml.VersionChecker/]: [ambientenvironment] Starting version check at https://updates.blamejared.com/get?n=AmbientEnvironment&gv=1.20.1
[04Mar2026 18:31:43.505] [Forge Version Check/INFO] [net.minecraftforge.fml.VersionChecker/]: [ambientenvironment] Found status: BETA Current: 11.0.0.1 Target: 11.0.0.1
[04Mar2026 18:31:43.505] [Forge Version Check/INFO] [net.minecraftforge.fml.VersionChecker/]: [puzzleslib] Starting version check at https://raw.githubusercontent.com/Fuzss/modresources/main/update/puzzleslib.json
[04Mar2026 18:31:43.517] [Forge Version Check/INFO] [net.minecraftforge.fml.VersionChecker/]: [puzzleslib] Found status: UP_TO_DATE Current: 8.1.33 Target: null
[04Mar2026 18:31:43.517] [Forge Version Check/INFO] [net.minecraftforge.fml.VersionChecker/]: [dynamiclights] Starting version check at https://api.modrinth.com/updates/7YjclEGc/forge_updates.json?forge=only
[04Mar2026 18:31:43.575] [main/WARN] [net.minecraft.server.packs.VanillaPackResourcesBuilder/]: Assets URL 'union:/C:/ServerMine/libraries/net/minecraft/server/1.20.1-20230612.114412/server-1.20.1-20230612.114412-srg.jar%23581!/assets/.mcassetsroot' uses unexpected schema
[04Mar2026 18:31:43.575] [main/WARN] [net.minecraft.server.packs.VanillaPackResourcesBuilder/]: Assets URL 'union:/C:/ServerMine/libraries/net/minecraft/server/1.20.1-20230612.114412/server-1.20.1-20230612.114412-srg.jar%23581!/data/.mcassetsroot' uses unexpected schema
[04Mar2026 18:31:43.577] [main/INFO] [STDOUT/]: [net.smileycorp.hordes.common.Hordes:addPackFinders:74]: gunch
[04Mar2026 18:31:43.664] [main/WARN] [mixin/]: Static binding violation: PRIVATE @Overwrite method m_215924_ in modernfix-modernfix.mixins.json:perf.tag_id_caching.TagEntryMixin cannot reduce visibiliy of PUBLIC target method, visibility will be upgraded.
[04Mar2026 18:31:43.859] [Forge Version Check/INFO] [net.minecraftforge.fml.VersionChecker/]: [dynamiclights] Found status: UP_TO_DATE Current: 1.9+mod Target: null
[04Mar2026 18:31:43.860] [Forge Version Check/INFO] [net.minecraftforge.fml.VersionChecker/]: [controlling] Starting version check at https://updates.blamejared.com/get?n=controlling&gv=1.20.1
[04Mar2026 18:31:43.876] [main/INFO] [com.simibubi.create.Create/]: Created 796 recipes which will be injected into the game
[04Mar2026 18:31:43.887] [main/INFO] [com.simibubi.create.Create/]: Created 26 tags which will be injected into the game
[04Mar2026 18:31:43.911] [Forge Version Check/INFO] [net.minecraftforge.fml.VersionChecker/]: [controlling] Found status: BETA Current: 12.0.2 Target: 12.0.2
[04Mar2026 18:31:43.911] [Forge Version Check/INFO] [net.minecraftforge.fml.VersionChecker/]: [bookshelf] Starting version check at https://updates.blamejared.com/get?n=bookshelf&gv=1.20.1
[04Mar2026 18:31:43.933] [main/INFO] [org.berezka.berezka_api.Berezka_api/]: [Berezka API] loadPacks: [berezka_api]
[04Mar2026 18:31:43.964] [Forge Version Check/INFO] [net.minecraftforge.fml.VersionChecker/]: [bookshelf] Found status: BETA Current: 20.2.15 Target: 20.2.15
[04Mar2026 18:31:43.964] [Forge Version Check/INFO] [net.minecraftforge.fml.VersionChecker/]: [uteamcore] Starting version check at https://api.u-team.info/update/uteamcore.json
[04Mar2026 18:31:44.057] [Forge Version Check/INFO] [net.minecraftforge.fml.VersionChecker/]: [uteamcore] Found status: UP_TO_DATE Current: 5.1.4.382 Target: null
[04Mar2026 18:31:44.057] [Forge Version Check/INFO] [net.minecraftforge.fml.VersionChecker/]: [mcwdoors] Starting version check at https://raw.githubusercontent.com/sketchmacaw/macawsmods/master/doors.json
[04Mar2026 18:31:44.069] [Forge Version Check/INFO] [net.minecraftforge.fml.VersionChecker/]: [mcwdoors] Found status: AHEAD Current: 1.1.5 Target: null
[04Mar2026 18:31:44.070] [Forge Version Check/INFO] [net.minecraftforge.fml.VersionChecker/]: [warborn] Starting version check at https://raw.githubusercontent.com/Lothrazar/ForgeTemplate/trunk/1.20/update.json
[04Mar2026 18:31:44.229] [Forge Version Check/INFO] [net.minecraftforge.fml.VersionChecker/]: [warborn] Found status: BETA Current: 2.3.3 Target: 0.0.1
[04Mar2026 18:31:44.229] [Forge Version Check/INFO] [net.minecraftforge.fml.VersionChecker/]: [mcwbridges] Starting version check at https://raw.githubusercontent.com/sketchmacaw/macawsmods/master/bridges.json
[04Mar2026 18:31:44.239] [Forge Version Check/INFO] [net.minecraftforge.fml.VersionChecker/]: [mcwbridges] Found status: AHEAD Current: 3.1.2 Target: null
[04Mar2026 18:31:44.241] [Forge Version Check/INFO] [net.minecraftforge.fml.VersionChecker/]: [mcwfences] Starting version check at https://raw.githubusercontent.com/sketchmacaw/macawsmods/master/fences.json
[04Mar2026 18:31:44.252] [Forge Version Check/INFO] [net.minecraftforge.fml.VersionChecker/]: [mcwfences] Found status: UP_TO_DATE Current: 1.2.1 Target: null
[04Mar2026 18:31:44.252] [Forge Version Check/INFO] [net.minecraftforge.fml.VersionChecker/]: [craftpresence] Starting version check at https://raw.githubusercontent.com/CDAGaming/VersionLibrary/master/CraftPresence/update.json
[04Mar2026 18:31:44.269] [Forge Version Check/INFO] [net.minecraftforge.fml.VersionChecker/]: [craftpresence] Found status: AHEAD Current: 2.7.0 Target: null
[04Mar2026 18:31:44.269] [Forge Version Check/INFO] [net.minecraftforge.fml.VersionChecker/]: [copycats] Starting version check at https://raw.githubusercontent.com/copycats-plus/copycats/multiloader/update.json
[04Mar2026 18:31:44.282] [Forge Version Check/INFO] [net.minecraftforge.fml.VersionChecker/]: [copycats] Found status: AHEAD Current: 3.0.7+mc.1.20.1-forge Target: null
[04Mar2026 18:31:44.283] [Forge Version Check/INFO] [net.minecraftforge.fml.VersionChecker/]: [sliceanddice] Starting version check at https://api.modrinth.com/updates/slice-and-dice/forge_updates.json
[04Mar2026 18:31:44.464] [Forge Version Check/INFO] [net.minecraftforge.fml.VersionChecker/]: [sliceanddice] Found status: UP_TO_DATE Current: 3.6.0 Target: null
[04Mar2026 18:31:44.465] [Forge Version Check/INFO] [net.minecraftforge.fml.VersionChecker/]: [badmobs] Starting version check at https://updates.blamejared.com/get?n=badmobs&gv=1.20.1
[04Mar2026 18:31:44.517] [Forge Version Check/INFO] [net.minecraftforge.fml.VersionChecker/]: [badmobs] Found status: BETA Current: 19.0.4 Target: 19.0.4
[04Mar2026 18:31:44.517] [Forge Version Check/INFO] [net.minecraftforge.fml.VersionChecker/]: [enchdesc] Starting version check at https://updates.blamejared.com/get?n=enchdesc&gv=1.20.1
[04Mar2026 18:31:44.568] [Forge Version Check/INFO] [net.minecraftforge.fml.VersionChecker/]: [enchdesc] Found status: BETA Current: 17.1.21 Target: 17.1.21
[04Mar2026 18:31:44.569] [Forge Version Check/INFO] [net.minecraftforge.fml.VersionChecker/]: [moonlight] Starting version check at https://api.modrinth.com/updates/moonlight/forge_updates.json
[04Mar2026 18:31:44.867] [Forge Version Check/INFO] [net.minecraftforge.fml.VersionChecker/]: [moonlight] Found status: OUTDATED Current: 1.20-2.16.28 Target: 1.20-2.16.28-forge
[04Mar2026 18:31:44.869] [Forge Version Check/INFO] [net.minecraftforge.fml.VersionChecker/]: [dtru] Starting version check at https://github.com/DynamicTreesTeam/DynamicTreesVersionInfo/blob/master/Add-ons/BOP.json?raw=true
[04Mar2026 18:31:45.521] [Forge Version Check/INFO] [net.minecraftforge.fml.VersionChecker/]: [dtru] Found status: BETA Current: 1.20.1-1.0.1 Target: null
[04Mar2026 18:31:45.521] [Forge Version Check/INFO] [net.minecraftforge.fml.VersionChecker/]: [smoothboot] Starting version check at https://github.com/AbdElAziz333/SmoothBoot-Reloaded/raw/mc1.20.1/dev/updates.json
[04Mar2026 18:31:45.704] [Forge Version Check/WARN] [net.minecraftforge.fml.VersionChecker/]: Failed to process update information
com.google.gson.JsonSyntaxException: java.lang.IllegalStateException: Expected BEGIN_OBJECT but was STRING at line 9 column 1 path $
	at com.google.gson.Gson.fromJson(Gson.java:1226) ~[gson-2.10.jar%2372!/:?]
	at com.google.gson.Gson.fromJson(Gson.java:1124) ~[gson-2.10.jar%2372!/:?]
	at com.google.gson.Gson.fromJson(Gson.java:1034) ~[gson-2.10.jar%2372!/:?]
	at com.google.gson.Gson.fromJson(Gson.java:969) ~[gson-2.10.jar%2372!/:?]
	at net.minecraftforge.fml.VersionChecker$1.process(VersionChecker.java:186) ~[fmlcore-1.20.1-47.4.16.jar%23582!/:?]
	at java.lang.Iterable.forEach(Iterable.java:75) ~[?:?]
	at net.minecraftforge.fml.VersionChecker$1.run(VersionChecker.java:117) ~[fmlcore-1.20.1-47.4.16.jar%23582!/:?]
Caused by: java.lang.IllegalStateException: Expected BEGIN_OBJECT but was STRING at line 9 column 1 path $
	at com.google.gson.stream.JsonReader.beginObject(JsonReader.java:393) ~[gson-2.10.jar%2372!/:?]
	at com.google.gson.internal.bind.MapTypeAdapterFactory$Adapter.read(MapTypeAdapterFactory.java:182) ~[gson-2.10.jar%2372!/:?]
	at com.google.gson.internal.bind.MapTypeAdapterFactory$Adapter.read(MapTypeAdapterFactory.java:144) ~[gson-2.10.jar%2372!/:?]
	at com.google.gson.Gson.fromJson(Gson.java:1214) ~[gson-2.10.jar%2372!/:?]
	... 6 more
[04Mar2026 18:31:45.705] [Forge Version Check/INFO] [net.minecraftforge.fml.VersionChecker/]: [rrls] Starting version check at https://api.modrinth.com/updates/rrls/forge_updates.json
[04Mar2026 18:31:45.889] [Forge Version Check/INFO] [net.minecraftforge.fml.VersionChecker/]: [rrls] Found status: UP_TO_DATE Current: 4.0.6.1+mc1.20.1-forge Target: null
[04Mar2026 18:31:45.889] [Forge Version Check/INFO] [net.minecraftforge.fml.VersionChecker/]: [openloader] Starting version check at https://updates.blamejared.com/get?n=openloader&gv=1.20.1
[04Mar2026 18:31:45.941] [Forge Version Check/INFO] [net.minecraftforge.fml.VersionChecker/]: [openloader] Found status: BETA Current: 19.0.5 Target: 19.0.5
[04Mar2026 18:32:01.047] [main/INFO] [tacz/GunPackFinder]: Start scanning for gun packs in C:\ServerMine\tacz
[04Mar2026 18:32:01.049] [main/INFO] [tacz/GunPackFinder]: - ChaosCraft's Apocalyptic Arsenal, Main namespace: custombat
[04Mar2026 18:32:01.051] [main/INFO] [tacz/GunPackFinder]: - daffas, Main namespace: daffas_arsenal
[04Mar2026 18:32:01.051] [main/INFO] [tacz/GunPackFinder]: - lradd_default_gun, Main namespace: lradd
[04Mar2026 18:32:01.051] [main/INFO] [tacz/GunPackFinder]: - tacz_default_gun, Main namespace: tacz
[04Mar2026 18:32:01.051] [main/INFO] [tacz/GunPackFinder]: Found 4 possible gunpack(s) and added them to resource set.
[04Mar2026 18:32:01.523] [main/INFO] [Open Loader/]: Preparing Data Pack injection.
[04Mar2026 18:32:01.524] [main/INFO] [Open Loader/]: Successfully injected 0/0 packs from C:\ServerMine\config\openloader\data.
[04Mar2026 18:32:01.549] [main/INFO] [org.berezka.berezka_api.BuiltInResourcePack/]: [Berezka API] Builtin resource pack created.
[04Mar2026 18:32:03.367] [main/INFO] [KubeJS Server/]: example.js#5: Hello, World! (Loaded server scripts)
[04Mar2026 18:32:03.368] [main/INFO] [KubeJS Server/]: Loaded script server_scripts:example.js in 0.0 s
[04Mar2026 18:32:03.368] [main/INFO] [KubeJS Server/]: Loaded 1/1 KubeJS server scripts in 0.014 s with 0 errors and 0 warnings
[04Mar2026 18:32:03.368] [main/INFO] [KubeJS Server/]: Scripts loaded
[04Mar2026 18:32:03.381] [main/INFO] [Moonlight/]: Starting runtime resource generation for pack type SERVER_DATA with generators from mods [immersive_weathering]: [com.ordana.immersive_weathering.dynamicpack.ServerDynamicResourcesHandler@52ddaf0]
[04Mar2026 18:32:03.382] [main/INFO] [Moonlight/]: Generating runtime assets for pack Immersive Weathering Generated Pack (immersive_weathering)
[04Mar2026 18:32:03.394] [main/INFO] [com.ordana.immersive_weathering.ImmersiveWeathering/]: Generated runtime SERVER_DATA for pack Immersive Weathering Generated Pack (immersive_weathering) in: 12 ms (multithreaded)
[04Mar2026 18:32:03.395] [main/INFO] [Moonlight/]: Finished runtime resources generation for 1 packs in a total of 13 ms
[04Mar2026 18:32:05.155] [main/INFO] [STDOUT/]: [com.mactso.regrowth.Main$ForgeEvents:onCommandsRegistry:45]: Regrowth: Registering Command Dispatcher
[04Mar2026 18:32:05.156] [main/INFO] [STDOUT/]: [com.mactso.regrowth.commands.RegrowthCommands:register:28]: Enter register
[04Mar2026 18:32:05.157] [main/INFO] [STDOUT/]: [com.mactso.regrowth.commands.RegrowthCommands:register:76]: Exit Register
[04Mar2026 18:32:05.222] [main/INFO] [net.mcreator.setthingsup.SetThingsUpMod/]: Zombie difficulty commands registered!
[04Mar2026 18:32:05.314] [main/INFO] [com.github.alexthe666.alexsmobs.AlexsMobs/]: Adding datapack listener capsid_recipes
[04Mar2026 18:32:05.486] [Worker-Main-4/ERROR] [net.minecraft.server.packs.resources.SimpleJsonResourceReloadListener/]: Couldn't parse data file flan:zh_tw from flan:lang/zh_tw.json
com.google.gson.JsonParseException: com.google.gson.stream.MalformedJsonException: Unterminated object at line 131 column 4 path $.flan.screenMenuBlockPlace
	at net.minecraft.util.GsonHelper.m_13780_(GsonHelper.java:526) ~[server-1.20.1-20230612.114412-srg.jar%23581!/:?]
	at net.minecraft.util.GsonHelper.m_263475_(GsonHelper.java:531) ~[server-1.20.1-20230612.114412-srg.jar%23581!/:?]
	at net.minecraft.util.GsonHelper.m_13776_(GsonHelper.java:581) ~[server-1.20.1-20230612.114412-srg.jar%23581!/:?]
	at net.minecraft.server.packs.resources.SimpleJsonResourceReloadListener.m_278771_(SimpleJsonResourceReloadListener.java:41) ~[server-1.20.1-20230612.114412-srg.jar%23581!/:?]
	at net.minecraft.server.packs.resources.SimpleJsonResourceReloadListener.m_5944_(SimpleJsonResourceReloadListener.java:29) ~[server-1.20.1-20230612.114412-srg.jar%23581!/:?]
	at io.github.flemmli97.linguabib.data.ServerLangManager.m_5944_(ServerLangManager.java:97) ~[lingua_bib-1.20.1-1.0.6-forge.jar%23718!/:?]
	at io.github.flemmli97.linguabib.data.ServerLangManager.m_5944_(ServerLangManager.java:25) ~[lingua_bib-1.20.1-1.0.6-forge.jar%23718!/:?]
	at net.minecraft.server.packs.resources.SimplePreparableReloadListener.m_10786_(SimplePreparableReloadListener.java:11) ~[server-1.20.1-20230612.114412-srg.jar%23581!/:?]
	at java.util.concurrent.CompletableFuture$AsyncSupply.run(CompletableFuture.java:1789) ~[?:?]
	at java.util.concurrent.CompletableFuture$AsyncSupply.exec(CompletableFuture.java:1781) ~[?:?]
	at java.util.concurrent.ForkJoinTask.doExec(ForkJoinTask.java:511) ~[?:?]
	at java.util.concurrent.ForkJoinPool$WorkQueue.topLevelExec(ForkJoinPool.java:1450) ~[?:?]
	at java.util.concurrent.ForkJoinPool.runWorker(ForkJoinPool.java:2019) ~[?:?]
	at java.util.concurrent.ForkJoinWorkerThread.run(ForkJoinWorkerThread.java:187) ~[?:?]
Caused by: com.google.gson.stream.MalformedJsonException: Unterminated object at line 131 column 4 path $.flan.screenMenuBlockPlace
	at com.google.gson.stream.JsonReader.syntaxError(JsonReader.java:1657) ~[gson-2.10.jar%2372!/:?]
	at com.google.gson.stream.JsonReader.doPeek(JsonReader.java:500) ~[gson-2.10.jar%2372!/:?]
	at com.google.gson.stream.JsonReader.hasNext(JsonReader.java:422) ~[gson-2.10.jar%2372!/:?]
	at com.google.gson.internal.bind.TypeAdapters$28.read(TypeAdapters.java:779) ~[gson-2.10.jar%2372!/:?]
	at com.google.gson.internal.bind.TypeAdapters$28.read(TypeAdapters.java:725) ~[gson-2.10.jar%2372!/:?]
	at com.google.gson.internal.bind.TypeAdapters$34$1.read(TypeAdapters.java:1007) ~[gson-2.10.jar%2372!/:?]
	at net.minecraft.util.GsonHelper.m_13780_(GsonHelper.java:524) ~[server-1.20.1-20230612.114412-srg.jar%23581!/:?]
	... 13 more
[04Mar2026 18:32:05.505] [Worker-Main-1/ERROR] [net.minecraft.tags.TagLoader/]: Couldn't load tag minecraft:goodbiomes as it is missing following references: biomesoplenty:old_growth_dead_forest (from jeffs_cursed_walking_structures-3.3.0-forge-1.20.1.jar), 
	biomesoplenty:dryland (from jeffs_cursed_walking_structures-3.3.0-forge-1.20.1.jar), 
	biomesoplenty:wasteland (from jeffs_cursed_walking_structures-3.3.0-forge-1.20.1.jar), 
	biomesoplenty:wasteland_steppe (from jeffs_cursed_walking_structures-3.3.0-forge-1.20.1.jar)
[04Mar2026 18:32:05.650] [Worker-Main-13/ERROR] [net.minecraft.tags.TagLoader/]: Couldn't load tag apocalypsenow:armor/cloth as it is missing following references: apocalypsenow:nurse_helmet (from apocalypsenow-3.0.5-forge-1.20.1.jar)
[04Mar2026 18:32:05.650] [Worker-Main-6/ERROR] [net.minecraft.tags.TagLoader/]: Couldn't load tag fabric:mineable/needs_tool_level_3 as it is missing following references: netherite_ore_mod:ancientdebrisore (from Sky's Overworld Netherite 2.8 1.20.1 Forge.jar), 
	netherite_ore_mod:deepslate_ancient_debris_ore (from Sky's Overworld Netherite 2.8 1.20.1 Forge.jar), 
	netherite_ore_mod:netherite_ancient_debris_ore (from Sky's Overworld Netherite 2.8 1.20.1 Forge.jar)
[04Mar2026 18:32:05.655] [Worker-Main-13/ERROR] [net.minecraft.tags.TagLoader/]: Couldn't load tag forge:armors/chestplates as it is missing following references: warborn:nato_ukr_backpack (from warborn-1.20.1-2.3.3.jar), 
	warborn:nato_mg_backpack (from warborn-1.20.1-2.3.3.jar)
[04Mar2026 18:32:05.656] [Worker-Main-13/ERROR] [net.minecraft.tags.TagLoader/]: Couldn't load tag forge:armors as it is missing following references: #forge:armors/chestplates (from forge-1.20.1-47.4.16-universal.jar)
[04Mar2026 18:32:05.687] [Worker-Main-14/ERROR] [net.minecraft.server.packs.resources.SimpleJsonResourceReloadListener/]: Couldn't parse data file create:compacting/saltpetre_sack from create:recipes/compacting/saltpetre_sack.json
com.google.gson.JsonParseException: com.google.gson.stream.MalformedJsonException: Use JsonReader.setLenient(true) to accept malformed JSON at line 31 column 4 path $.ingredients[9]
	at net.minecraft.util.GsonHelper.m_13780_(GsonHelper.java:526) ~[server-1.20.1-20230612.114412-srg.jar%23581!/:?]
	at net.minecraft.util.GsonHelper.m_263475_(GsonHelper.java:531) ~[server-1.20.1-20230612.114412-srg.jar%23581!/:?]
	at net.minecraft.util.GsonHelper.m_13776_(GsonHelper.java:581) ~[server-1.20.1-20230612.114412-srg.jar%23581!/:?]
	at net.minecraft.server.packs.resources.SimpleJsonResourceReloadListener.m_278771_(SimpleJsonResourceReloadListener.java:41) ~[server-1.20.1-20230612.114412-srg.jar%23581!/:?]
	at net.minecraft.server.packs.resources.SimpleJsonResourceReloadListener.m_5944_(SimpleJsonResourceReloadListener.java:29) ~[server-1.20.1-20230612.114412-srg.jar%23581!/:?]
	at net.minecraft.server.packs.resources.SimpleJsonResourceReloadListener.m_5944_(SimpleJsonResourceReloadListener.java:17) ~[server-1.20.1-20230612.114412-srg.jar%23581!/:?]
	at net.minecraft.server.packs.resources.SimplePreparableReloadListener.m_10786_(SimplePreparableReloadListener.java:11) ~[server-1.20.1-20230612.114412-srg.jar%23581!/:?]
	at java.util.concurrent.CompletableFuture$AsyncSupply.run(CompletableFuture.java:1789) ~[?:?]
	at java.util.concurrent.CompletableFuture$AsyncSupply.exec(CompletableFuture.java:1781) ~[?:?]
	at java.util.concurrent.ForkJoinTask.doExec(ForkJoinTask.java:511) ~[?:?]
	at java.util.concurrent.ForkJoinPool$WorkQueue.topLevelExec(ForkJoinPool.java:1450) ~[?:?]
	at java.util.concurrent.ForkJoinPool.runWorker(ForkJoinPool.java:2019) ~[?:?]
	at java.util.concurrent.ForkJoinWorkerThread.run(ForkJoinWorkerThread.java:187) ~[?:?]
Caused by: com.google.gson.stream.MalformedJsonException: Use JsonReader.setLenient(true) to accept malformed JSON at line 31 column 4 path $.ingredients[9]
	at com.google.gson.stream.JsonReader.syntaxError(JsonReader.java:1657) ~[gson-2.10.jar%2372!/:?]
	at com.google.gson.stream.JsonReader.checkLenient(JsonReader.java:1463) ~[gson-2.10.jar%2372!/:?]
	at com.google.gson.stream.JsonReader.doPeek(JsonReader.java:569) ~[gson-2.10.jar%2372!/:?]
	at com.google.gson.stream.JsonReader.hasNext(JsonReader.java:422) ~[gson-2.10.jar%2372!/:?]
	at com.google.gson.internal.bind.TypeAdapters$28.read(TypeAdapters.java:779) ~[gson-2.10.jar%2372!/:?]
	at com.google.gson.internal.bind.TypeAdapters$28.read(TypeAdapters.java:725) ~[gson-2.10.jar%2372!/:?]
	at com.google.gson.internal.bind.TypeAdapters$34$1.read(TypeAdapters.java:1007) ~[gson-2.10.jar%2372!/:?]
	at net.minecraft.util.GsonHelper.m_13780_(GsonHelper.java:524) ~[server-1.20.1-20230612.114412-srg.jar%23581!/:?]
	... 12 more
[04Mar2026 18:32:05.688] [Worker-Main-14/ERROR] [net.minecraft.server.packs.resources.SimpleJsonResourceReloadListener/]: Couldn't parse data file create:compacting/sulphur_sack from create:recipes/compacting/sulphur_sack.json
com.google.gson.JsonParseException: com.google.gson.stream.MalformedJsonException: Use JsonReader.setLenient(true) to accept malformed JSON at line 31 column 4 path $.ingredients[9]
	at net.minecraft.util.GsonHelper.m_13780_(GsonHelper.java:526) ~[server-1.20.1-20230612.114412-srg.jar%23581!/:?]
	at net.minecraft.util.GsonHelper.m_263475_(GsonHelper.java:531) ~[server-1.20.1-20230612.114412-srg.jar%23581!/:?]
	at net.minecraft.util.GsonHelper.m_13776_(GsonHelper.java:581) ~[server-1.20.1-20230612.114412-srg.jar%23581!/:?]
	at net.minecraft.server.packs.resources.SimpleJsonResourceReloadListener.m_278771_(SimpleJsonResourceReloadListener.java:41) ~[server-1.20.1-20230612.114412-srg.jar%23581!/:?]
	at net.minecraft.server.packs.resources.SimpleJsonResourceReloadListener.m_5944_(SimpleJsonResourceReloadListener.java:29) ~[server-1.20.1-20230612.114412-srg.jar%23581!/:?]
	at net.minecraft.server.packs.resources.SimpleJsonResourceReloadListener.m_5944_(SimpleJsonResourceReloadListener.java:17) ~[server-1.20.1-20230612.114412-srg.jar%23581!/:?]
	at net.minecraft.server.packs.resources.SimplePreparableReloadListener.m_10786_(SimplePreparableReloadListener.java:11) ~[server-1.20.1-20230612.114412-srg.jar%23581!/:?]
	at java.util.concurrent.CompletableFuture$AsyncSupply.run(CompletableFuture.java:1789) ~[?:?]
	at java.util.concurrent.CompletableFuture$AsyncSupply.exec(CompletableFuture.java:1781) ~[?:?]
	at java.util.concurrent.ForkJoinTask.doExec(ForkJoinTask.java:511) ~[?:?]
	at java.util.concurrent.ForkJoinPool$WorkQueue.topLevelExec(ForkJoinPool.java:1450) ~[?:?]
	at java.util.concurrent.ForkJoinPool.runWorker(ForkJoinPool.java:2019) ~[?:?]
	at java.util.concurrent.ForkJoinWorkerThread.run(ForkJoinWorkerThread.java:187) ~[?:?]
Caused by: com.google.gson.stream.MalformedJsonException: Use JsonReader.setLenient(true) to accept malformed JSON at line 31 column 4 path $.ingredients[9]
	at com.google.gson.stream.JsonReader.syntaxError(JsonReader.java:1657) ~[gson-2.10.jar%2372!/:?]
	at com.google.gson.stream.JsonReader.checkLenient(JsonReader.java:1463) ~[gson-2.10.jar%2372!/:?]
	at com.google.gson.stream.JsonReader.doPeek(JsonReader.java:569) ~[gson-2.10.jar%2372!/:?]
	at com.google.gson.stream.JsonReader.hasNext(JsonReader.java:422) ~[gson-2.10.jar%2372!/:?]
	at com.google.gson.internal.bind.TypeAdapters$28.read(TypeAdapters.java:779) ~[gson-2.10.jar%2372!/:?]
	at com.google.gson.internal.bind.TypeAdapters$28.read(TypeAdapters.java:725) ~[gson-2.10.jar%2372!/:?]
	at com.google.gson.internal.bind.TypeAdapters$34$1.read(TypeAdapters.java:1007) ~[gson-2.10.jar%2372!/:?]
	at net.minecraft.util.GsonHelper.m_13780_(GsonHelper.java:524) ~[server-1.20.1-20230612.114412-srg.jar%23581!/:?]
	... 12 more
[04Mar2026 18:32:05.969] [Worker-Main-10/INFO] [K-Turrets/]: Checking alexsmobs:entities/leafcutter_ant_queen loot table
[04Mar2026 18:32:05.986] [Worker-Main-10/INFO] [K-Turrets/]: Checking alexsmobs:entities/guster loot table
[04Mar2026 18:32:05.991] [Worker-Main-10/INFO] [K-Turrets/]: Checking guardvillagers:entities/armor_sets/armor loot table
[04Mar2026 18:32:06.001] [Worker-Main-10/INFO] [K-Turrets/]: Checking minecraft:entities/mule loot table
[04Mar2026 18:32:06.004] [Worker-Main-10/INFO] [K-Turrets/]: Checking minecraft:entities/skeleton_horse loot table
[04Mar2026 18:32:06.017] [Worker-Main-10/ERROR] [net.minecraftforge.common.ForgeHooks/]: Couldn't parse element loot_tables:dustrial_decor:blocks/wrapped_ice_chains
com.google.gson.JsonSyntaxException: Expected name to be an item, was unknown string 'dustrial_decor:wrapped_ice_chains'
	at net.minecraft.util.GsonHelper.m_13866_(GsonHelper.java:145) ~[server-1.20.1-20230612.114412-srg.jar%23581!/:?]
	at java.util.Optional.orElseThrow(Optional.java:403) ~[?:?]
	at net.minecraft.util.GsonHelper.m_13874_(GsonHelper.java:145) ~[server-1.20.1-20230612.114412-srg.jar%23581!/:?]
	at net.minecraft.util.GsonHelper.m_13909_(GsonHelper.java:153) ~[server-1.20.1-20230612.114412-srg.jar%23581!/:?]
	at net.minecraft.world.level.storage.loot.entries.LootItem$Serializer.m_7267_(LootItem.java:55) ~[server-1.20.1-20230612.114412-srg.jar%23581!/:?]
	at net.minecraft.world.level.storage.loot.entries.LootItem$Serializer.m_7267_(LootItem.java:40) ~[server-1.20.1-20230612.114412-srg.jar%23581!/:?]
	at net.minecraft.world.level.storage.loot.entries.LootPoolSingletonContainer$Serializer.m_5921_(LootPoolSingletonContainer.java:151) ~[server-1.20.1-20230612.114412-srg.jar%23581!/:?]
	at net.minecraft.world.level.storage.loot.entries.LootPoolSingletonContainer$Serializer.m_5921_(LootPoolSingletonContainer.java:129) ~[server-1.20.1-20230612.114412-srg.jar%23581!/:?]
	at net.minecraft.world.level.storage.loot.entries.LootPoolEntryContainer$Serializer.m_7561_(LootPoolEntryContainer.java:86) ~[server-1.20.1-20230612.114412-srg.jar%23581!/:?]
	at net.minecraft.world.level.storage.loot.entries.LootPoolEntryContainer$Serializer.m_7561_(LootPoolEntryContainer.java:74) ~[server-1.20.1-20230612.114412-srg.jar%23581!/:?]
	at net.minecraft.world.level.storage.loot.GsonAdapterFactory$JsonAdapter.deserialize(GsonAdapterFactory.java:102) ~[server-1.20.1-20230612.114412-srg.jar%23581!/:?]
	at com.google.gson.internal.bind.TreeTypeAdapter.read(TreeTypeAdapter.java:76) ~[gson-2.10.jar%2372!/:?]
	at com.google.gson.internal.bind.TypeAdapterRuntimeTypeWrapper.read(TypeAdapterRuntimeTypeWrapper.java:40) ~[gson-2.10.jar%2372!/:?]
	at com.google.gson.internal.bind.ArrayTypeAdapter.read(ArrayTypeAdapter.java:72) ~[gson-2.10.jar%2372!/:?]
	at com.google.gson.Gson.fromJson(Gson.java:1214) ~[gson-2.10.jar%2372!/:?]
	at com.google.gson.Gson.fromJson(Gson.java:1319) ~[gson-2.10.jar%2372!/:?]
	at com.google.gson.Gson.fromJson(Gson.java:1290) ~[gson-2.10.jar%2372!/:?]
	at com.google.gson.internal.bind.TreeTypeAdapter$GsonContextImpl.deserialize(TreeTypeAdapter.java:179) ~[gson-2.10.jar%2372!/:?]
	at net.minecraft.util.GsonHelper.m_13808_(GsonHelper.java:463) ~[server-1.20.1-20230612.114412-srg.jar%23581!/:?]
	at net.minecraft.util.GsonHelper.m_13836_(GsonHelper.java:471) ~[server-1.20.1-20230612.114412-srg.jar%23581!/:?]
	at net.minecraft.world.level.storage.loot.LootPool$Serializer.deserialize(LootPool.java:192) ~[server-1.20.1-20230612.114412-srg.jar%23581!/:?]
	at net.minecraft.world.level.storage.loot.LootPool$Serializer.deserialize(LootPool.java:189) ~[server-1.20.1-20230612.114412-srg.jar%23581!/:?]
	at com.google.gson.internal.bind.TreeTypeAdapter.read(TreeTypeAdapter.java:76) ~[gson-2.10.jar%2372!/:?]
	at com.google.gson.internal.bind.TypeAdapterRuntimeTypeWrapper.read(TypeAdapterRuntimeTypeWrapper.java:40) ~[gson-2.10.jar%2372!/:?]
	at com.google.gson.internal.bind.ArrayTypeAdapter.read(ArrayTypeAdapter.java:72) ~[gson-2.10.jar%2372!/:?]
	at com.google.gson.Gson.fromJson(Gson.java:1214) ~[gson-2.10.jar%2372!/:?]
	at com.google.gson.Gson.fromJson(Gson.java:1319) ~[gson-2.10.jar%2372!/:?]
	at com.google.gson.Gson.fromJson(Gson.java:1290) ~[gson-2.10.jar%2372!/:?]
	at com.google.gson.internal.bind.TreeTypeAdapter$GsonContextImpl.deserialize(TreeTypeAdapter.java:179) ~[gson-2.10.jar%2372!/:?]
	at net.minecraft.util.GsonHelper.m_13808_(GsonHelper.java:463) ~[server-1.20.1-20230612.114412-srg.jar%23581!/:?]
	at net.minecraft.util.GsonHelper.m_13845_(GsonHelper.java:481) ~[server-1.20.1-20230612.114412-srg.jar%23581!/:?]
	at net.minecraft.world.level.storage.loot.LootTable$Serializer.deserialize(LootTable.java:294) ~[server-1.20.1-20230612.114412-srg.jar%23581!/:?]
	at net.minecraft.world.level.storage.loot.LootTable$Serializer.deserialize(LootTable.java:291) ~[server-1.20.1-20230612.114412-srg.jar%23581!/:?]
	at com.google.gson.internal.bind.TreeTypeAdapter.read(TreeTypeAdapter.java:76) ~[gson-2.10.jar%2372!/:?]
	at com.google.gson.Gson.fromJson(Gson.java:1214) ~[gson-2.10.jar%2372!/:?]
	at com.google.gson.Gson.fromJson(Gson.java:1319) ~[gson-2.10.jar%2372!/:?]
	at com.google.gson.Gson.fromJson(Gson.java:1261) ~[gson-2.10.jar%2372!/:?]
	at net.minecraftforge.common.ForgeHooks.loadLootTable(ForgeHooks.java:872) ~[forge-1.20.1-47.4.16-universal.jar%23586!/:?]
	at net.minecraftforge.common.ForgeHooks.lambda$getLootTableDeserializer$3(ForgeHooks.java:849) ~[forge-1.20.1-47.4.16-universal.jar%23586!/:?]
	at net.minecraft.world.level.storage.loot.LootDataType.deserialize(LootDataType.java:45) ~[server-1.20.1-20230612.114412-srg.jar%23581!/:?]
	at net.minecraft.world.level.storage.loot.LootDataManager.lambda$scheduleElementParse$4(LootDataManager.java:56) ~[server-1.20.1-20230612.114412-srg.jar%23581!/:?]
	at java.util.HashMap.forEach(HashMap.java:1430) ~[?:?]
	at net.minecraft.world.level.storage.loot.LootDataManager.m_278660_(LootDataManager.java:55) ~[server-1.20.1-20230612.114412-srg.jar%23581!/:?]
	at java.util.concurrent.CompletableFuture$AsyncRun.run(CompletableFuture.java:1825) ~[?:?]
	at java.util.concurrent.CompletableFuture$AsyncRun.exec(CompletableFuture.java:1817) ~[?:?]
	at java.util.concurrent.ForkJoinTask.doExec(ForkJoinTask.java:511) ~[?:?]
	at java.util.concurrent.ForkJoinPool$WorkQueue.topLevelExec(ForkJoinPool.java:1450) ~[?:?]
	at java.util.concurrent.ForkJoinPool.runWorker(ForkJoinPool.java:2019) ~[?:?]
	at java.util.concurrent.ForkJoinWorkerThread.run(ForkJoinWorkerThread.java:187) ~[?:?]
[04Mar2026 18:32:06.024] [Worker-Main-10/INFO] [K-Turrets/]: Checking alexsmobs:entities/cockroach loot table
[04Mar2026 18:32:06.027] [Worker-Main-10/INFO] [K-Turrets/]: Checking minecraft:entities/ravager loot table
[04Mar2026 18:32:06.038] [Worker-Main-10/INFO] [K-Turrets/]: Checking mutantmonsters:entities/mutant_skeleton/skull loot table
[04Mar2026 18:32:06.042] [Worker-Main-10/INFO] [K-Turrets/]: Checking minecraft:entities/donkey loot table
[04Mar2026 18:32:06.047] [Worker-Main-10/ERROR] [net.minecraftforge.common.ForgeHooks/]: Couldn't parse element loot_tables:jeffs_cursed_walking_structures:chests/supplychest
com.google.gson.JsonSyntaxException: Expected name to be an item, was unknown string 'nightmaremode:cure'
	at net.minecraft.util.GsonHelper.m_13866_(GsonHelper.java:145) ~[server-1.20.1-20230612.114412-srg.jar%23581!/:?]
	at java.util.Optional.orElseThrow(Optional.java:403) ~[?:?]
	at net.minecraft.util.GsonHelper.m_13874_(GsonHelper.java:145) ~[server-1.20.1-20230612.114412-srg.jar%23581!/:?]
	at net.minecraft.util.GsonHelper.m_13909_(GsonHelper.java:153) ~[server-1.20.1-20230612.114412-srg.jar%23581!/:?]
	at net.minecraft.world.level.storage.loot.entries.LootItem$Serializer.m_7267_(LootItem.java:55) ~[server-1.20.1-20230612.114412-srg.jar%23581!/:?]
	at net.minecraft.world.level.storage.loot.entries.LootItem$Serializer.m_7267_(LootItem.java:40) ~[server-1.20.1-20230612.114412-srg.jar%23581!/:?]
	at net.minecraft.world.level.storage.loot.entries.LootPoolSingletonContainer$Serializer.m_5921_(LootPoolSingletonContainer.java:151) ~[server-1.20.1-20230612.114412-srg.jar%23581!/:?]
	at net.minecraft.world.level.storage.loot.entries.LootPoolSingletonContainer$Serializer.m_5921_(LootPoolSingletonContainer.java:129) ~[server-1.20.1-20230612.114412-srg.jar%23581!/:?]
	at net.minecraft.world.level.storage.loot.entries.LootPoolEntryContainer$Serializer.m_7561_(LootPoolEntryContainer.java:86) ~[server-1.20.1-20230612.114412-srg.jar%23581!/:?]
	at net.minecraft.world.level.storage.loot.entries.LootPoolEntryContainer$Serializer.m_7561_(LootPoolEntryContainer.java:74) ~[server-1.20.1-20230612.114412-srg.jar%23581!/:?]
	at net.minecraft.world.level.storage.loot.GsonAdapterFactory$JsonAdapter.deserialize(GsonAdapterFactory.java:102) ~[server-1.20.1-20230612.114412-srg.jar%23581!/:?]
	at com.google.gson.internal.bind.TreeTypeAdapter.read(TreeTypeAdapter.java:76) ~[gson-2.10.jar%2372!/:?]
	at com.google.gson.internal.bind.TypeAdapterRuntimeTypeWrapper.read(TypeAdapterRuntimeTypeWrapper.java:40) ~[gson-2.10.jar%2372!/:?]
	at com.google.gson.internal.bind.ArrayTypeAdapter.read(ArrayTypeAdapter.java:72) ~[gson-2.10.jar%2372!/:?]
	at com.google.gson.Gson.fromJson(Gson.java:1214) ~[gson-2.10.jar%2372!/:?]
	at com.google.gson.Gson.fromJson(Gson.java:1319) ~[gson-2.10.jar%2372!/:?]
	at com.google.gson.Gson.fromJson(Gson.java:1290) ~[gson-2.10.jar%2372!/:?]
	at com.google.gson.internal.bind.TreeTypeAdapter$GsonContextImpl.deserialize(TreeTypeAdapter.java:179) ~[gson-2.10.jar%2372!/:?]
	at net.minecraft.util.GsonHelper.m_13808_(GsonHelper.java:463) ~[server-1.20.1-20230612.114412-srg.jar%23581!/:?]
	at net.minecraft.util.GsonHelper.m_13836_(GsonHelper.java:471) ~[server-1.20.1-20230612.114412-srg.jar%23581!/:?]
	at net.minecraft.world.level.storage.loot.LootPool$Serializer.deserialize(LootPool.java:192) ~[server-1.20.1-20230612.114412-srg.jar%23581!/:?]
	at net.minecraft.world.level.storage.loot.LootPool$Serializer.deserialize(LootPool.java:189) ~[server-1.20.1-20230612.114412-srg.jar%23581!/:?]
	at com.google.gson.internal.bind.TreeTypeAdapter.read(TreeTypeAdapter.java:76) ~[gson-2.10.jar%2372!/:?]
	at com.google.gson.internal.bind.TypeAdapterRuntimeTypeWrapper.read(TypeAdapterRuntimeTypeWrapper.java:40) ~[gson-2.10.jar%2372!/:?]
	at com.google.gson.internal.bind.ArrayTypeAdapter.read(ArrayTypeAdapter.java:72) ~[gson-2.10.jar%2372!/:?]
	at com.google.gson.Gson.fromJson(Gson.java:1214) ~[gson-2.10.jar%2372!/:?]
	at com.google.gson.Gson.fromJson(Gson.java:1319) ~[gson-2.10.jar%2372!/:?]
	at com.google.gson.Gson.fromJson(Gson.java:1290) ~[gson-2.10.jar%2372!/:?]
	at com.google.gson.internal.bind.TreeTypeAdapter$GsonContextImpl.deserialize(TreeTypeAdapter.java:179) ~[gson-2.10.jar%2372!/:?]
	at net.minecraft.util.GsonHelper.m_13808_(GsonHelper.java:463) ~[server-1.20.1-20230612.114412-srg.jar%23581!/:?]
	at net.minecraft.util.GsonHelper.m_13845_(GsonHelper.java:481) ~[server-1.20.1-20230612.114412-srg.jar%23581!/:?]
	at net.minecraft.world.level.storage.loot.LootTable$Serializer.deserialize(LootTable.java:294) ~[server-1.20.1-20230612.114412-srg.jar%23581!/:?]
	at net.minecraft.world.level.storage.loot.LootTable$Serializer.deserialize(LootTable.java:291) ~[server-1.20.1-20230612.114412-srg.jar%23581!/:?]
	at com.google.gson.internal.bind.TreeTypeAdapter.read(TreeTypeAdapter.java:76) ~[gson-2.10.jar%2372!/:?]
	at com.google.gson.Gson.fromJson(Gson.java:1214) ~[gson-2.10.jar%2372!/:?]
	at com.google.gson.Gson.fromJson(Gson.java:1319) ~[gson-2.10.jar%2372!/:?]
	at com.google.gson.Gson.fromJson(Gson.java:1261) ~[gson-2.10.jar%2372!/:?]
	at net.minecraftforge.common.ForgeHooks.loadLootTable(ForgeHooks.java:872) ~[forge-1.20.1-47.4.16-universal.jar%23586!/:?]
	at net.minecraftforge.common.ForgeHooks.lambda$getLootTableDeserializer$3(ForgeHooks.java:849) ~[forge-1.20.1-47.4.16-universal.jar%23586!/:?]
	at net.minecraft.world.level.storage.loot.LootDataType.deserialize(LootDataType.java:45) ~[server-1.20.1-20230612.114412-srg.jar%23581!/:?]
	at net.minecraft.world.level.storage.loot.LootDataManager.lambda$scheduleElementParse$4(LootDataManager.java:56) ~[server-1.20.1-20230612.114412-srg.jar%23581!/:?]
	at java.util.HashMap.forEach(HashMap.java:1430) ~[?:?]
	at net.minecraft.world.level.storage.loot.LootDataManager.m_278660_(LootDataManager.java:55) ~[server-1.20.1-20230612.114412-srg.jar%23581!/:?]
	at java.util.concurrent.CompletableFuture$AsyncRun.run(CompletableFuture.java:1825) ~[?:?]
	at java.util.concurrent.CompletableFuture$AsyncRun.exec(CompletableFuture.java:1817) ~[?:?]
	at java.util.concurrent.ForkJoinTask.doExec(ForkJoinTask.java:511) ~[?:?]
	at java.util.concurrent.ForkJoinPool$WorkQueue.topLevelExec(ForkJoinPool.java:1450) ~[?:?]
	at java.util.concurrent.ForkJoinPool.runWorker(ForkJoinPool.java:2019) ~[?:?]
	at java.util.concurrent.ForkJoinWorkerThread.run(ForkJoinWorkerThread.java:187) ~[?:?]
[04Mar2026 18:32:06.051] [Worker-Main-10/WARN] [org.berezka.berezka_api.BuiltInResourcePack/]: [Berezka API] called getResource with namespace berezka_api but file (fabric.json) doesn't exist. (most of the time you can ignore this
[04Mar2026 18:32:06.059] [Worker-Main-10/INFO] [K-Turrets/]: Checking alexsmobs:entities/crocodile loot table
[04Mar2026 18:32:06.063] [Worker-Main-10/WARN] [org.berezka.berezka_api.BuiltInResourcePack/]: [Berezka API] called getResource with namespace berezka_api but file (tower_chest.json) doesn't exist. (most of the time you can ignore this
[04Mar2026 18:32:06.064] [Worker-Main-10/INFO] [K-Turrets/]: Checking alexsmobs:entities/cosmaw loot table
[04Mar2026 18:32:06.066] [Worker-Main-10/INFO] [K-Turrets/]: Checking mutantmonsters:entities/mutant_skeleton/limb loot table
[04Mar2026 18:32:06.067] [Worker-Main-10/INFO] [K-Turrets/]: Checking minecraft:entities/sheep/red loot table
[04Mar2026 18:32:06.069] [Worker-Main-10/INFO] [K-Turrets/]: Checking minecraft:entities/sheep/white loot table
[04Mar2026 18:32:06.075] [Worker-Main-14/ERROR] [net.minecraft.server.packs.resources.SimpleJsonResourceReloadListener/]: Couldn't parse data file create:mixing/blue_vitriol_mixing from create:recipes/mixing/blue_vitriol_mixing.json
com.google.gson.JsonParseException: com.google.gson.stream.MalformedJsonException: Use JsonReader.setLenient(true) to accept malformed JSON at line 1 column 3 path $.
	at net.minecraft.util.GsonHelper.m_13780_(GsonHelper.java:526) ~[server-1.20.1-20230612.114412-srg.jar%23581!/:?]
	at net.minecraft.util.GsonHelper.m_263475_(GsonHelper.java:531) ~[server-1.20.1-20230612.114412-srg.jar%23581!/:?]
	at net.minecraft.util.GsonHelper.m_13776_(GsonHelper.java:581) ~[server-1.20.1-20230612.114412-srg.jar%23581!/:?]
	at net.minecraft.server.packs.resources.SimpleJsonResourceReloadListener.m_278771_(SimpleJsonResourceReloadListener.java:41) ~[server-1.20.1-20230612.114412-srg.jar%23581!/:?]
	at net.minecraft.server.packs.resources.SimpleJsonResourceReloadListener.m_5944_(SimpleJsonResourceReloadListener.java:29) ~[server-1.20.1-20230612.114412-srg.jar%23581!/:?]
	at net.minecraft.server.packs.resources.SimpleJsonResourceReloadListener.m_5944_(SimpleJsonResourceReloadListener.java:17) ~[server-1.20.1-20230612.114412-srg.jar%23581!/:?]
	at net.minecraft.server.packs.resources.SimplePreparableReloadListener.m_10786_(SimplePreparableReloadListener.java:11) ~[server-1.20.1-20230612.114412-srg.jar%23581!/:?]
	at java.util.concurrent.CompletableFuture$AsyncSupply.run(CompletableFuture.java:1789) ~[?:?]
	at java.util.concurrent.CompletableFuture$AsyncSupply.exec(CompletableFuture.java:1781) ~[?:?]
	at java.util.concurrent.ForkJoinTask.doExec(ForkJoinTask.java:511) ~[?:?]
	at java.util.concurrent.ForkJoinPool$WorkQueue.topLevelExec(ForkJoinPool.java:1450) ~[?:?]
	at java.util.concurrent.ForkJoinPool.runWorker(ForkJoinPool.java:2019) ~[?:?]
	at java.util.concurrent.ForkJoinWorkerThread.run(ForkJoinWorkerThread.java:187) ~[?:?]
Caused by: com.google.gson.stream.MalformedJsonException: Use JsonReader.setLenient(true) to accept malformed JSON at line 1 column 3 path $.
	at com.google.gson.stream.JsonReader.syntaxError(JsonReader.java:1657) ~[gson-2.10.jar%2372!/:?]
	at com.google.gson.stream.JsonReader.checkLenient(JsonReader.java:1463) ~[gson-2.10.jar%2372!/:?]
	at com.google.gson.stream.JsonReader.doPeek(JsonReader.java:517) ~[gson-2.10.jar%2372!/:?]
	at com.google.gson.stream.JsonReader.hasNext(JsonReader.java:422) ~[gson-2.10.jar%2372!/:?]
	at com.google.gson.internal.bind.TypeAdapters$28.read(TypeAdapters.java:779) ~[gson-2.10.jar%2372!/:?]
	at com.google.gson.internal.bind.TypeAdapters$28.read(TypeAdapters.java:725) ~[gson-2.10.jar%2372!/:?]
	at com.google.gson.internal.bind.TypeAdapters$34$1.read(TypeAdapters.java:1007) ~[gson-2.10.jar%2372!/:?]
	at net.minecraft.util.GsonHelper.m_13780_(GsonHelper.java:524) ~[server-1.20.1-20230612.114412-srg.jar%23581!/:?]
	... 12 more
[04Mar2026 18:32:06.081] [Worker-Main-10/INFO] [K-Turrets/]: Checking alexsmobs:entities/murmur loot table
[04Mar2026 18:32:06.087] [Worker-Main-10/INFO] [K-Turrets/]: Checking alexsmobs:entities/skelewag loot table
[04Mar2026 18:32:06.092] [Worker-Main-10/INFO] [K-Turrets/]: Checking minecraft:entities/phantom loot table
[04Mar2026 18:32:06.092] [Worker-Main-10/INFO] [K-Turrets/]:    Including phantom_membrane with uniform set item function 0.0 - 1.0
[04Mar2026 18:32:06.096] [Worker-Main-10/ERROR] [net.minecraftforge.common.ForgeHooks/]: Couldn't parse element loot_tables:dustrial_decor:blocks/bolted_industrial_iron_vertical_slab
java.lang.IllegalArgumentException: Can't find block dustrial_decor:bolted_industrial_iron_vertical_slab
	at net.minecraft.world.level.storage.loot.predicates.LootItemBlockStatePropertyCondition$Serializer.m_81802_(LootItemBlockStatePropertyCondition.java:79) ~[server-1.20.1-20230612.114412-srg.jar%23581!/:?]
	at java.util.Optional.orElseThrow(Optional.java:403) ~[?:?]
	at net.minecraft.world.level.storage.loot.predicates.LootItemBlockStatePropertyCondition$Serializer.m_7561_(LootItemBlockStatePropertyCondition.java:79) ~[server-1.20.1-20230612.114412-srg.jar%23581!/:?]
	at net.minecraft.world.level.storage.loot.predicates.LootItemBlockStatePropertyCondition$Serializer.m_7561_(LootItemBlockStatePropertyCondition.java:68) ~[server-1.20.1-20230612.114412-srg.jar%23581!/:?]
	at net.minecraft.world.level.storage.loot.GsonAdapterFactory$JsonAdapter.deserialize(GsonAdapterFactory.java:102) ~[server-1.20.1-20230612.114412-srg.jar%23581!/:?]
	at com.google.gson.internal.bind.TreeTypeAdapter.read(TreeTypeAdapter.java:76) ~[gson-2.10.jar%2372!/:?]
	at com.google.gson.internal.bind.TypeAdapterRuntimeTypeWrapper.read(TypeAdapterRuntimeTypeWrapper.java:40) ~[gson-2.10.jar%2372!/:?]
	at com.google.gson.internal.bind.ArrayTypeAdapter.read(ArrayTypeAdapter.java:72) ~[gson-2.10.jar%2372!/:?]
	at com.google.gson.Gson.fromJson(Gson.java:1214) ~[gson-2.10.jar%2372!/:?]
	at com.google.gson.Gson.fromJson(Gson.java:1319) ~[gson-2.10.jar%2372!/:?]
	at com.google.gson.Gson.fromJson(Gson.java:1290) ~[gson-2.10.jar%2372!/:?]
	at com.google.gson.internal.bind.TreeTypeAdapter$GsonContextImpl.deserialize(TreeTypeAdapter.java:179) ~[gson-2.10.jar%2372!/:?]
	at net.minecraft.util.GsonHelper.m_13808_(GsonHelper.java:463) ~[server-1.20.1-20230612.114412-srg.jar%23581!/:?]
	at net.minecraft.util.GsonHelper.m_13845_(GsonHelper.java:481) ~[server-1.20.1-20230612.114412-srg.jar%23581!/:?]
	at net.minecraft.world.level.storage.loot.functions.LootItemConditionalFunction$Serializer.m_7561_(LootItemConditionalFunction.java:98) ~[server-1.20.1-20230612.114412-srg.jar%23581!/:?]
	at net.minecraft.world.level.storage.loot.functions.LootItemConditionalFunction$Serializer.m_7561_(LootItemConditionalFunction.java:88) ~[server-1.20.1-20230612.114412-srg.jar%23581!/:?]
	at net.minecraft.world.level.storage.loot.GsonAdapterFactory$JsonAdapter.deserialize(GsonAdapterFactory.java:102) ~[server-1.20.1-20230612.114412-srg.jar%23581!/:?]
	at com.google.gson.internal.bind.TreeTypeAdapter.read(TreeTypeAdapter.java:76) ~[gson-2.10.jar%2372!/:?]
	at com.google.gson.internal.bind.TypeAdapterRuntimeTypeWrapper.read(TypeAdapterRuntimeTypeWrapper.java:40) ~[gson-2.10.jar%2372!/:?]
	at com.google.gson.internal.bind.ArrayTypeAdapter.read(ArrayTypeAdapter.java:72) ~[gson-2.10.jar%2372!/:?]
	at com.google.gson.Gson.fromJson(Gson.java:1214) ~[gson-2.10.jar%2372!/:?]
	at com.google.gson.Gson.fromJson(Gson.java:1319) ~[gson-2.10.jar%2372!/:?]
	at com.google.gson.Gson.fromJson(Gson.java:1290) ~[gson-2.10.jar%2372!/:?]
	at com.google.gson.internal.bind.TreeTypeAdapter$GsonContextImpl.deserialize(TreeTypeAdapter.java:179) ~[gson-2.10.jar%2372!/:?]
	at net.minecraft.util.GsonHelper.m_13808_(GsonHelper.java:463) ~[server-1.20.1-20230612.114412-srg.jar%23581!/:?]
	at net.minecraft.util.GsonHelper.m_13845_(GsonHelper.java:481) ~[server-1.20.1-20230612.114412-srg.jar%23581!/:?]
	at net.minecraft.world.level.storage.loot.entries.LootPoolSingletonContainer$Serializer.m_5921_(LootPoolSingletonContainer.java:149) ~[server-1.20.1-20230612.114412-srg.jar%23581!/:?]
	at net.minecraft.world.level.storage.loot.entries.LootPoolSingletonContainer$Serializer.m_5921_(LootPoolSingletonContainer.java:129) ~[server-1.20.1-20230612.114412-srg.jar%23581!/:?]
	at net.minecraft.world.level.storage.loot.entries.LootPoolEntryContainer$Serializer.m_7561_(LootPoolEntryContainer.java:86) ~[server-1.20.1-20230612.114412-srg.jar%23581!/:?]
	at net.minecraft.world.level.storage.loot.entries.LootPoolEntryContainer$Serializer.m_7561_(LootPoolEntryContainer.java:74) ~[server-1.20.1-20230612.114412-srg.jar%23581!/:?]
	at net.minecraft.world.level.storage.loot.GsonAdapterFactory$JsonAdapter.deserialize(GsonAdapterFactory.java:102) ~[server-1.20.1-20230612.114412-srg.jar%23581!/:?]
	at com.google.gson.internal.bind.TreeTypeAdapter.read(TreeTypeAdapter.java:76) ~[gson-2.10.jar%2372!/:?]
	at com.google.gson.internal.bind.TypeAdapterRuntimeTypeWrapper.read(TypeAdapterRuntimeTypeWrapper.java:40) ~[gson-2.10.jar%2372!/:?]
	at com.google.gson.internal.bind.ArrayTypeAdapter.read(ArrayTypeAdapter.java:72) ~[gson-2.10.jar%2372!/:?]
	at com.google.gson.Gson.fromJson(Gson.java:1214) ~[gson-2.10.jar%2372!/:?]
	at com.google.gson.Gson.fromJson(Gson.java:1319) ~[gson-2.10.jar%2372!/:?]
	at com.google.gson.Gson.fromJson(Gson.java:1290) ~[gson-2.10.jar%2372!/:?]
	at com.google.gson.internal.bind.TreeTypeAdapter$GsonContextImpl.deserialize(TreeTypeAdapter.java:179) ~[gson-2.10.jar%2372!/:?]
	at net.minecraft.util.GsonHelper.m_13808_(GsonHelper.java:463) ~[server-1.20.1-20230612.114412-srg.jar%23581!/:?]
	at net.minecraft.util.GsonHelper.m_13836_(GsonHelper.java:471) ~[server-1.20.1-20230612.114412-srg.jar%23581!/:?]
	at net.minecraft.world.level.storage.loot.LootPool$Serializer.deserialize(LootPool.java:192) ~[server-1.20.1-20230612.114412-srg.jar%23581!/:?]
	at net.minecraft.world.level.storage.loot.LootPool$Serializer.deserialize(LootPool.java:189) ~[server-1.20.1-20230612.114412-srg.jar%23581!/:?]
	at com.google.gson.internal.bind.TreeTypeAdapter.read(TreeTypeAdapter.java:76) ~[gson-2.10.jar%2372!/:?]
	at com.google.gson.internal.bind.TypeAdapterRuntimeTypeWrapper.read(TypeAdapterRuntimeTypeWrapper.java:40) ~[gson-2.10.jar%2372!/:?]
	at com.google.gson.internal.bind.ArrayTypeAdapter.read(ArrayTypeAdapter.java:72) ~[gson-2.10.jar%2372!/:?]
	at com.google.gson.Gson.fromJson(Gson.java:1214) ~[gson-2.10.jar%2372!/:?]
	at com.google.gson.Gson.fromJson(Gson.java:1319) ~[gson-2.10.jar%2372!/:?]
	at com.google.gson.Gson.fromJson(Gson.java:1290) ~[gson-2.10.jar%2372!/:?]
	at com.google.gson.internal.bind.TreeTypeAdapter$GsonContextImpl.deserialize(TreeTypeAdapter.java:179) ~[gson-2.10.jar%2372!/:?]
	at net.minecraft.util.GsonHelper.m_13808_(GsonHelper.java:463) ~[server-1.20.1-20230612.114412-srg.jar%23581!/:?]
	at net.minecraft.util.GsonHelper.m_13845_(GsonHelper.java:481) ~[server-1.20.1-20230612.114412-srg.jar%23581!/:?]
	at net.minecraft.world.level.storage.loot.LootTable$Serializer.deserialize(LootTable.java:294) ~[server-1.20.1-20230612.114412-srg.jar%23581!/:?]
	at net.minecraft.world.level.storage.loot.LootTable$Serializer.deserialize(LootTable.java:291) ~[server-1.20.1-20230612.114412-srg.jar%23581!/:?]
	at com.google.gson.internal.bind.TreeTypeAdapter.read(TreeTypeAdapter.java:76) ~[gson-2.10.jar%2372!/:?]
	at com.google.gson.Gson.fromJson(Gson.java:1214) ~[gson-2.10.jar%2372!/:?]
	at com.google.gson.Gson.fromJson(Gson.java:1319) ~[gson-2.10.jar%2372!/:?]
	at com.google.gson.Gson.fromJson(Gson.java:1261) ~[gson-2.10.jar%2372!/:?]
	at net.minecraftforge.common.ForgeHooks.loadLootTable(ForgeHooks.java:872) ~[forge-1.20.1-47.4.16-universal.jar%23586!/:?]
	at net.minecraftforge.common.ForgeHooks.lambda$getLootTableDeserializer$3(ForgeHooks.java:849) ~[forge-1.20.1-47.4.16-universal.jar%23586!/:?]
	at net.minecraft.world.level.storage.loot.LootDataType.deserialize(LootDataType.java:45) ~[server-1.20.1-20230612.114412-srg.jar%23581!/:?]
	at net.minecraft.world.level.storage.loot.LootDataManager.lambda$scheduleElementParse$4(LootDataManager.java:56) ~[server-1.20.1-20230612.114412-srg.jar%23581!/:?]
	at java.util.HashMap.forEach(HashMap.java:1430) ~[?:?]
	at net.minecraft.world.level.storage.loot.LootDataManager.m_278660_(LootDataManager.java:55) ~[server-1.20.1-20230612.114412-srg.jar%23581!/:?]
	at java.util.concurrent.CompletableFuture$AsyncRun.run(CompletableFuture.java:1825) ~[?:?]
	at java.util.concurrent.CompletableFuture$AsyncRun.exec(CompletableFuture.java:1817) ~[?:?]
	at java.util.concurrent.ForkJoinTask.doExec(ForkJoinTask.java:511) ~[?:?]
	at java.util.concurrent.ForkJoinPool$WorkQueue.topLevelExec(ForkJoinPool.java:1450) ~[?:?]
	at java.util.concurrent.ForkJoinPool.runWorker(ForkJoinPool.java:2019) ~[?:?]
	at java.util.concurrent.ForkJoinWorkerThread.run(ForkJoinWorkerThread.java:187) ~[?:?]
[04Mar2026 18:32:06.101] [Worker-Main-10/INFO] [K-Turrets/]: Checking mutantmonsters:entities/mutant_skeleton/shoulder_pad loot table
[04Mar2026 18:32:06.101] [Worker-Main-10/INFO] [K-Turrets/]: Checking alexsmobs:entities/toucan loot table
[04Mar2026 18:32:06.107] [Worker-Main-10/INFO] [K-Turrets/]: Checking alexsmobs:entities/bunfungus loot table
[04Mar2026 18:32:06.109] [Worker-Main-10/INFO] [K-Turrets/]: Checking minecraft:entities/blaze loot table
[04Mar2026 18:32:06.110] [Worker-Main-10/INFO] [K-Turrets/]:    Including blaze_rod with uniform set item function 0.0 - 1.0
[04Mar2026 18:32:06.116] [Worker-Main-10/ERROR] [net.minecraftforge.common.ForgeHooks/]: Couldn't parse element loot_tables:immersive_weathering:blocks/croptopia/cinnamon_leaf_pile
com.google.gson.JsonSyntaxException: Expected name to be an item, was unknown string 'croptopia:cinnamon_leaves'
	at net.minecraft.util.GsonHelper.m_13866_(GsonHelper.java:145) ~[server-1.20.1-20230612.114412-srg.jar%23581!/:?]
	at java.util.Optional.orElseThrow(Optional.java:403) ~[?:?]
	at net.minecraft.util.GsonHelper.m_13874_(GsonHelper.java:145) ~[server-1.20.1-20230612.114412-srg.jar%23581!/:?]
	at net.minecraft.util.GsonHelper.m_13909_(GsonHelper.java:153) ~[server-1.20.1-20230612.114412-srg.jar%23581!/:?]
	at net.minecraft.world.level.storage.loot.entries.LootItem$Serializer.m_7267_(LootItem.java:55) ~[server-1.20.1-20230612.114412-srg.jar%23581!/:?]
	at net.minecraft.world.level.storage.loot.entries.LootItem$Serializer.m_7267_(LootItem.java:40) ~[server-1.20.1-20230612.114412-srg.jar%23581!/:?]
	at net.minecraft.world.level.storage.loot.entries.LootPoolSingletonContainer$Serializer.m_5921_(LootPoolSingletonContainer.java:151) ~[server-1.20.1-20230612.114412-srg.jar%23581!/:?]
	at net.minecraft.world.level.storage.loot.entries.LootPoolSingletonContainer$Serializer.m_5921_(LootPoolSingletonContainer.java:129) ~[server-1.20.1-20230612.114412-srg.jar%23581!/:?]
	at net.minecraft.world.level.storage.loot.entries.LootPoolEntryContainer$Serializer.m_7561_(LootPoolEntryContainer.java:86) ~[server-1.20.1-20230612.114412-srg.jar%23581!/:?]
	at net.minecraft.world.level.storage.loot.entries.LootPoolEntryContainer$Serializer.m_7561_(LootPoolEntryContainer.java:74) ~[server-1.20.1-20230612.114412-srg.jar%23581!/:?]
	at net.minecraft.world.level.storage.loot.GsonAdapterFactory$JsonAdapter.deserialize(GsonAdapterFactory.java:102) ~[server-1.20.1-20230612.114412-srg.jar%23581!/:?]
	at com.google.gson.internal.bind.TreeTypeAdapter.read(TreeTypeAdapter.java:76) ~[gson-2.10.jar%2372!/:?]
	at com.google.gson.internal.bind.TypeAdapterRuntimeTypeWrapper.read(TypeAdapterRuntimeTypeWrapper.java:40) ~[gson-2.10.jar%2372!/:?]
	at com.google.gson.internal.bind.ArrayTypeAdapter.read(ArrayTypeAdapter.java:72) ~[gson-2.10.jar%2372!/:?]
	at com.google.gson.Gson.fromJson(Gson.java:1214) ~[gson-2.10.jar%2372!/:?]
	at com.google.gson.Gson.fromJson(Gson.java:1319) ~[gson-2.10.jar%2372!/:?]
	at com.google.gson.Gson.fromJson(Gson.java:1290) ~[gson-2.10.jar%2372!/:?]
	at com.google.gson.internal.bind.TreeTypeAdapter$GsonContextImpl.deserialize(TreeTypeAdapter.java:179) ~[gson-2.10.jar%2372!/:?]
	at net.minecraft.util.GsonHelper.m_13808_(GsonHelper.java:463) ~[server-1.20.1-20230612.114412-srg.jar%23581!/:?]
	at net.minecraft.util.GsonHelper.m_13836_(GsonHelper.java:471) ~[server-1.20.1-20230612.114412-srg.jar%23581!/:?]
	at net.minecraft.world.level.storage.loot.entries.CompositeEntryBase$1.m_5921_(CompositeEntryBase.java:61) ~[server-1.20.1-20230612.114412-srg.jar%23581!/:?]
	at net.minecraft.world.level.storage.loot.entries.CompositeEntryBase$1.m_5921_(CompositeEntryBase.java:53) ~[server-1.20.1-20230612.114412-srg.jar%23581!/:?]
	at net.minecraft.world.level.storage.loot.entries.LootPoolEntryContainer$Serializer.m_7561_(LootPoolEntryContainer.java:86) ~[server-1.20.1-20230612.114412-srg.jar%23581!/:?]
	at net.minecraft.world.level.storage.loot.entries.LootPoolEntryContainer$Serializer.m_7561_(LootPoolEntryContainer.java:74) ~[server-1.20.1-20230612.114412-srg.jar%23581!/:?]
	at net.minecraft.world.level.storage.loot.GsonAdapterFactory$JsonAdapter.deserialize(GsonAdapterFactory.java:102) ~[server-1.20.1-20230612.114412-srg.jar%23581!/:?]
	at com.google.gson.internal.bind.TreeTypeAdapter.read(TreeTypeAdapter.java:76) ~[gson-2.10.jar%2372!/:?]
	at com.google.gson.internal.bind.TypeAdapterRuntimeTypeWrapper.read(TypeAdapterRuntimeTypeWrapper.java:40) ~[gson-2.10.jar%2372!/:?]
	at com.google.gson.internal.bind.ArrayTypeAdapter.read(ArrayTypeAdapter.java:72) ~[gson-2.10.jar%2372!/:?]
	at com.google.gson.Gson.fromJson(Gson.java:1214) ~[gson-2.10.jar%2372!/:?]
	at com.google.gson.Gson.fromJson(Gson.java:1319) ~[gson-2.10.jar%2372!/:?]
	at com.google.gson.Gson.fromJson(Gson.java:1290) ~[gson-2.10.jar%2372!/:?]
	at com.google.gson.internal.bind.TreeTypeAdapter$GsonContextImpl.deserialize(TreeTypeAdapter.java:179) ~[gson-2.10.jar%2372!/:?]
	at net.minecraft.util.GsonHelper.m_13808_(GsonHelper.java:463) ~[server-1.20.1-20230612.114412-srg.jar%23581!/:?]
	at net.minecraft.util.GsonHelper.m_13836_(GsonHelper.java:471) ~[server-1.20.1-20230612.114412-srg.jar%23581!/:?]
	at net.minecraft.world.level.storage.loot.entries.CompositeEntryBase$1.m_5921_(CompositeEntryBase.java:61) ~[server-1.20.1-20230612.114412-srg.jar%23581!/:?]
	at net.minecraft.world.level.storage.loot.entries.CompositeEntryBase$1.m_5921_(CompositeEntryBase.java:53) ~[server-1.20.1-20230612.114412-srg.jar%23581!/:?]
	at net.minecraft.world.level.storage.loot.entries.LootPoolEntryContainer$Serializer.m_7561_(LootPoolEntryContainer.java:86) ~[server-1.20.1-20230612.114412-srg.jar%23581!/:?]
	at net.minecraft.world.level.storage.loot.entries.LootPoolEntryContainer$Serializer.m_7561_(LootPoolEntryContainer.java:74) ~[server-1.20.1-20230612.114412-srg.jar%23581!/:?]
	at net.minecraft.world.level.storage.loot.GsonAdapterFactory$JsonAdapter.deserialize(GsonAdapterFactory.java:102) ~[server-1.20.1-20230612.114412-srg.jar%23581!/:?]
	at com.google.gson.internal.bind.TreeTypeAdapter.read(TreeTypeAdapter.java:76) ~[gson-2.10.jar%2372!/:?]
	at com.google.gson.internal.bind.TypeAdapterRuntimeTypeWrapper.read(TypeAdapterRuntimeTypeWrapper.java:40) ~[gson-2.10.jar%2372!/:?]
	at com.google.gson.internal.bind.ArrayTypeAdapter.read(ArrayTypeAdapter.java:72) ~[gson-2.10.jar%2372!/:?]
	at com.google.gson.Gson.fromJson(Gson.java:1214) ~[gson-2.10.jar%2372!/:?]
	at com.google.gson.Gson.fromJson(Gson.java:1319) ~[gson-2.10.jar%2372!/:?]
	at com.google.gson.Gson.fromJson(Gson.java:1290) ~[gson-2.10.jar%2372!/:?]
	at com.google.gson.internal.bind.TreeTypeAdapter$GsonContextImpl.deserialize(TreeTypeAdapter.java:179) ~[gson-2.10.jar%2372!/:?]
	at net.minecraft.util.GsonHelper.m_13808_(GsonHelper.java:463) ~[server-1.20.1-20230612.114412-srg.jar%23581!/:?]
	at net.minecraft.util.GsonHelper.m_13836_(GsonHelper.java:471) ~[server-1.20.1-20230612.114412-srg.jar%23581!/:?]
	at net.minecraft.world.level.storage.loot.LootPool$Serializer.deserialize(LootPool.java:192) ~[server-1.20.1-20230612.114412-srg.jar%23581!/:?]
	at net.minecraft.world.level.storage.loot.LootPool$Serializer.deserialize(LootPool.java:189) ~[server-1.20.1-20230612.114412-srg.jar%23581!/:?]
	at com.google.gson.internal.bind.TreeTypeAdapter.read(TreeTypeAdapter.java:76) ~[gson-2.10.jar%2372!/:?]
	at com.google.gson.internal.bind.TypeAdapterRuntimeTypeWrapper.read(TypeAdapterRuntimeTypeWrapper.java:40) ~[gson-2.10.jar%2372!/:?]
	at com.google.gson.internal.bind.ArrayTypeAdapter.read(ArrayTypeAdapter.java:72) ~[gson-2.10.jar%2372!/:?]
	at com.google.gson.Gson.fromJson(Gson.java:1214) ~[gson-2.10.jar%2372!/:?]
	at com.google.gson.Gson.fromJson(Gson.java:1319) ~[gson-2.10.jar%2372!/:?]
	at com.google.gson.Gson.fromJson(Gson.java:1290) ~[gson-2.10.jar%2372!/:?]
	at com.google.gson.internal.bind.TreeTypeAdapter$GsonContextImpl.deserialize(TreeTypeAdapter.java:179) ~[gson-2.10.jar%2372!/:?]
	at net.minecraft.util.GsonHelper.m_13808_(GsonHelper.java:463) ~[server-1.20.1-20230612.114412-srg.jar%23581!/:?]
	at net.minecraft.util.GsonHelper.m_13845_(GsonHelper.java:481) ~[server-1.20.1-20230612.114412-srg.jar%23581!/:?]
	at net.minecraft.world.level.storage.loot.LootTable$Serializer.deserialize(LootTable.java:294) ~[server-1.20.1-20230612.114412-srg.jar%23581!/:?]
	at net.minecraft.world.level.storage.loot.LootTable$Serializer.deserialize(LootTable.java:291) ~[server-1.20.1-20230612.114412-srg.jar%23581!/:?]
	at com.google.gson.internal.bind.TreeTypeAdapter.read(TreeTypeAdapter.java:76) ~[gson-2.10.jar%2372!/:?]
	at com.google.gson.Gson.fromJson(Gson.java:1214) ~[gson-2.10.jar%2372!/:?]
	at com.google.gson.Gson.fromJson(Gson.java:1319) ~[gson-2.10.jar%2372!/:?]
	at com.google.gson.Gson.fromJson(Gson.java:1261) ~[gson-2.10.jar%2372!/:?]
	at net.minecraftforge.common.ForgeHooks.loadLootTable(ForgeHooks.java:872) ~[forge-1.20.1-47.4.16-universal.jar%23586!/:?]
	at net.minecraftforge.common.ForgeHooks.lambda$getLootTableDeserializer$3(ForgeHooks.java:849) ~[forge-1.20.1-47.4.16-universal.jar%23586!/:?]
	at net.minecraft.world.level.storage.loot.LootDataType.deserialize(LootDataType.java:45) ~[server-1.20.1-20230612.114412-srg.jar%23581!/:?]
	at net.minecraft.world.level.storage.loot.LootDataManager.lambda$scheduleElementParse$4(LootDataManager.java:56) ~[server-1.20.1-20230612.114412-srg.jar%23581!/:?]
	at java.util.HashMap.forEach(HashMap.java:1430) ~[?:?]
	at net.minecraft.world.level.storage.loot.LootDataManager.m_278660_(LootDataManager.java:55) ~[server-1.20.1-20230612.114412-srg.jar%23581!/:?]
	at java.util.concurrent.CompletableFuture$AsyncRun.run(CompletableFuture.java:1825) ~[?:?]
	at java.util.concurrent.CompletableFuture$AsyncRun.exec(CompletableFuture.java:1817) ~[?:?]
	at java.util.concurrent.ForkJoinTask.doExec(ForkJoinTask.java:511) ~[?:?]
	at java.util.concurrent.ForkJoinPool$WorkQueue.topLevelExec(ForkJoinPool.java:1450) ~[?:?]
	at java.util.concurrent.ForkJoinPool.runWorker(ForkJoinPool.java:2019) ~[?:?]
	at java.util.concurrent.ForkJoinWorkerThread.run(ForkJoinWorkerThread.java:187) ~[?:?]
[04Mar2026 18:32:06.119] [Worker-Main-10/ERROR] [net.minecraftforge.common.ForgeHooks/]: Couldn't parse element loot_tables:jeffs_cursed_walking_structures:chests/gun_2
com.google.gson.JsonSyntaxException: Expected name to be an item, was unknown string 'mcore:steel_ingot'
	at net.minecraft.util.GsonHelper.m_13866_(GsonHelper.java:145) ~[server-1.20.1-20230612.114412-srg.jar%23581!/:?]
	at java.util.Optional.orElseThrow(Optional.java:403) ~[?:?]
	at net.minecraft.util.GsonHelper.m_13874_(GsonHelper.java:145) ~[server-1.20.1-20230612.114412-srg.jar%23581!/:?]
	at net.minecraft.util.GsonHelper.m_13909_(GsonHelper.java:153) ~[server-1.20.1-20230612.114412-srg.jar%23581!/:?]
	at net.minecraft.world.level.storage.loot.entries.LootItem$Serializer.m_7267_(LootItem.java:55) ~[server-1.20.1-20230612.114412-srg.jar%23581!/:?]
	at net.minecraft.world.level.storage.loot.entries.LootItem$Serializer.m_7267_(LootItem.java:40) ~[server-1.20.1-20230612.114412-srg.jar%23581!/:?]
	at net.minecraft.world.level.storage.loot.entries.LootPoolSingletonContainer$Serializer.m_5921_(LootPoolSingletonContainer.java:151) ~[server-1.20.1-20230612.114412-srg.jar%23581!/:?]
	at net.minecraft.world.level.storage.loot.entries.LootPoolSingletonContainer$Serializer.m_5921_(LootPoolSingletonContainer.java:129) ~[server-1.20.1-20230612.114412-srg.jar%23581!/:?]
	at net.minecraft.world.level.storage.loot.entries.LootPoolEntryContainer$Serializer.m_7561_(LootPoolEntryContainer.java:86) ~[server-1.20.1-20230612.114412-srg.jar%23581!/:?]
	at net.minecraft.world.level.storage.loot.entries.LootPoolEntryContainer$Serializer.m_7561_(LootPoolEntryContainer.java:74) ~[server-1.20.1-20230612.114412-srg.jar%23581!/:?]
	at net.minecraft.world.level.storage.loot.GsonAdapterFactory$JsonAdapter.deserialize(GsonAdapterFactory.java:102) ~[server-1.20.1-20230612.114412-srg.jar%23581!/:?]
	at com.google.gson.internal.bind.TreeTypeAdapter.read(TreeTypeAdapter.java:76) ~[gson-2.10.jar%2372!/:?]
	at com.google.gson.internal.bind.TypeAdapterRuntimeTypeWrapper.read(TypeAdapterRuntimeTypeWrapper.java:40) ~[gson-2.10.jar%2372!/:?]
	at com.google.gson.internal.bind.ArrayTypeAdapter.read(ArrayTypeAdapter.java:72) ~[gson-2.10.jar%2372!/:?]
	at com.google.gson.Gson.fromJson(Gson.java:1214) ~[gson-2.10.jar%2372!/:?]
	at com.google.gson.Gson.fromJson(Gson.java:1319) ~[gson-2.10.jar%2372!/:?]
	at com.google.gson.Gson.fromJson(Gson.java:1290) ~[gson-2.10.jar%2372!/:?]
	at com.google.gson.internal.bind.TreeTypeAdapter$GsonContextImpl.deserialize(TreeTypeAdapter.java:179) ~[gson-2.10.jar%2372!/:?]
	at net.minecraft.util.GsonHelper.m_13808_(GsonHelper.java:463) ~[server-1.20.1-20230612.114412-srg.jar%23581!/:?]
	at net.minecraft.util.GsonHelper.m_13836_(GsonHelper.java:471) ~[server-1.20.1-20230612.114412-srg.jar%23581!/:?]
	at net.minecraft.world.level.storage.loot.LootPool$Serializer.deserialize(LootPool.java:192) ~[server-1.20.1-20230612.114412-srg.jar%23581!/:?]
	at net.minecraft.world.level.storage.loot.LootPool$Serializer.deserialize(LootPool.java:189) ~[server-1.20.1-20230612.114412-srg.jar%23581!/:?]
	at com.google.gson.internal.bind.TreeTypeAdapter.read(TreeTypeAdapter.java:76) ~[gson-2.10.jar%2372!/:?]
	at com.google.gson.internal.bind.TypeAdapterRuntimeTypeWrapper.read(TypeAdapterRuntimeTypeWrapper.java:40) ~[gson-2.10.jar%2372!/:?]
	at com.google.gson.internal.bind.ArrayTypeAdapter.read(ArrayTypeAdapter.java:72) ~[gson-2.10.jar%2372!/:?]
	at com.google.gson.Gson.fromJson(Gson.java:1214) ~[gson-2.10.jar%2372!/:?]
	at com.google.gson.Gson.fromJson(Gson.java:1319) ~[gson-2.10.jar%2372!/:?]
	at com.google.gson.Gson.fromJson(Gson.java:1290) ~[gson-2.10.jar%2372!/:?]
	at com.google.gson.internal.bind.TreeTypeAdapter$GsonContextImpl.deserialize(TreeTypeAdapter.java:179) ~[gson-2.10.jar%2372!/:?]
	at net.minecraft.util.GsonHelper.m_13808_(GsonHelper.java:463) ~[server-1.20.1-20230612.114412-srg.jar%23581!/:?]
	at net.minecraft.util.GsonHelper.m_13845_(GsonHelper.java:481) ~[server-1.20.1-20230612.114412-srg.jar%23581!/:?]
	at net.minecraft.world.level.storage.loot.LootTable$Serializer.deserialize(LootTable.java:294) ~[server-1.20.1-20230612.114412-srg.jar%23581!/:?]
	at net.minecraft.world.level.storage.loot.LootTable$Serializer.deserialize(LootTable.java:291) ~[server-1.20.1-20230612.114412-srg.jar%23581!/:?]
	at com.google.gson.internal.bind.TreeTypeAdapter.read(TreeTypeAdapter.java:76) ~[gson-2.10.jar%2372!/:?]
	at com.google.gson.Gson.fromJson(Gson.java:1214) ~[gson-2.10.jar%2372!/:?]
	at com.google.gson.Gson.fromJson(Gson.java:1319) ~[gson-2.10.jar%2372!/:?]
	at com.google.gson.Gson.fromJson(Gson.java:1261) ~[gson-2.10.jar%2372!/:?]
	at net.minecraftforge.common.ForgeHooks.loadLootTable(ForgeHooks.java:872) ~[forge-1.20.1-47.4.16-universal.jar%23586!/:?]
	at net.minecraftforge.common.ForgeHooks.lambda$getLootTableDeserializer$3(ForgeHooks.java:849) ~[forge-1.20.1-47.4.16-universal.jar%23586!/:?]
	at net.minecraft.world.level.storage.loot.LootDataType.deserialize(LootDataType.java:45) ~[server-1.20.1-20230612.114412-srg.jar%23581!/:?]
	at net.minecraft.world.level.storage.loot.LootDataManager.lambda$scheduleElementParse$4(LootDataManager.java:56) ~[server-1.20.1-20230612.114412-srg.jar%23581!/:?]
	at java.util.HashMap.forEach(HashMap.java:1430) ~[?:?]
	at net.minecraft.world.level.storage.loot.LootDataManager.m_278660_(LootDataManager.java:55) ~[server-1.20.1-20230612.114412-srg.jar%23581!/:?]
	at java.util.concurrent.CompletableFuture$AsyncRun.run(CompletableFuture.java:1825) ~[?:?]
	at java.util.concurrent.CompletableFuture$AsyncRun.exec(CompletableFuture.java:1817) ~[?:?]
	at java.util.concurrent.ForkJoinTask.doExec(ForkJoinTask.java:511) ~[?:?]
	at java.util.concurrent.ForkJoinPool$WorkQueue.topLevelExec(ForkJoinPool.java:1450) ~[?:?]
	at java.util.concurrent.ForkJoinPool.runWorker(ForkJoinPool.java:2019) ~[?:?]
	at java.util.concurrent.ForkJoinWorkerThread.run(ForkJoinWorkerThread.java:187) ~[?:?]
[04Mar2026 18:32:06.123] [Worker-Main-10/INFO] [K-Turrets/]: Checking minecraft:entities/sheep/green loot table
[04Mar2026 18:32:06.127] [Worker-Main-10/INFO] [K-Turrets/]: Checking minecraft:entities/husk loot table
[04Mar2026 18:32:06.127] [Worker-Main-10/INFO] [K-Turrets/]:    Including iron_ingot with random looting chance 0.008333334
[04Mar2026 18:32:06.127] [Worker-Main-10/INFO] [K-Turrets/]:    Including carrot with random looting chance 0.008333334
[04Mar2026 18:32:06.127] [Worker-Main-10/INFO] [K-Turrets/]:    Including potato with random looting chance 0.008333334
[04Mar2026 18:32:06.129] [Worker-Main-10/INFO] [K-Turrets/]: Checking alekiships:entities/sloop/warped loot table
[04Mar2026 18:32:06.131] [Worker-Main-10/ERROR] [net.minecraftforge.common.ForgeHooks/]: Couldn't parse element loot_tables:dustrial_decor:blocks/cinder_brick_vertical_slab
java.lang.IllegalArgumentException: Can't find block dustrial_decor:cinder_brick_vertical_slab
	at net.minecraft.world.level.storage.loot.predicates.LootItemBlockStatePropertyCondition$Serializer.m_81802_(LootItemBlockStatePropertyCondition.java:79) ~[server-1.20.1-20230612.114412-srg.jar%23581!/:?]
	at java.util.Optional.orElseThrow(Optional.java:403) ~[?:?]
	at net.minecraft.world.level.storage.loot.predicates.LootItemBlockStatePropertyCondition$Serializer.m_7561_(LootItemBlockStatePropertyCondition.java:79) ~[server-1.20.1-20230612.114412-srg.jar%23581!/:?]
	at net.minecraft.world.level.storage.loot.predicates.LootItemBlockStatePropertyCondition$Serializer.m_7561_(LootItemBlockStatePropertyCondition.java:68) ~[server-1.20.1-20230612.114412-srg.jar%23581!/:?]
	at net.minecraft.world.level.storage.loot.GsonAdapterFactory$JsonAdapter.deserialize(GsonAdapterFactory.java:102) ~[server-1.20.1-20230612.114412-srg.jar%23581!/:?]
	at com.google.gson.internal.bind.TreeTypeAdapter.read(TreeTypeAdapter.java:76) ~[gson-2.10.jar%2372!/:?]
	at com.google.gson.internal.bind.TypeAdapterRuntimeTypeWrapper.read(TypeAdapterRuntimeTypeWrapper.java:40) ~[gson-2.10.jar%2372!/:?]
	at com.google.gson.internal.bind.ArrayTypeAdapter.read(ArrayTypeAdapter.java:72) ~[gson-2.10.jar%2372!/:?]
	at com.google.gson.Gson.fromJson(Gson.java:1214) ~[gson-2.10.jar%2372!/:?]
	at com.google.gson.Gson.fromJson(Gson.java:1319) ~[gson-2.10.jar%2372!/:?]
	at com.google.gson.Gson.fromJson(Gson.java:1290) ~[gson-2.10.jar%2372!/:?]
	at com.google.gson.internal.bind.TreeTypeAdapter$GsonContextImpl.deserialize(TreeTypeAdapter.java:179) ~[gson-2.10.jar%2372!/:?]
	at net.minecraft.util.GsonHelper.m_13808_(GsonHelper.java:463) ~[server-1.20.1-20230612.114412-srg.jar%23581!/:?]
	at net.minecraft.util.GsonHelper.m_13845_(GsonHelper.java:481) ~[server-1.20.1-20230612.114412-srg.jar%23581!/:?]
	at net.minecraft.world.level.storage.loot.functions.LootItemConditionalFunction$Serializer.m_7561_(LootItemConditionalFunction.java:98) ~[server-1.20.1-20230612.114412-srg.jar%23581!/:?]
	at net.minecraft.world.level.storage.loot.functions.LootItemConditionalFunction$Serializer.m_7561_(LootItemConditionalFunction.java:88) ~[server-1.20.1-20230612.114412-srg.jar%23581!/:?]
	at net.minecraft.world.level.storage.loot.GsonAdapterFactory$JsonAdapter.deserialize(GsonAdapterFactory.java:102) ~[server-1.20.1-20230612.114412-srg.jar%23581!/:?]
	at com.google.gson.internal.bind.TreeTypeAdapter.read(TreeTypeAdapter.java:76) ~[gson-2.10.jar%2372!/:?]
	at com.google.gson.internal.bind.TypeAdapterRuntimeTypeWrapper.read(TypeAdapterRuntimeTypeWrapper.java:40) ~[gson-2.10.jar%2372!/:?]
	at com.google.gson.internal.bind.ArrayTypeAdapter.read(ArrayTypeAdapter.java:72) ~[gson-2.10.jar%2372!/:?]
	at com.google.gson.Gson.fromJson(Gson.java:1214) ~[gson-2.10.jar%2372!/:?]
	at com.google.gson.Gson.fromJson(Gson.java:1319) ~[gson-2.10.jar%2372!/:?]
	at com.google.gson.Gson.fromJson(Gson.java:1290) ~[gson-2.10.jar%2372!/:?]
	at com.google.gson.internal.bind.TreeTypeAdapter$GsonContextImpl.deserialize(TreeTypeAdapter.java:179) ~[gson-2.10.jar%2372!/:?]
	at net.minecraft.util.GsonHelper.m_13808_(GsonHelper.java:463) ~[server-1.20.1-20230612.114412-srg.jar%23581!/:?]
	at net.minecraft.util.GsonHelper.m_13845_(GsonHelper.java:481) ~[server-1.20.1-20230612.114412-srg.jar%23581!/:?]
	at net.minecraft.world.level.storage.loot.entries.LootPoolSingletonContainer$Serializer.m_5921_(LootPoolSingletonContainer.java:149) ~[server-1.20.1-20230612.114412-srg.jar%23581!/:?]
	at net.minecraft.world.level.storage.loot.entries.LootPoolSingletonContainer$Serializer.m_5921_(LootPoolSingletonContainer.java:129) ~[server-1.20.1-20230612.114412-srg.jar%23581!/:?]
	at net.minecraft.world.level.storage.loot.entries.LootPoolEntryContainer$Serializer.m_7561_(LootPoolEntryContainer.java:86) ~[server-1.20.1-20230612.114412-srg.jar%23581!/:?]
	at net.minecraft.world.level.storage.loot.entries.LootPoolEntryContainer$Serializer.m_7561_(LootPoolEntryContainer.java:74) ~[server-1.20.1-20230612.114412-srg.jar%23581!/:?]
	at net.minecraft.world.level.storage.loot.GsonAdapterFactory$JsonAdapter.deserialize(GsonAdapterFactory.java:102) ~[server-1.20.1-20230612.114412-srg.jar%23581!/:?]
	at com.google.gson.internal.bind.TreeTypeAdapter.read(TreeTypeAdapter.java:76) ~[gson-2.10.jar%2372!/:?]
	at com.google.gson.internal.bind.TypeAdapterRuntimeTypeWrapper.read(TypeAdapterRuntimeTypeWrapper.java:40) ~[gson-2.10.jar%2372!/:?]
	at com.google.gson.internal.bind.ArrayTypeAdapter.read(ArrayTypeAdapter.java:72) ~[gson-2.10.jar%2372!/:?]
	at com.google.gson.Gson.fromJson(Gson.java:1214) ~[gson-2.10.jar%2372!/:?]
	at com.google.gson.Gson.fromJson(Gson.java:1319) ~[gson-2.10.jar%2372!/:?]
	at com.google.gson.Gson.fromJson(Gson.java:1290) ~[gson-2.10.jar%2372!/:?]
	at com.google.gson.internal.bind.TreeTypeAdapter$GsonContextImpl.deserialize(TreeTypeAdapter.java:179) ~[gson-2.10.jar%2372!/:?]
	at net.minecraft.util.GsonHelper.m_13808_(GsonHelper.java:463) ~[server-1.20.1-20230612.114412-srg.jar%23581!/:?]
	at net.minecraft.util.GsonHelper.m_13836_(GsonHelper.java:471) ~[server-1.20.1-20230612.114412-srg.jar%23581!/:?]
	at net.minecraft.world.level.storage.loot.LootPool$Serializer.deserialize(LootPool.java:192) ~[server-1.20.1-20230612.114412-srg.jar%23581!/:?]
	at net.minecraft.world.level.storage.loot.LootPool$Serializer.deserialize(LootPool.java:189) ~[server-1.20.1-20230612.114412-srg.jar%23581!/:?]
	at com.google.gson.internal.bind.TreeTypeAdapter.read(TreeTypeAdapter.java:76) ~[gson-2.10.jar%2372!/:?]
	at com.google.gson.internal.bind.TypeAdapterRuntimeTypeWrapper.read(TypeAdapterRuntimeTypeWrapper.java:40) ~[gson-2.10.jar%2372!/:?]
	at com.google.gson.internal.bind.ArrayTypeAdapter.read(ArrayTypeAdapter.java:72) ~[gson-2.10.jar%2372!/:?]
	at com.google.gson.Gson.fromJson(Gson.java:1214) ~[gson-2.10.jar%2372!/:?]
	at com.google.gson.Gson.fromJson(Gson.java:1319) ~[gson-2.10.jar%2372!/:?]
	at com.google.gson.Gson.fromJson(Gson.java:1290) ~[gson-2.10.jar%2372!/:?]
	at com.google.gson.internal.bind.TreeTypeAdapter$GsonContextImpl.deserialize(TreeTypeAdapter.java:179) ~[gson-2.10.jar%2372!/:?]
	at net.minecraft.util.GsonHelper.m_13808_(GsonHelper.java:463) ~[server-1.20.1-20230612.114412-srg.jar%23581!/:?]
	at net.minecraft.util.GsonHelper.m_13845_(GsonHelper.java:481) ~[server-1.20.1-20230612.114412-srg.jar%23581!/:?]
	at net.minecraft.world.level.storage.loot.LootTable$Serializer.deserialize(LootTable.java:294) ~[server-1.20.1-20230612.114412-srg.jar%23581!/:?]
	at net.minecraft.world.level.storage.loot.LootTable$Serializer.deserialize(LootTable.java:291) ~[server-1.20.1-20230612.114412-srg.jar%23581!/:?]
	at com.google.gson.internal.bind.TreeTypeAdapter.read(TreeTypeAdapter.java:76) ~[gson-2.10.jar%2372!/:?]
	at com.google.gson.Gson.fromJson(Gson.java:1214) ~[gson-2.10.jar%2372!/:?]
	at com.google.gson.Gson.fromJson(Gson.java:1319) ~[gson-2.10.jar%2372!/:?]
	at com.google.gson.Gson.fromJson(Gson.java:1261) ~[gson-2.10.jar%2372!/:?]
	at net.minecraftforge.common.ForgeHooks.loadLootTable(ForgeHooks.java:872) ~[forge-1.20.1-47.4.16-universal.jar%23586!/:?]
	at net.minecraftforge.common.ForgeHooks.lambda$getLootTableDeserializer$3(ForgeHooks.java:849) ~[forge-1.20.1-47.4.16-universal.jar%23586!/:?]
	at net.minecraft.world.level.storage.loot.LootDataType.deserialize(LootDataType.java:45) ~[server-1.20.1-20230612.114412-srg.jar%23581!/:?]
	at net.minecraft.world.level.storage.loot.LootDataManager.lambda$scheduleElementParse$4(LootDataManager.java:56) ~[server-1.20.1-20230612.114412-srg.jar%23581!/:?]
	at java.util.HashMap.forEach(HashMap.java:1430) ~[?:?]
	at net.minecraft.world.level.storage.loot.LootDataManager.m_278660_(LootDataManager.java:55) ~[server-1.20.1-20230612.114412-srg.jar%23581!/:?]
	at java.util.concurrent.CompletableFuture$AsyncRun.run(CompletableFuture.java:1825) ~[?:?]
	at java.util.concurrent.CompletableFuture$AsyncRun.exec(CompletableFuture.java:1817) ~[?:?]
	at java.util.concurrent.ForkJoinTask.doExec(ForkJoinTask.java:511) ~[?:?]
	at java.util.concurrent.ForkJoinPool$WorkQueue.topLevelExec(ForkJoinPool.java:1450) ~[?:?]
	at java.util.concurrent.ForkJoinPool.runWorker(ForkJoinPool.java:2019) ~[?:?]
	at java.util.concurrent.ForkJoinWorkerThread.run(ForkJoinWorkerThread.java:187) ~[?:?]
[04Mar2026 18:32:06.134] [Worker-Main-10/INFO] [K-Turrets/]: Checking alexsmobs:entities/soul_vulture loot table
[04Mar2026 18:32:06.137] [Worker-Main-10/INFO] [K-Turrets/]: Checking minecraft:entities/sheep/black loot table
[04Mar2026 18:32:06.142] [Worker-Main-10/INFO] [K-Turrets/]: Checking minecraft:entities/chicken loot table
[04Mar2026 18:32:06.144] [Worker-Main-10/INFO] [K-Turrets/]: Checking alexsmobs:entities/gazelle loot table
[04Mar2026 18:32:06.147] [Worker-Main-10/ERROR] [net.minecraftforge.common.ForgeHooks/]: Couldn't parse element loot_tables:dustrial_decor:blocks/large_ender_lantern
com.google.gson.JsonSyntaxException: Expected name to be an item, was unknown string 'dustrial_decor:large_ender_lantern'
	at net.minecraft.util.GsonHelper.m_13866_(GsonHelper.java:145) ~[server-1.20.1-20230612.114412-srg.jar%23581!/:?]
	at java.util.Optional.orElseThrow(Optional.java:403) ~[?:?]
	at net.minecraft.util.GsonHelper.m_13874_(GsonHelper.java:145) ~[server-1.20.1-20230612.114412-srg.jar%23581!/:?]
	at net.minecraft.util.GsonHelper.m_13909_(GsonHelper.java:153) ~[server-1.20.1-20230612.114412-srg.jar%23581!/:?]
	at net.minecraft.world.level.storage.loot.entries.LootItem$Serializer.m_7267_(LootItem.java:55) ~[server-1.20.1-20230612.114412-srg.jar%23581!/:?]
	at net.minecraft.world.level.storage.loot.entries.LootItem$Serializer.m_7267_(LootItem.java:40) ~[server-1.20.1-20230612.114412-srg.jar%23581!/:?]
	at net.minecraft.world.level.storage.loot.entries.LootPoolSingletonContainer$Serializer.m_5921_(LootPoolSingletonContainer.java:151) ~[server-1.20.1-20230612.114412-srg.jar%23581!/:?]
	at net.minecraft.world.level.storage.loot.entries.LootPoolSingletonContainer$Serializer.m_5921_(LootPoolSingletonContainer.java:129) ~[server-1.20.1-20230612.114412-srg.jar%23581!/:?]
	at net.minecraft.world.level.storage.loot.entries.LootPoolEntryContainer$Serializer.m_7561_(LootPoolEntryContainer.java:86) ~[server-1.20.1-20230612.114412-srg.jar%23581!/:?]
	at net.minecraft.world.level.storage.loot.entries.LootPoolEntryContainer$Serializer.m_7561_(LootPoolEntryContainer.java:74) ~[server-1.20.1-20230612.114412-srg.jar%23581!/:?]
	at net.minecraft.world.level.storage.loot.GsonAdapterFactory$JsonAdapter.deserialize(GsonAdapterFactory.java:102) ~[server-1.20.1-20230612.114412-srg.jar%23581!/:?]
	at com.google.gson.internal.bind.TreeTypeAdapter.read(TreeTypeAdapter.java:76) ~[gson-2.10.jar%2372!/:?]
	at com.google.gson.internal.bind.TypeAdapterRuntimeTypeWrapper.read(TypeAdapterRuntimeTypeWrapper.java:40) ~[gson-2.10.jar%2372!/:?]
	at com.google.gson.internal.bind.ArrayTypeAdapter.read(ArrayTypeAdapter.java:72) ~[gson-2.10.jar%2372!/:?]
	at com.google.gson.Gson.fromJson(Gson.java:1214) ~[gson-2.10.jar%2372!/:?]
	at com.google.gson.Gson.fromJson(Gson.java:1319) ~[gson-2.10.jar%2372!/:?]
	at com.google.gson.Gson.fromJson(Gson.java:1290) ~[gson-2.10.jar%2372!/:?]
	at com.google.gson.internal.bind.TreeTypeAdapter$GsonContextImpl.deserialize(TreeTypeAdapter.java:179) ~[gson-2.10.jar%2372!/:?]
	at net.minecraft.util.GsonHelper.m_13808_(GsonHelper.java:463) ~[server-1.20.1-20230612.114412-srg.jar%23581!/:?]
	at net.minecraft.util.GsonHelper.m_13836_(GsonHelper.java:471) ~[server-1.20.1-20230612.114412-srg.jar%23581!/:?]
	at net.minecraft.world.level.storage.loot.LootPool$Serializer.deserialize(LootPool.java:192) ~[server-1.20.1-20230612.114412-srg.jar%23581!/:?]
	at net.minecraft.world.level.storage.loot.LootPool$Serializer.deserialize(LootPool.java:189) ~[server-1.20.1-20230612.114412-srg.jar%23581!/:?]
	at com.google.gson.internal.bind.TreeTypeAdapter.read(TreeTypeAdapter.java:76) ~[gson-2.10.jar%2372!/:?]
	at com.google.gson.internal.bind.TypeAdapterRuntimeTypeWrapper.read(TypeAdapterRuntimeTypeWrapper.java:40) ~[gson-2.10.jar%2372!/:?]
	at com.google.gson.internal.bind.ArrayTypeAdapter.read(ArrayTypeAdapter.java:72) ~[gson-2.10.jar%2372!/:?]
	at com.google.gson.Gson.fromJson(Gson.java:1214) ~[gson-2.10.jar%2372!/:?]
	at com.google.gson.Gson.fromJson(Gson.java:1319) ~[gson-2.10.jar%2372!/:?]
	at com.google.gson.Gson.fromJson(Gson.java:1290) ~[gson-2.10.jar%2372!/:?]
	at com.google.gson.internal.bind.TreeTypeAdapter$GsonContextImpl.deserialize(TreeTypeAdapter.java:179) ~[gson-2.10.jar%2372!/:?]
	at net.minecraft.util.GsonHelper.m_13808_(GsonHelper.java:463) ~[server-1.20.1-20230612.114412-srg.jar%23581!/:?]
	at net.minecraft.util.GsonHelper.m_13845_(GsonHelper.java:481) ~[server-1.20.1-20230612.114412-srg.jar%23581!/:?]
	at net.minecraft.world.level.storage.loot.LootTable$Serializer.deserialize(LootTable.java:294) ~[server-1.20.1-20230612.114412-srg.jar%23581!/:?]
	at net.minecraft.world.level.storage.loot.LootTable$Serializer.deserialize(LootTable.java:291) ~[server-1.20.1-20230612.114412-srg.jar%23581!/:?]
	at com.google.gson.internal.bind.TreeTypeAdapter.read(TreeTypeAdapter.java:76) ~[gson-2.10.jar%2372!/:?]
	at com.google.gson.Gson.fromJson(Gson.java:1214) ~[gson-2.10.jar%2372!/:?]
	at com.google.gson.Gson.fromJson(Gson.java:1319) ~[gson-2.10.jar%2372!/:?]
	at com.google.gson.Gson.fromJson(Gson.java:1261) ~[gson-2.10.jar%2372!/:?]
	at net.minecraftforge.common.ForgeHooks.loadLootTable(ForgeHooks.java:872) ~[forge-1.20.1-47.4.16-universal.jar%23586!/:?]
	at net.minecraftforge.common.ForgeHooks.lambda$getLootTableDeserializer$3(ForgeHooks.java:849) ~[forge-1.20.1-47.4.16-universal.jar%23586!/:?]
	at net.minecraft.world.level.storage.loot.LootDataType.deserialize(LootDataType.java:45) ~[server-1.20.1-20230612.114412-srg.jar%23581!/:?]
	at net.minecraft.world.level.storage.loot.LootDataManager.lambda$scheduleElementParse$4(LootDataManager.java:56) ~[server-1.20.1-20230612.114412-srg.jar%23581!/:?]
	at java.util.HashMap.forEach(HashMap.java:1430) ~[?:?]
	at net.minecraft.world.level.storage.loot.LootDataManager.m_278660_(LootDataManager.java:55) ~[server-1.20.1-20230612.114412-srg.jar%23581!/:?]
	at java.util.concurrent.CompletableFuture$AsyncRun.run(CompletableFuture.java:1825) ~[?:?]
	at java.util.concurrent.CompletableFuture$AsyncRun.exec(CompletableFuture.java:1817) ~[?:?]
	at java.util.concurrent.ForkJoinTask.doExec(ForkJoinTask.java:511) ~[?:?]
	at java.util.concurrent.ForkJoinPool$WorkQueue.topLevelExec(ForkJoinPool.java:1450) ~[?:?]
	at java.util.concurrent.ForkJoinPool.runWorker(ForkJoinPool.java:2019) ~[?:?]
	at java.util.concurrent.ForkJoinWorkerThread.run(ForkJoinWorkerThread.java:187) ~[?:?]
[04Mar2026 18:32:06.149] [Worker-Main-10/INFO] [K-Turrets/]: Checking alexsmobs:entities/potoo loot table
[04Mar2026 18:32:06.151] [Worker-Main-10/INFO] [K-Turrets/]: Checking minecraft:entities/pig loot table
[04Mar2026 18:32:06.152] [Worker-Main-10/WARN] [org.berezka.berezka_api.BuiltInResourcePack/]: [Berezka API] called getResource with namespace berezka_api but file (simple_chest2.json) doesn't exist. (most of the time you can ignore this
[04Mar2026 18:32:06.159] [Worker-Main-10/INFO] [K-Turrets/]: Checking minecraft:entities/guardian loot table
[04Mar2026 18:32:06.163] [Worker-Main-10/INFO] [K-Turrets/]: Checking minecraft:entities/zoglin loot table
[04Mar2026 18:32:06.165] [Worker-Main-10/INFO] [K-Turrets/]: Checking alekiships:entities/sloop/mangrove loot table
[04Mar2026 18:32:06.165] [Worker-Main-10/INFO] [K-Turrets/]: Checking alexsmobs:entities/farseer loot table
[04Mar2026 18:32:06.165] [Worker-Main-10/INFO] [K-Turrets/]: Checking alexsmobs:entities/tusklin loot table
[04Mar2026 18:32:06.169] [Worker-Main-10/INFO] [K-Turrets/]: Checking alexsmobs:entities/bison loot table
[04Mar2026 18:32:06.173] [Worker-Main-10/INFO] [K-Turrets/]: Checking alekiships:entities/sloop/acacia loot table
[04Mar2026 18:32:06.174] [Worker-Main-10/INFO] [K-Turrets/]: Checking alexsmobs:entities/mimic_octopus loot table
[04Mar2026 18:32:06.179] [Worker-Main-10/INFO] [K-Turrets/]: Checking alexsmobs:entities/warped_mosco loot table
[04Mar2026 18:32:06.182] [Worker-Main-10/INFO] [K-Turrets/]: Checking alexsmobs:entities/catfish loot table
[04Mar2026 18:32:06.183] [Worker-Main-10/INFO] [K-Turrets/]: Checking alexsmobs:entities/cockroach_maracas_headless loot table
[04Mar2026 18:32:06.184] [Worker-Main-10/INFO] [K-Turrets/]: Checking minecraft:entities/parrot loot table
[04Mar2026 18:32:06.185] [Worker-Main-10/INFO] [K-Turrets/]: Checking alexsmobs:entities/flying_fish loot table
[04Mar2026 18:32:06.185] [Worker-Main-10/WARN] [org.berezka.berezka_api.BuiltInResourcePack/]: [Berezka API] called getResource with namespace berezka_api but file (empty_chest.json) doesn't exist. (most of the time you can ignore this
[04Mar2026 18:32:06.187] [Worker-Main-10/INFO] [K-Turrets/]: Checking alekiships:entities/rowboat/oak loot table
[04Mar2026 18:32:06.207] [Worker-Main-10/INFO] [K-Turrets/]: Checking alexsmobs:entities/blobfish loot table
[04Mar2026 18:32:06.208] [Worker-Main-10/INFO] [K-Turrets/]: Checking alexsmobs:entities/froststalker loot table
[04Mar2026 18:32:06.208] [Worker-Main-10/INFO] [K-Turrets/]:    Including froststalker_horn with random looting chance 0.23
[04Mar2026 18:32:06.211] [Worker-Main-10/INFO] [K-Turrets/]: Checking alekiships:entities/sloop/jungle loot table
[04Mar2026 18:32:06.211] [Worker-Main-10/INFO] [K-Turrets/]: Checking alexsmobs:entities/grizzly_bear loot table
[04Mar2026 18:32:06.214] [Worker-Main-10/INFO] [K-Turrets/]: Checking minecraft:entities/sheep/lime loot table
[04Mar2026 18:32:06.218] [Worker-Main-10/INFO] [K-Turrets/]: Checking minecraft:entities/sheep/blue loot table
[04Mar2026 18:32:06.221] [Worker-Main-10/INFO] [K-Turrets/]: Checking alekiships:entities/sloop/spruce loot table
[04Mar2026 18:32:06.234] [Worker-Main-10/INFO] [K-Turrets/]: Checking minecraft:entities/salmon loot table
[04Mar2026 18:32:06.234] [Worker-Main-10/INFO] [K-Turrets/]: Checking minecraft:entities/sheep loot table
[04Mar2026 18:32:06.235] [Worker-Main-10/INFO] [K-Turrets/]: Checking alekiships:entities/rowboat/bamboo loot table
[04Mar2026 18:32:06.236] [Worker-Main-10/ERROR] [net.minecraftforge.common.ForgeHooks/]: Couldn't parse element loot_tables:dustrial_decor:blocks/large_cursed_lantern
com.google.gson.JsonSyntaxException: Expected name to be an item, was unknown string 'dustrial_decor:large_cursed_lantern'
	at net.minecraft.util.GsonHelper.m_13866_(GsonHelper.java:145) ~[server-1.20.1-20230612.114412-srg.jar%23581!/:?]
	at java.util.Optional.orElseThrow(Optional.java:403) ~[?:?]
	at net.minecraft.util.GsonHelper.m_13874_(GsonHelper.java:145) ~[server-1.20.1-20230612.114412-srg.jar%23581!/:?]
	at net.minecraft.util.GsonHelper.m_13909_(GsonHelper.java:153) ~[server-1.20.1-20230612.114412-srg.jar%23581!/:?]
	at net.minecraft.world.level.storage.loot.entries.LootItem$Serializer.m_7267_(LootItem.java:55) ~[server-1.20.1-20230612.114412-srg.jar%23581!/:?]
	at net.minecraft.world.level.storage.loot.entries.LootItem$Serializer.m_7267_(LootItem.java:40) ~[server-1.20.1-20230612.114412-srg.jar%23581!/:?]
	at net.minecraft.world.level.storage.loot.entries.LootPoolSingletonContainer$Serializer.m_5921_(LootPoolSingletonContainer.java:151) ~[server-1.20.1-20230612.114412-srg.jar%23581!/:?]
	at net.minecraft.world.level.storage.loot.entries.LootPoolSingletonContainer$Serializer.m_5921_(LootPoolSingletonContainer.java:129) ~[server-1.20.1-20230612.114412-srg.jar%23581!/:?]
	at net.minecraft.world.level.storage.loot.entries.LootPoolEntryContainer$Serializer.m_7561_(LootPoolEntryContainer.java:86) ~[server-1.20.1-20230612.114412-srg.jar%23581!/:?]
	at net.minecraft.world.level.storage.loot.entries.LootPoolEntryContainer$Serializer.m_7561_(LootPoolEntryContainer.java:74) ~[server-1.20.1-20230612.114412-srg.jar%23581!/:?]
	at net.minecraft.world.level.storage.loot.GsonAdapterFactory$JsonAdapter.deserialize(GsonAdapterFactory.java:102) ~[server-1.20.1-20230612.114412-srg.jar%23581!/:?]
	at com.google.gson.internal.bind.TreeTypeAdapter.read(TreeTypeAdapter.java:76) ~[gson-2.10.jar%2372!/:?]
	at com.google.gson.internal.bind.TypeAdapterRuntimeTypeWrapper.read(TypeAdapterRuntimeTypeWrapper.java:40) ~[gson-2.10.jar%2372!/:?]
	at com.google.gson.internal.bind.ArrayTypeAdapter.read(ArrayTypeAdapter.java:72) ~[gson-2.10.jar%2372!/:?]
	at com.google.gson.Gson.fromJson(Gson.java:1214) ~[gson-2.10.jar%2372!/:?]
	at com.google.gson.Gson.fromJson(Gson.java:1319) ~[gson-2.10.jar%2372!/:?]
	at com.google.gson.Gson.fromJson(Gson.java:1290) ~[gson-2.10.jar%2372!/:?]
	at com.google.gson.internal.bind.TreeTypeAdapter$GsonContextImpl.deserialize(TreeTypeAdapter.java:179) ~[gson-2.10.jar%2372!/:?]
	at net.minecraft.util.GsonHelper.m_13808_(GsonHelper.java:463) ~[server-1.20.1-20230612.114412-srg.jar%23581!/:?]
	at net.minecraft.util.GsonHelper.m_13836_(GsonHelper.java:471) ~[server-1.20.1-20230612.114412-srg.jar%23581!/:?]
	at net.minecraft.world.level.storage.loot.LootPool$Serializer.deserialize(LootPool.java:192) ~[server-1.20.1-20230612.114412-srg.jar%23581!/:?]
	at net.minecraft.world.level.storage.loot.LootPool$Serializer.deserialize(LootPool.java:189) ~[server-1.20.1-20230612.114412-srg.jar%23581!/:?]
	at com.google.gson.internal.bind.TreeTypeAdapter.read(TreeTypeAdapter.java:76) ~[gson-2.10.jar%2372!/:?]
	at com.google.gson.internal.bind.TypeAdapterRuntimeTypeWrapper.read(TypeAdapterRuntimeTypeWrapper.java:40) ~[gson-2.10.jar%2372!/:?]
	at com.google.gson.internal.bind.ArrayTypeAdapter.read(ArrayTypeAdapter.java:72) ~[gson-2.10.jar%2372!/:?]
	at com.google.gson.Gson.fromJson(Gson.java:1214) ~[gson-2.10.jar%2372!/:?]
	at com.google.gson.Gson.fromJson(Gson.java:1319) ~[gson-2.10.jar%2372!/:?]
	at com.google.gson.Gson.fromJson(Gson.java:1290) ~[gson-2.10.jar%2372!/:?]
	at com.google.gson.internal.bind.TreeTypeAdapter$GsonContextImpl.deserialize(TreeTypeAdapter.java:179) ~[gson-2.10.jar%2372!/:?]
	at net.minecraft.util.GsonHelper.m_13808_(GsonHelper.java:463) ~[server-1.20.1-20230612.114412-srg.jar%23581!/:?]
	at net.minecraft.util.GsonHelper.m_13845_(GsonHelper.java:481) ~[server-1.20.1-20230612.114412-srg.jar%23581!/:?]
	at net.minecraft.world.level.storage.loot.LootTable$Serializer.deserialize(LootTable.java:294) ~[server-1.20.1-20230612.114412-srg.jar%23581!/:?]
	at net.minecraft.world.level.storage.loot.LootTable$Serializer.deserialize(LootTable.java:291) ~[server-1.20.1-20230612.114412-srg.jar%23581!/:?]
	at com.google.gson.internal.bind.TreeTypeAdapter.read(TreeTypeAdapter.java:76) ~[gson-2.10.jar%2372!/:?]
	at com.google.gson.Gson.fromJson(Gson.java:1214) ~[gson-2.10.jar%2372!/:?]
	at com.google.gson.Gson.fromJson(Gson.java:1319) ~[gson-2.10.jar%2372!/:?]
	at com.google.gson.Gson.fromJson(Gson.java:1261) ~[gson-2.10.jar%2372!/:?]
	at net.minecraftforge.common.ForgeHooks.loadLootTable(ForgeHooks.java:872) ~[forge-1.20.1-47.4.16-universal.jar%23586!/:?]
	at net.minecraftforge.common.ForgeHooks.lambda$getLootTableDeserializer$3(ForgeHooks.java:849) ~[forge-1.20.1-47.4.16-universal.jar%23586!/:?]
	at net.minecraft.world.level.storage.loot.LootDataType.deserialize(LootDataType.java:45) ~[server-1.20.1-20230612.114412-srg.jar%23581!/:?]
	at net.minecraft.world.level.storage.loot.LootDataManager.lambda$scheduleElementParse$4(LootDataManager.java:56) ~[server-1.20.1-20230612.114412-srg.jar%23581!/:?]
	at java.util.HashMap.forEach(HashMap.java:1430) ~[?:?]
	at net.minecraft.world.level.storage.loot.LootDataManager.m_278660_(LootDataManager.java:55) ~[server-1.20.1-20230612.114412-srg.jar%23581!/:?]
	at java.util.concurrent.CompletableFuture$AsyncRun.run(CompletableFuture.java:1825) ~[?:?]
	at java.util.concurrent.CompletableFuture$AsyncRun.exec(CompletableFuture.java:1817) ~[?:?]
	at java.util.concurrent.ForkJoinTask.doExec(ForkJoinTask.java:511) ~[?:?]
	at java.util.concurrent.ForkJoinPool$WorkQueue.topLevelExec(ForkJoinPool.java:1450) ~[?:?]
	at java.util.concurrent.ForkJoinPool.runWorker(ForkJoinPool.java:2019) ~[?:?]
	at java.util.concurrent.ForkJoinWorkerThread.run(ForkJoinWorkerThread.java:187) ~[?:?]
[04Mar2026 18:32:06.241] [Worker-Main-10/INFO] [K-Turrets/]: Checking minecraft:entities/sheep/light_gray loot table
[04Mar2026 18:32:06.241] [Worker-Main-10/INFO] [K-Turrets/]: Checking alekiships:entities/rowboat/birch loot table
[04Mar2026 18:32:06.242] [Worker-Main-10/INFO] [K-Turrets/]: Checking minecraft:entities/pufferfish loot table
[04Mar2026 18:32:06.245] [Worker-Main-10/INFO] [K-Turrets/]: Checking minecraft:entities/creeper loot table
[04Mar2026 18:32:06.251] [Worker-Main-10/INFO] [K-Turrets/]: Checking minecraft:entities/zombie_horse loot table
[04Mar2026 18:32:06.254] [Worker-Main-10/INFO] [K-Turrets/]: Checking alexsmobs:entities/crow loot table
[04Mar2026 18:32:06.255] [Worker-Main-10/INFO] [K-Turrets/]: Checking minecraft:entities/turtle loot table
[04Mar2026 18:32:06.255] [Worker-Main-10/INFO] [K-Turrets/]: Checking minecraft:entities/vindicator loot table
[04Mar2026 18:32:06.255] [Worker-Main-10/INFO] [K-Turrets/]:    Including emerald with uniform set item function 0.0 - 1.0
[04Mar2026 18:32:06.256] [Worker-Main-10/INFO] [K-Turrets/]: Checking minecraft:entities/evoker loot table
[04Mar2026 18:32:06.256] [Worker-Main-10/INFO] [K-Turrets/]:    Including emerald with uniform set item function 0.0 - 1.0
[04Mar2026 18:32:06.257] [Worker-Main-10/INFO] [K-Turrets/]: Checking minecraft:entities/zombie_villager loot table
[04Mar2026 18:32:06.257] [Worker-Main-10/INFO] [K-Turrets/]:    Including iron_ingot with random looting chance 0.008333334
[04Mar2026 18:32:06.257] [Worker-Main-10/INFO] [K-Turrets/]:    Including carrot with random looting chance 0.008333334
[04Mar2026 18:32:06.257] [Worker-Main-10/INFO] [K-Turrets/]:    Including potato with random looting chance 0.008333334
[04Mar2026 18:32:06.257] [Worker-Main-10/INFO] [K-Turrets/]: Checking mutantmonsters:entities/mutant_zombie loot table
[04Mar2026 18:32:06.282] [Worker-Main-10/INFO] [K-Turrets/]: Checking alekiships:entities/rowboat/mangrove loot table
[04Mar2026 18:32:06.284] [Worker-Main-10/INFO] [K-Turrets/]: Checking alexsmobs:entities/bone_serpent loot table
[04Mar2026 18:32:06.287] [Worker-Main-10/INFO] [K-Turrets/]: Checking minecraft:entities/polar_bear loot table
[04Mar2026 18:32:06.288] [Worker-Main-10/ERROR] [net.minecraftforge.common.ForgeHooks/]: Couldn't parse element loot_tables:dustrial_decor:blocks/smooth_cardboard_vertical_slab
java.lang.IllegalArgumentException: Can't find block dustrial_decor:smooth_cardboard_vertical_slab
	at net.minecraft.world.level.storage.loot.predicates.LootItemBlockStatePropertyCondition$Serializer.m_81802_(LootItemBlockStatePropertyCondition.java:79) ~[server-1.20.1-20230612.114412-srg.jar%23581!/:?]
	at java.util.Optional.orElseThrow(Optional.java:403) ~[?:?]
	at net.minecraft.world.level.storage.loot.predicates.LootItemBlockStatePropertyCondition$Serializer.m_7561_(LootItemBlockStatePropertyCondition.java:79) ~[server-1.20.1-20230612.114412-srg.jar%23581!/:?]
	at net.minecraft.world.level.storage.loot.predicates.LootItemBlockStatePropertyCondition$Serializer.m_7561_(LootItemBlockStatePropertyCondition.java:68) ~[server-1.20.1-20230612.114412-srg.jar%23581!/:?]
	at net.minecraft.world.level.storage.loot.GsonAdapterFactory$JsonAdapter.deserialize(GsonAdapterFactory.java:102) ~[server-1.20.1-20230612.114412-srg.jar%23581!/:?]
	at com.google.gson.internal.bind.TreeTypeAdapter.read(TreeTypeAdapter.java:76) ~[gson-2.10.jar%2372!/:?]
	at com.google.gson.internal.bind.TypeAdapterRuntimeTypeWrapper.read(TypeAdapterRuntimeTypeWrapper.java:40) ~[gson-2.10.jar%2372!/:?]
	at com.google.gson.internal.bind.ArrayTypeAdapter.read(ArrayTypeAdapter.java:72) ~[gson-2.10.jar%2372!/:?]
	at com.google.gson.Gson.fromJson(Gson.java:1214) ~[gson-2.10.jar%2372!/:?]
	at com.google.gson.Gson.fromJson(Gson.java:1319) ~[gson-2.10.jar%2372!/:?]
	at com.google.gson.Gson.fromJson(Gson.java:1290) ~[gson-2.10.jar%2372!/:?]
	at com.google.gson.internal.bind.TreeTypeAdapter$GsonContextImpl.deserialize(TreeTypeAdapter.java:179) ~[gson-2.10.jar%2372!/:?]
	at net.minecraft.util.GsonHelper.m_13808_(GsonHelper.java:463) ~[server-1.20.1-20230612.114412-srg.jar%23581!/:?]
	at net.minecraft.util.GsonHelper.m_13845_(GsonHelper.java:481) ~[server-1.20.1-20230612.114412-srg.jar%23581!/:?]
	at net.minecraft.world.level.storage.loot.functions.LootItemConditionalFunction$Serializer.m_7561_(LootItemConditionalFunction.java:98) ~[server-1.20.1-20230612.114412-srg.jar%23581!/:?]
	at net.minecraft.world.level.storage.loot.functions.LootItemConditionalFunction$Serializer.m_7561_(LootItemConditionalFunction.java:88) ~[server-1.20.1-20230612.114412-srg.jar%23581!/:?]
	at net.minecraft.world.level.storage.loot.GsonAdapterFactory$JsonAdapter.deserialize(GsonAdapterFactory.java:102) ~[server-1.20.1-20230612.114412-srg.jar%23581!/:?]
	at com.google.gson.internal.bind.TreeTypeAdapter.read(TreeTypeAdapter.java:76) ~[gson-2.10.jar%2372!/:?]
	at com.google.gson.internal.bind.TypeAdapterRuntimeTypeWrapper.read(TypeAdapterRuntimeTypeWrapper.java:40) ~[gson-2.10.jar%2372!/:?]
	at com.google.gson.internal.bind.ArrayTypeAdapter.read(ArrayTypeAdapter.java:72) ~[gson-2.10.jar%2372!/:?]
	at com.google.gson.Gson.fromJson(Gson.java:1214) ~[gson-2.10.jar%2372!/:?]
	at com.google.gson.Gson.fromJson(Gson.java:1319) ~[gson-2.10.jar%2372!/:?]
	at com.google.gson.Gson.fromJson(Gson.java:1290) ~[gson-2.10.jar%2372!/:?]
	at com.google.gson.internal.bind.TreeTypeAdapter$GsonContextImpl.deserialize(TreeTypeAdapter.java:179) ~[gson-2.10.jar%2372!/:?]
	at net.minecraft.util.GsonHelper.m_13808_(GsonHelper.java:463) ~[server-1.20.1-20230612.114412-srg.jar%23581!/:?]
	at net.minecraft.util.GsonHelper.m_13845_(GsonHelper.java:481) ~[server-1.20.1-20230612.114412-srg.jar%23581!/:?]
	at net.minecraft.world.level.storage.loot.entries.LootPoolSingletonContainer$Serializer.m_5921_(LootPoolSingletonContainer.java:149) ~[server-1.20.1-20230612.114412-srg.jar%23581!/:?]
	at net.minecraft.world.level.storage.loot.entries.LootPoolSingletonContainer$Serializer.m_5921_(LootPoolSingletonContainer.java:129) ~[server-1.20.1-20230612.114412-srg.jar%23581!/:?]
	at net.minecraft.world.level.storage.loot.entries.LootPoolEntryContainer$Serializer.m_7561_(LootPoolEntryContainer.java:86) ~[server-1.20.1-20230612.114412-srg.jar%23581!/:?]
	at net.minecraft.world.level.storage.loot.entries.LootPoolEntryContainer$Serializer.m_7561_(LootPoolEntryContainer.java:74) ~[server-1.20.1-20230612.114412-srg.jar%23581!/:?]
	at net.minecraft.world.level.storage.loot.GsonAdapterFactory$JsonAdapter.deserialize(GsonAdapterFactory.java:102) ~[server-1.20.1-20230612.114412-srg.jar%23581!/:?]
	at com.google.gson.internal.bind.TreeTypeAdapter.read(TreeTypeAdapter.java:76) ~[gson-2.10.jar%2372!/:?]
	at com.google.gson.internal.bind.TypeAdapterRuntimeTypeWrapper.read(TypeAdapterRuntimeTypeWrapper.java:40) ~[gson-2.10.jar%2372!/:?]
	at com.google.gson.internal.bind.ArrayTypeAdapter.read(ArrayTypeAdapter.java:72) ~[gson-2.10.jar%2372!/:?]
	at com.google.gson.Gson.fromJson(Gson.java:1214) ~[gson-2.10.jar%2372!/:?]
	at com.google.gson.Gson.fromJson(Gson.java:1319) ~[gson-2.10.jar%2372!/:?]
	at com.google.gson.Gson.fromJson(Gson.java:1290) ~[gson-2.10.jar%2372!/:?]
	at com.google.gson.internal.bind.TreeTypeAdapter$GsonContextImpl.deserialize(TreeTypeAdapter.java:179) ~[gson-2.10.jar%2372!/:?]
	at net.minecraft.util.GsonHelper.m_13808_(GsonHelper.java:463) ~[server-1.20.1-20230612.114412-srg.jar%23581!/:?]
	at net.minecraft.util.GsonHelper.m_13836_(GsonHelper.java:471) ~[server-1.20.1-20230612.114412-srg.jar%23581!/:?]
	at net.minecraft.world.level.storage.loot.LootPool$Serializer.deserialize(LootPool.java:192) ~[server-1.20.1-20230612.114412-srg.jar%23581!/:?]
	at net.minecraft.world.level.storage.loot.LootPool$Serializer.deserialize(LootPool.java:189) ~[server-1.20.1-20230612.114412-srg.jar%23581!/:?]
	at com.google.gson.internal.bind.TreeTypeAdapter.read(TreeTypeAdapter.java:76) ~[gson-2.10.jar%2372!/:?]
	at com.google.gson.internal.bind.TypeAdapterRuntimeTypeWrapper.read(TypeAdapterRuntimeTypeWrapper.java:40) ~[gson-2.10.jar%2372!/:?]
	at com.google.gson.internal.bind.ArrayTypeAdapter.read(ArrayTypeAdapter.java:72) ~[gson-2.10.jar%2372!/:?]
	at com.google.gson.Gson.fromJson(Gson.java:1214) ~[gson-2.10.jar%2372!/:?]
	at com.google.gson.Gson.fromJson(Gson.java:1319) ~[gson-2.10.jar%2372!/:?]
	at com.google.gson.Gson.fromJson(Gson.java:1290) ~[gson-2.10.jar%2372!/:?]
	at com.google.gson.internal.bind.TreeTypeAdapter$GsonContextImpl.deserialize(TreeTypeAdapter.java:179) ~[gson-2.10.jar%2372!/:?]
	at net.minecraft.util.GsonHelper.m_13808_(GsonHelper.java:463) ~[server-1.20.1-20230612.114412-srg.jar%23581!/:?]
	at net.minecraft.util.GsonHelper.m_13845_(GsonHelper.java:481) ~[server-1.20.1-20230612.114412-srg.jar%23581!/:?]
	at net.minecraft.world.level.storage.loot.LootTable$Serializer.deserialize(LootTable.java:294) ~[server-1.20.1-20230612.114412-srg.jar%23581!/:?]
	at net.minecraft.world.level.storage.loot.LootTable$Serializer.deserialize(LootTable.java:291) ~[server-1.20.1-20230612.114412-srg.jar%23581!/:?]
	at com.google.gson.internal.bind.TreeTypeAdapter.read(TreeTypeAdapter.java:76) ~[gson-2.10.jar%2372!/:?]
	at com.google.gson.Gson.fromJson(Gson.java:1214) ~[gson-2.10.jar%2372!/:?]
	at com.google.gson.Gson.fromJson(Gson.java:1319) ~[gson-2.10.jar%2372!/:?]
	at com.google.gson.Gson.fromJson(Gson.java:1261) ~[gson-2.10.jar%2372!/:?]
	at net.minecraftforge.common.ForgeHooks.loadLootTable(ForgeHooks.java:872) ~[forge-1.20.1-47.4.16-universal.jar%23586!/:?]
	at net.minecraftforge.common.ForgeHooks.lambda$getLootTableDeserializer$3(ForgeHooks.java:849) ~[forge-1.20.1-47.4.16-universal.jar%23586!/:?]
	at net.minecraft.world.level.storage.loot.LootDataType.deserialize(LootDataType.java:45) ~[server-1.20.1-20230612.114412-srg.jar%23581!/:?]
	at net.minecraft.world.level.storage.loot.LootDataManager.lambda$scheduleElementParse$4(LootDataManager.java:56) ~[server-1.20.1-20230612.114412-srg.jar%23581!/:?]
	at java.util.HashMap.forEach(HashMap.java:1430) ~[?:?]
	at net.minecraft.world.level.storage.loot.LootDataManager.m_278660_(LootDataManager.java:55) ~[server-1.20.1-20230612.114412-srg.jar%23581!/:?]
	at java.util.concurrent.CompletableFuture$AsyncRun.run(CompletableFuture.java:1825) ~[?:?]
	at java.util.concurrent.CompletableFuture$AsyncRun.exec(CompletableFuture.java:1817) ~[?:?]
	at java.util.concurrent.ForkJoinTask.doExec(ForkJoinTask.java:511) ~[?:?]
	at java.util.concurrent.ForkJoinPool$WorkQueue.topLevelExec(ForkJoinPool.java:1450) ~[?:?]
	at java.util.concurrent.ForkJoinPool.runWorker(ForkJoinPool.java:2019) ~[?:?]
	at java.util.concurrent.ForkJoinWorkerThread.run(ForkJoinWorkerThread.java:187) ~[?:?]
[04Mar2026 18:32:06.291] [Worker-Main-10/INFO] [K-Turrets/]: Checking minecraft:entities/iron_golem loot table
[04Mar2026 18:32:06.294] [Worker-Main-10/INFO] [K-Turrets/]: Checking minecraft:entities/cat loot table
[04Mar2026 18:32:06.297] [Worker-Main-10/INFO] [K-Turrets/]: Checking minecraft:entities/sheep/magenta loot table
[04Mar2026 18:32:06.298] [Worker-Main-10/INFO] [K-Turrets/]: Checking alexsmobs:entities/mimicube loot table
[04Mar2026 18:32:06.304] [Worker-Main-10/INFO] [K-Turrets/]: Checking minecraft:entities/witch loot table
[04Mar2026 18:32:06.305] [Worker-Main-10/ERROR] [net.minecraftforge.common.ForgeHooks/]: Couldn't parse element loot_tables:jeffs_cursed_walking_structures:chests/strange_chest
com.google.gson.JsonSyntaxException: Expected name to be an item, was unknown string 'mcore:titanium_ingot'
	at net.minecraft.util.GsonHelper.m_13866_(GsonHelper.java:145) ~[server-1.20.1-20230612.114412-srg.jar%23581!/:?]
	at java.util.Optional.orElseThrow(Optional.java:403) ~[?:?]
	at net.minecraft.util.GsonHelper.m_13874_(GsonHelper.java:145) ~[server-1.20.1-20230612.114412-srg.jar%23581!/:?]
	at net.minecraft.util.GsonHelper.m_13909_(GsonHelper.java:153) ~[server-1.20.1-20230612.114412-srg.jar%23581!/:?]
	at net.minecraft.world.level.storage.loot.entries.LootItem$Serializer.m_7267_(LootItem.java:55) ~[server-1.20.1-20230612.114412-srg.jar%23581!/:?]
	at net.minecraft.world.level.storage.loot.entries.LootItem$Serializer.m_7267_(LootItem.java:40) ~[server-1.20.1-20230612.114412-srg.jar%23581!/:?]
	at net.minecraft.world.level.storage.loot.entries.LootPoolSingletonContainer$Serializer.m_5921_(LootPoolSingletonContainer.java:151) ~[server-1.20.1-20230612.114412-srg.jar%23581!/:?]
	at net.minecraft.world.level.storage.loot.entries.LootPoolSingletonContainer$Serializer.m_5921_(LootPoolSingletonContainer.java:129) ~[server-1.20.1-20230612.114412-srg.jar%23581!/:?]
	at net.minecraft.world.level.storage.loot.entries.LootPoolEntryContainer$Serializer.m_7561_(LootPoolEntryContainer.java:86) ~[server-1.20.1-20230612.114412-srg.jar%23581!/:?]
	at net.minecraft.world.level.storage.loot.entries.LootPoolEntryContainer$Serializer.m_7561_(LootPoolEntryContainer.java:74) ~[server-1.20.1-20230612.114412-srg.jar%23581!/:?]
	at net.minecraft.world.level.storage.loot.GsonAdapterFactory$JsonAdapter.deserialize(GsonAdapterFactory.java:102) ~[server-1.20.1-20230612.114412-srg.jar%23581!/:?]
	at com.google.gson.internal.bind.TreeTypeAdapter.read(TreeTypeAdapter.java:76) ~[gson-2.10.jar%2372!/:?]
	at com.google.gson.internal.bind.TypeAdapterRuntimeTypeWrapper.read(TypeAdapterRuntimeTypeWrapper.java:40) ~[gson-2.10.jar%2372!/:?]
	at com.google.gson.internal.bind.ArrayTypeAdapter.read(ArrayTypeAdapter.java:72) ~[gson-2.10.jar%2372!/:?]
	at com.google.gson.Gson.fromJson(Gson.java:1214) ~[gson-2.10.jar%2372!/:?]
	at com.google.gson.Gson.fromJson(Gson.java:1319) ~[gson-2.10.jar%2372!/:?]
	at com.google.gson.Gson.fromJson(Gson.java:1290) ~[gson-2.10.jar%2372!/:?]
	at com.google.gson.internal.bind.TreeTypeAdapter$GsonContextImpl.deserialize(TreeTypeAdapter.java:179) ~[gson-2.10.jar%2372!/:?]
	at net.minecraft.util.GsonHelper.m_13808_(GsonHelper.java:463) ~[server-1.20.1-20230612.114412-srg.jar%23581!/:?]
	at net.minecraft.util.GsonHelper.m_13836_(GsonHelper.java:471) ~[server-1.20.1-20230612.114412-srg.jar%23581!/:?]
	at net.minecraft.world.level.storage.loot.LootPool$Serializer.deserialize(LootPool.java:192) ~[server-1.20.1-20230612.114412-srg.jar%23581!/:?]
	at net.minecraft.world.level.storage.loot.LootPool$Serializer.deserialize(LootPool.java:189) ~[server-1.20.1-20230612.114412-srg.jar%23581!/:?]
	at com.google.gson.internal.bind.TreeTypeAdapter.read(TreeTypeAdapter.java:76) ~[gson-2.10.jar%2372!/:?]
	at com.google.gson.internal.bind.TypeAdapterRuntimeTypeWrapper.read(TypeAdapterRuntimeTypeWrapper.java:40) ~[gson-2.10.jar%2372!/:?]
	at com.google.gson.internal.bind.ArrayTypeAdapter.read(ArrayTypeAdapter.java:72) ~[gson-2.10.jar%2372!/:?]
	at com.google.gson.Gson.fromJson(Gson.java:1214) ~[gson-2.10.jar%2372!/:?]
	at com.google.gson.Gson.fromJson(Gson.java:1319) ~[gson-2.10.jar%2372!/:?]
	at com.google.gson.Gson.fromJson(Gson.java:1290) ~[gson-2.10.jar%2372!/:?]
	at com.google.gson.internal.bind.TreeTypeAdapter$GsonContextImpl.deserialize(TreeTypeAdapter.java:179) ~[gson-2.10.jar%2372!/:?]
	at net.minecraft.util.GsonHelper.m_13808_(GsonHelper.java:463) ~[server-1.20.1-20230612.114412-srg.jar%23581!/:?]
	at net.minecraft.util.GsonHelper.m_13845_(GsonHelper.java:481) ~[server-1.20.1-20230612.114412-srg.jar%23581!/:?]
	at net.minecraft.world.level.storage.loot.LootTable$Serializer.deserialize(LootTable.java:294) ~[server-1.20.1-20230612.114412-srg.jar%23581!/:?]
	at net.minecraft.world.level.storage.loot.LootTable$Serializer.deserialize(LootTable.java:291) ~[server-1.20.1-20230612.114412-srg.jar%23581!/:?]
	at com.google.gson.internal.bind.TreeTypeAdapter.read(TreeTypeAdapter.java:76) ~[gson-2.10.jar%2372!/:?]
	at com.google.gson.Gson.fromJson(Gson.java:1214) ~[gson-2.10.jar%2372!/:?]
	at com.google.gson.Gson.fromJson(Gson.java:1319) ~[gson-2.10.jar%2372!/:?]
	at com.google.gson.Gson.fromJson(Gson.java:1261) ~[gson-2.10.jar%2372!/:?]
	at net.minecraftforge.common.ForgeHooks.loadLootTable(ForgeHooks.java:872) ~[forge-1.20.1-47.4.16-universal.jar%23586!/:?]
	at net.minecraftforge.common.ForgeHooks.lambda$getLootTableDeserializer$3(ForgeHooks.java:849) ~[forge-1.20.1-47.4.16-universal.jar%23586!/:?]
	at net.minecraft.world.level.storage.loot.LootDataType.deserialize(LootDataType.java:45) ~[server-1.20.1-20230612.114412-srg.jar%23581!/:?]
	at net.minecraft.world.level.storage.loot.LootDataManager.lambda$scheduleElementParse$4(LootDataManager.java:56) ~[server-1.20.1-20230612.114412-srg.jar%23581!/:?]
	at java.util.HashMap.forEach(HashMap.java:1430) ~[?:?]
	at net.minecraft.world.level.storage.loot.LootDataManager.m_278660_(LootDataManager.java:55) ~[server-1.20.1-20230612.114412-srg.jar%23581!/:?]
	at java.util.concurrent.CompletableFuture$AsyncRun.run(CompletableFuture.java:1825) ~[?:?]
	at java.util.concurrent.CompletableFuture$AsyncRun.exec(CompletableFuture.java:1817) ~[?:?]
	at java.util.concurrent.ForkJoinTask.doExec(ForkJoinTask.java:511) ~[?:?]
	at java.util.concurrent.ForkJoinPool$WorkQueue.topLevelExec(ForkJoinPool.java:1450) ~[?:?]
	at java.util.concurrent.ForkJoinPool.runWorker(ForkJoinPool.java:2019) ~[?:?]
	at java.util.concurrent.ForkJoinWorkerThread.run(ForkJoinWorkerThread.java:187) ~[?:?]
[04Mar2026 18:32:06.309] [Worker-Main-10/INFO] [K-Turrets/]: Checking minecraft:entities/zombified_piglin loot table
[04Mar2026 18:32:06.309] [Worker-Main-10/INFO] [K-Turrets/]:    Including gold_ingot with random looting chance 0.025
[04Mar2026 18:32:06.314] [Worker-Main-10/INFO] [K-Turrets/]: Checking alekiships:entities/sloop/oak loot table
[04Mar2026 18:32:06.315] [Worker-Main-10/INFO] [K-Turrets/]: Checking mutantmonsters:entities/mutant_skeleton/rib loot table
[04Mar2026 18:32:06.319] [Worker-Main-10/ERROR] [net.minecraftforge.common.ForgeHooks/]: Couldn't parse element loot_tables:dustrial_decor:blocks/rusty_sheet_metal_treading_vertical_slab
java.lang.IllegalArgumentException: Can't find block dustrial_decor:rusty_sheet_metal_treading_vertical_slab
	at net.minecraft.world.level.storage.loot.predicates.LootItemBlockStatePropertyCondition$Serializer.m_81802_(LootItemBlockStatePropertyCondition.java:79) ~[server-1.20.1-20230612.114412-srg.jar%23581!/:?]
	at java.util.Optional.orElseThrow(Optional.java:403) ~[?:?]
	at net.minecraft.world.level.storage.loot.predicates.LootItemBlockStatePropertyCondition$Serializer.m_7561_(LootItemBlockStatePropertyCondition.java:79) ~[server-1.20.1-20230612.114412-srg.jar%23581!/:?]
	at net.minecraft.world.level.storage.loot.predicates.LootItemBlockStatePropertyCondition$Serializer.m_7561_(LootItemBlockStatePropertyCondition.java:68) ~[server-1.20.1-20230612.114412-srg.jar%23581!/:?]
	at net.minecraft.world.level.storage.loot.GsonAdapterFactory$JsonAdapter.deserialize(GsonAdapterFactory.java:102) ~[server-1.20.1-20230612.114412-srg.jar%23581!/:?]
	at com.google.gson.internal.bind.TreeTypeAdapter.read(TreeTypeAdapter.java:76) ~[gson-2.10.jar%2372!/:?]
	at com.google.gson.internal.bind.TypeAdapterRuntimeTypeWrapper.read(TypeAdapterRuntimeTypeWrapper.java:40) ~[gson-2.10.jar%2372!/:?]
	at com.google.gson.internal.bind.ArrayTypeAdapter.read(ArrayTypeAdapter.java:72) ~[gson-2.10.jar%2372!/:?]
	at com.google.gson.Gson.fromJson(Gson.java:1214) ~[gson-2.10.jar%2372!/:?]
	at com.google.gson.Gson.fromJson(Gson.java:1319) ~[gson-2.10.jar%2372!/:?]
	at com.google.gson.Gson.fromJson(Gson.java:1290) ~[gson-2.10.jar%2372!/:?]
	at com.google.gson.internal.bind.TreeTypeAdapter$GsonContextImpl.deserialize(TreeTypeAdapter.java:179) ~[gson-2.10.jar%2372!/:?]
	at net.minecraft.util.GsonHelper.m_13808_(GsonHelper.java:463) ~[server-1.20.1-20230612.114412-srg.jar%23581!/:?]
	at net.minecraft.util.GsonHelper.m_13845_(GsonHelper.java:481) ~[server-1.20.1-20230612.114412-srg.jar%23581!/:?]
	at net.minecraft.world.level.storage.loot.functions.LootItemConditionalFunction$Serializer.m_7561_(LootItemConditionalFunction.java:98) ~[server-1.20.1-20230612.114412-srg.jar%23581!/:?]
	at net.minecraft.world.level.storage.loot.functions.LootItemConditionalFunction$Serializer.m_7561_(LootItemConditionalFunction.java:88) ~[server-1.20.1-20230612.114412-srg.jar%23581!/:?]
	at net.minecraft.world.level.storage.loot.GsonAdapterFactory$JsonAdapter.deserialize(GsonAdapterFactory.java:102) ~[server-1.20.1-20230612.114412-srg.jar%23581!/:?]
	at com.google.gson.internal.bind.TreeTypeAdapter.read(TreeTypeAdapter.java:76) ~[gson-2.10.jar%2372!/:?]
	at com.google.gson.internal.bind.TypeAdapterRuntimeTypeWrapper.read(TypeAdapterRuntimeTypeWrapper.java:40) ~[gson-2.10.jar%2372!/:?]
	at com.google.gson.internal.bind.ArrayTypeAdapter.read(ArrayTypeAdapter.java:72) ~[gson-2.10.jar%2372!/:?]
	at com.google.gson.Gson.fromJson(Gson.java:1214) ~[gson-2.10.jar%2372!/:?]
	at com.google.gson.Gson.fromJson(Gson.java:1319) ~[gson-2.10.jar%2372!/:?]
	at com.google.gson.Gson.fromJson(Gson.java:1290) ~[gson-2.10.jar%2372!/:?]
	at com.google.gson.internal.bind.TreeTypeAdapter$GsonContextImpl.deserialize(TreeTypeAdapter.java:179) ~[gson-2.10.jar%2372!/:?]
	at net.minecraft.util.GsonHelper.m_13808_(GsonHelper.java:463) ~[server-1.20.1-20230612.114412-srg.jar%23581!/:?]
	at net.minecraft.util.GsonHelper.m_13845_(GsonHelper.java:481) ~[server-1.20.1-20230612.114412-srg.jar%23581!/:?]
	at net.minecraft.world.level.storage.loot.entries.LootPoolSingletonContainer$Serializer.m_5921_(LootPoolSingletonContainer.java:149) ~[server-1.20.1-20230612.114412-srg.jar%23581!/:?]
	at net.minecraft.world.level.storage.loot.entries.LootPoolSingletonContainer$Serializer.m_5921_(LootPoolSingletonContainer.java:129) ~[server-1.20.1-20230612.114412-srg.jar%23581!/:?]
	at net.minecraft.world.level.storage.loot.entries.LootPoolEntryContainer$Serializer.m_7561_(LootPoolEntryContainer.java:86) ~[server-1.20.1-20230612.114412-srg.jar%23581!/:?]
	at net.minecraft.world.level.storage.loot.entries.LootPoolEntryContainer$Serializer.m_7561_(LootPoolEntryContainer.java:74) ~[server-1.20.1-20230612.114412-srg.jar%23581!/:?]
	at net.minecraft.world.level.storage.loot.GsonAdapterFactory$JsonAdapter.deserialize(GsonAdapterFactory.java:102) ~[server-1.20.1-20230612.114412-srg.jar%23581!/:?]
	at com.google.gson.internal.bind.TreeTypeAdapter.read(TreeTypeAdapter.java:76) ~[gson-2.10.jar%2372!/:?]
	at com.google.gson.internal.bind.TypeAdapterRuntimeTypeWrapper.read(TypeAdapterRuntimeTypeWrapper.java:40) ~[gson-2.10.jar%2372!/:?]
	at com.google.gson.internal.bind.ArrayTypeAdapter.read(ArrayTypeAdapter.java:72) ~[gson-2.10.jar%2372!/:?]
	at com.google.gson.Gson.fromJson(Gson.java:1214) ~[gson-2.10.jar%2372!/:?]
	at com.google.gson.Gson.fromJson(Gson.java:1319) ~[gson-2.10.jar%2372!/:?]
	at com.google.gson.Gson.fromJson(Gson.java:1290) ~[gson-2.10.jar%2372!/:?]
	at com.google.gson.internal.bind.TreeTypeAdapter$GsonContextImpl.deserialize(TreeTypeAdapter.java:179) ~[gson-2.10.jar%2372!/:?]
	at net.minecraft.util.GsonHelper.m_13808_(GsonHelper.java:463) ~[server-1.20.1-20230612.114412-srg.jar%23581!/:?]
	at net.minecraft.util.GsonHelper.m_13836_(GsonHelper.java:471) ~[server-1.20.1-20230612.114412-srg.jar%23581!/:?]
	at net.minecraft.world.level.storage.loot.LootPool$Serializer.deserialize(LootPool.java:192) ~[server-1.20.1-20230612.114412-srg.jar%23581!/:?]
	at net.minecraft.world.level.storage.loot.LootPool$Serializer.deserialize(LootPool.java:189) ~[server-1.20.1-20230612.114412-srg.jar%23581!/:?]
	at com.google.gson.internal.bind.TreeTypeAdapter.read(TreeTypeAdapter.java:76) ~[gson-2.10.jar%2372!/:?]
	at com.google.gson.internal.bind.TypeAdapterRuntimeTypeWrapper.read(TypeAdapterRuntimeTypeWrapper.java:40) ~[gson-2.10.jar%2372!/:?]
	at com.google.gson.internal.bind.ArrayTypeAdapter.read(ArrayTypeAdapter.java:72) ~[gson-2.10.jar%2372!/:?]
	at com.google.gson.Gson.fromJson(Gson.java:1214) ~[gson-2.10.jar%2372!/:?]
	at com.google.gson.Gson.fromJson(Gson.java:1319) ~[gson-2.10.jar%2372!/:?]
	at com.google.gson.Gson.fromJson(Gson.java:1290) ~[gson-2.10.jar%2372!/:?]
	at com.google.gson.internal.bind.TreeTypeAdapter$GsonContextImpl.deserialize(TreeTypeAdapter.java:179) ~[gson-2.10.jar%2372!/:?]
	at net.minecraft.util.GsonHelper.m_13808_(GsonHelper.java:463) ~[server-1.20.1-20230612.114412-srg.jar%23581!/:?]
	at net.minecraft.util.GsonHelper.m_13845_(GsonHelper.java:481) ~[server-1.20.1-20230612.114412-srg.jar%23581!/:?]
	at net.minecraft.world.level.storage.loot.LootTable$Serializer.deserialize(LootTable.java:294) ~[server-1.20.1-20230612.114412-srg.jar%23581!/:?]
	at net.minecraft.world.level.storage.loot.LootTable$Serializer.deserialize(LootTable.java:291) ~[server-1.20.1-20230612.114412-srg.jar%23581!/:?]
	at com.google.gson.internal.bind.TreeTypeAdapter.read(TreeTypeAdapter.java:76) ~[gson-2.10.jar%2372!/:?]
	at com.google.gson.Gson.fromJson(Gson.java:1214) ~[gson-2.10.jar%2372!/:?]
	at com.google.gson.Gson.fromJson(Gson.java:1319) ~[gson-2.10.jar%2372!/:?]
	at com.google.gson.Gson.fromJson(Gson.java:1261) ~[gson-2.10.jar%2372!/:?]
	at net.minecraftforge.common.ForgeHooks.loadLootTable(ForgeHooks.java:872) ~[forge-1.20.1-47.4.16-universal.jar%23586!/:?]
	at net.minecraftforge.common.ForgeHooks.lambda$getLootTableDeserializer$3(ForgeHooks.java:849) ~[forge-1.20.1-47.4.16-universal.jar%23586!/:?]
	at net.minecraft.world.level.storage.loot.LootDataType.deserialize(LootDataType.java:45) ~[server-1.20.1-20230612.114412-srg.jar%23581!/:?]
	at net.minecraft.world.level.storage.loot.LootDataManager.lambda$scheduleElementParse$4(LootDataManager.java:56) ~[server-1.20.1-20230612.114412-srg.jar%23581!/:?]
	at java.util.HashMap.forEach(HashMap.java:1430) ~[?:?]
	at net.minecraft.world.level.storage.loot.LootDataManager.m_278660_(LootDataManager.java:55) ~[server-1.20.1-20230612.114412-srg.jar%23581!/:?]
	at java.util.concurrent.CompletableFuture$AsyncRun.run(CompletableFuture.java:1825) ~[?:?]
	at java.util.concurrent.CompletableFuture$AsyncRun.exec(CompletableFuture.java:1817) ~[?:?]
	at java.util.concurrent.ForkJoinTask.doExec(ForkJoinTask.java:511) ~[?:?]
	at java.util.concurrent.ForkJoinPool$WorkQueue.topLevelExec(ForkJoinPool.java:1450) ~[?:?]
	at java.util.concurrent.ForkJoinPool.runWorker(ForkJoinPool.java:2019) ~[?:?]
	at java.util.concurrent.ForkJoinWorkerThread.run(ForkJoinWorkerThread.java:187) ~[?:?]
[04Mar2026 18:32:06.320] [Worker-Main-10/INFO] [K-Turrets/]: Checking minecraft:entities/cod loot table
[04Mar2026 18:32:06.323] [Worker-Main-10/INFO] [K-Turrets/]: Checking minecraft:entities/cow loot table
[04Mar2026 18:32:06.324] [Worker-Main-10/INFO] [K-Turrets/]: Checking alexsmobs:entities/crimson_mosquito_fly loot table
[04Mar2026 18:32:06.334] [Worker-Main-10/INFO] [K-Turrets/]: Checking minecraft:entities/strider loot table
[04Mar2026 18:32:06.339] [Worker-Main-10/INFO] [K-Turrets/]: Checking mutantmonsters:entities/mutant_enderman_continuous loot table
[04Mar2026 18:32:06.375] [Worker-Main-10/INFO] [K-Turrets/]: Checking alexsmobs:entities/comb_jelly loot table
[04Mar2026 18:32:06.378] [Worker-Main-10/INFO] [K-Turrets/]: Checking mutantmonsters:entities/mutant_creeper loot table
[04Mar2026 18:32:06.382] [Worker-Main-10/INFO] [K-Turrets/]: Checking minecraft:entities/sheep/orange loot table
[04Mar2026 18:32:06.394] [Worker-Main-10/INFO] [K-Turrets/]: Checking minecraft:entities/tropical_fish loot table
[04Mar2026 18:32:06.395] [Worker-Main-10/INFO] [K-Turrets/]: Checking alexsmobs:entities/laviathan loot table
[04Mar2026 18:32:06.395] [Worker-Main-10/INFO] [K-Turrets/]: Checking alexsmobs:entities/crimson_mosquito_fly_full loot table
[04Mar2026 18:32:06.403] [Worker-Main-10/INFO] [K-Turrets/]: Checking warrior:entities/warrior loot table
[04Mar2026 18:32:06.403] [Worker-Main-10/INFO] [K-Turrets/]:    Including iron_ingot with random looting chance 0.008333334
[04Mar2026 18:32:06.403] [Worker-Main-10/INFO] [K-Turrets/]:    Including carrot with random looting chance 0.008333334
[04Mar2026 18:32:06.404] [Worker-Main-10/INFO] [K-Turrets/]:    Including potato with random looting chance 0.008333334
[04Mar2026 18:32:06.408] [Worker-Main-10/INFO] [K-Turrets/]: Checking alexsmobs:entities/guster_red loot table
[04Mar2026 18:32:06.409] [Worker-Main-10/INFO] [K-Turrets/]: Checking minecraft:entities/warden loot table
[04Mar2026 18:32:06.409] [Worker-Main-10/INFO] [K-Turrets/]: Checking immersiveengineering:entities/bulwark loot table
[04Mar2026 18:32:06.409] [Worker-Main-10/INFO] [K-Turrets/]: Checking alexsmobs:entities/shoebill loot table
[04Mar2026 18:32:06.411] [Worker-Main-10/INFO] [K-Turrets/]: Checking minecraft:entities/zombie loot table
[04Mar2026 18:32:06.412] [Worker-Main-10/INFO] [K-Turrets/]:    Including iron_ingot with random looting chance 0.008333334
[04Mar2026 18:32:06.412] [Worker-Main-10/INFO] [K-Turrets/]:    Including carrot with random looting chance 0.008333334
[04Mar2026 18:32:06.412] [Worker-Main-10/INFO] [K-Turrets/]:    Including potato with random looting chance 0.008333334
[04Mar2026 18:32:06.413] [Worker-Main-10/INFO] [K-Turrets/]: Checking alekiships:entities/sloop/dark_oak loot table
[04Mar2026 18:32:06.413] [Worker-Main-10/ERROR] [net.minecraftforge.common.ForgeHooks/]: Couldn't parse element loot_tables:jeffs_cursed_walking_structures:chests/guntreasure
com.google.gson.JsonSyntaxException: Expected name to be an item, was unknown string 'mcore:titanium_ingot'
	at net.minecraft.util.GsonHelper.m_13866_(GsonHelper.java:145) ~[server-1.20.1-20230612.114412-srg.jar%23581!/:?]
	at java.util.Optional.orElseThrow(Optional.java:403) ~[?:?]
	at net.minecraft.util.GsonHelper.m_13874_(GsonHelper.java:145) ~[server-1.20.1-20230612.114412-srg.jar%23581!/:?]
	at net.minecraft.util.GsonHelper.m_13909_(GsonHelper.java:153) ~[server-1.20.1-20230612.114412-srg.jar%23581!/:?]
	at net.minecraft.world.level.storage.loot.entries.LootItem$Serializer.m_7267_(LootItem.java:55) ~[server-1.20.1-20230612.114412-srg.jar%23581!/:?]
	at net.minecraft.world.level.storage.loot.entries.LootItem$Serializer.m_7267_(LootItem.java:40) ~[server-1.20.1-20230612.114412-srg.jar%23581!/:?]
	at net.minecraft.world.level.storage.loot.entries.LootPoolSingletonContainer$Serializer.m_5921_(LootPoolSingletonContainer.java:151) ~[server-1.20.1-20230612.114412-srg.jar%23581!/:?]
	at net.minecraft.world.level.storage.loot.entries.LootPoolSingletonContainer$Serializer.m_5921_(LootPoolSingletonContainer.java:129) ~[server-1.20.1-20230612.114412-srg.jar%23581!/:?]
	at net.minecraft.world.level.storage.loot.entries.LootPoolEntryContainer$Serializer.m_7561_(LootPoolEntryContainer.java:86) ~[server-1.20.1-20230612.114412-srg.jar%23581!/:?]
	at net.minecraft.world.level.storage.loot.entries.LootPoolEntryContainer$Serializer.m_7561_(LootPoolEntryContainer.java:74) ~[server-1.20.1-20230612.114412-srg.jar%23581!/:?]
	at net.minecraft.world.level.storage.loot.GsonAdapterFactory$JsonAdapter.deserialize(GsonAdapterFactory.java:102) ~[server-1.20.1-20230612.114412-srg.jar%23581!/:?]
	at com.google.gson.internal.bind.TreeTypeAdapter.read(TreeTypeAdapter.java:76) ~[gson-2.10.jar%2372!/:?]
	at com.google.gson.internal.bind.TypeAdapterRuntimeTypeWrapper.read(TypeAdapterRuntimeTypeWrapper.java:40) ~[gson-2.10.jar%2372!/:?]
	at com.google.gson.internal.bind.ArrayTypeAdapter.read(ArrayTypeAdapter.java:72) ~[gson-2.10.jar%2372!/:?]
	at com.google.gson.Gson.fromJson(Gson.java:1214) ~[gson-2.10.jar%2372!/:?]
	at com.google.gson.Gson.fromJson(Gson.java:1319) ~[gson-2.10.jar%2372!/:?]
	at com.google.gson.Gson.fromJson(Gson.java:1290) ~[gson-2.10.jar%2372!/:?]
	at com.google.gson.internal.bind.TreeTypeAdapter$GsonContextImpl.deserialize(TreeTypeAdapter.java:179) ~[gson-2.10.jar%2372!/:?]
	at net.minecraft.util.GsonHelper.m_13808_(GsonHelper.java:463) ~[server-1.20.1-20230612.114412-srg.jar%23581!/:?]
	at net.minecraft.util.GsonHelper.m_13836_(GsonHelper.java:471) ~[server-1.20.1-20230612.114412-srg.jar%23581!/:?]
	at net.minecraft.world.level.storage.loot.LootPool$Serializer.deserialize(LootPool.java:192) ~[server-1.20.1-20230612.114412-srg.jar%23581!/:?]
	at net.minecraft.world.level.storage.loot.LootPool$Serializer.deserialize(LootPool.java:189) ~[server-1.20.1-20230612.114412-srg.jar%23581!/:?]
	at com.google.gson.internal.bind.TreeTypeAdapter.read(TreeTypeAdapter.java:76) ~[gson-2.10.jar%2372!/:?]
	at com.google.gson.internal.bind.TypeAdapterRuntimeTypeWrapper.read(TypeAdapterRuntimeTypeWrapper.java:40) ~[gson-2.10.jar%2372!/:?]
	at com.google.gson.internal.bind.ArrayTypeAdapter.read(ArrayTypeAdapter.java:72) ~[gson-2.10.jar%2372!/:?]
	at com.google.gson.Gson.fromJson(Gson.java:1214) ~[gson-2.10.jar%2372!/:?]
	at com.google.gson.Gson.fromJson(Gson.java:1319) ~[gson-2.10.jar%2372!/:?]
	at com.google.gson.Gson.fromJson(Gson.java:1290) ~[gson-2.10.jar%2372!/:?]
	at com.google.gson.internal.bind.TreeTypeAdapter$GsonContextImpl.deserialize(TreeTypeAdapter.java:179) ~[gson-2.10.jar%2372!/:?]
	at net.minecraft.util.GsonHelper.m_13808_(GsonHelper.java:463) ~[server-1.20.1-20230612.114412-srg.jar%23581!/:?]
	at net.minecraft.util.GsonHelper.m_13845_(GsonHelper.java:481) ~[server-1.20.1-20230612.114412-srg.jar%23581!/:?]
	at net.minecraft.world.level.storage.loot.LootTable$Serializer.deserialize(LootTable.java:294) ~[server-1.20.1-20230612.114412-srg.jar%23581!/:?]
	at net.minecraft.world.level.storage.loot.LootTable$Serializer.deserialize(LootTable.java:291) ~[server-1.20.1-20230612.114412-srg.jar%23581!/:?]
	at com.google.gson.internal.bind.TreeTypeAdapter.read(TreeTypeAdapter.java:76) ~[gson-2.10.jar%2372!/:?]
	at com.google.gson.Gson.fromJson(Gson.java:1214) ~[gson-2.10.jar%2372!/:?]
	at com.google.gson.Gson.fromJson(Gson.java:1319) ~[gson-2.10.jar%2372!/:?]
	at com.google.gson.Gson.fromJson(Gson.java:1261) ~[gson-2.10.jar%2372!/:?]
	at net.minecraftforge.common.ForgeHooks.loadLootTable(ForgeHooks.java:872) ~[forge-1.20.1-47.4.16-universal.jar%23586!/:?]
	at net.minecraftforge.common.ForgeHooks.lambda$getLootTableDeserializer$3(ForgeHooks.java:849) ~[forge-1.20.1-47.4.16-universal.jar%23586!/:?]
	at net.minecraft.world.level.storage.loot.LootDataType.deserialize(LootDataType.java:45) ~[server-1.20.1-20230612.114412-srg.jar%23581!/:?]
	at net.minecraft.world.level.storage.loot.LootDataManager.lambda$scheduleElementParse$4(LootDataManager.java:56) ~[server-1.20.1-20230612.114412-srg.jar%23581!/:?]
	at java.util.HashMap.forEach(HashMap.java:1430) ~[?:?]
	at net.minecraft.world.level.storage.loot.LootDataManager.m_278660_(LootDataManager.java:55) ~[server-1.20.1-20230612.114412-srg.jar%23581!/:?]
	at java.util.concurrent.CompletableFuture$AsyncRun.run(CompletableFuture.java:1825) ~[?:?]
	at java.util.concurrent.CompletableFuture$AsyncRun.exec(CompletableFuture.java:1817) ~[?:?]
	at java.util.concurrent.ForkJoinTask.doExec(ForkJoinTask.java:511) ~[?:?]
	at java.util.concurrent.ForkJoinPool$WorkQueue.topLevelExec(ForkJoinPool.java:1450) ~[?:?]
	at java.util.concurrent.ForkJoinPool.runWorker(ForkJoinPool.java:2019) ~[?:?]
	at java.util.concurrent.ForkJoinWorkerThread.run(ForkJoinWorkerThread.java:187) ~[?:?]
[04Mar2026 18:32:06.415] [Worker-Main-10/INFO] [K-Turrets/]: Checking alekiships:entities/rowboat/jungle loot table
[04Mar2026 18:32:06.416] [Worker-Main-10/WARN] [org.berezka.berezka_api.BuiltInResourcePack/]: [Berezka API] called getResource with namespace berezka_api but file (store.json) doesn't exist. (most of the time you can ignore this
[04Mar2026 18:32:06.417] [Worker-Main-10/WARN] [org.berezka.berezka_api.BuiltInResourcePack/]: [Berezka API] called getResource with namespace berezka_api but file (berezkahousesmall_0.json) doesn't exist. (most of the time you can ignore this
[04Mar2026 18:32:06.421] [Worker-Main-10/INFO] [K-Turrets/]: Checking alexsmobs:entities/straddler loot table
[04Mar2026 18:32:06.425] [Worker-Main-10/ERROR] [net.minecraftforge.common.ForgeHooks/]: Couldn't parse element loot_tables:dustrial_decor:blocks/mini_padded_vertical_slab
java.lang.IllegalArgumentException: Can't find block dustrial_decor:mini_padded_vertical_slab
	at net.minecraft.world.level.storage.loot.predicates.LootItemBlockStatePropertyCondition$Serializer.m_81802_(LootItemBlockStatePropertyCondition.java:79) ~[server-1.20.1-20230612.114412-srg.jar%23581!/:?]
	at java.util.Optional.orElseThrow(Optional.java:403) ~[?:?]
	at net.minecraft.world.level.storage.loot.predicates.LootItemBlockStatePropertyCondition$Serializer.m_7561_(LootItemBlockStatePropertyCondition.java:79) ~[server-1.20.1-20230612.114412-srg.jar%23581!/:?]
	at net.minecraft.world.level.storage.loot.predicates.LootItemBlockStatePropertyCondition$Serializer.m_7561_(LootItemBlockStatePropertyCondition.java:68) ~[server-1.20.1-20230612.114412-srg.jar%23581!/:?]
	at net.minecraft.world.level.storage.loot.GsonAdapterFactory$JsonAdapter.deserialize(GsonAdapterFactory.java:102) ~[server-1.20.1-20230612.114412-srg.jar%23581!/:?]
	at com.google.gson.internal.bind.TreeTypeAdapter.read(TreeTypeAdapter.java:76) ~[gson-2.10.jar%2372!/:?]
	at com.google.gson.internal.bind.TypeAdapterRuntimeTypeWrapper.read(TypeAdapterRuntimeTypeWrapper.java:40) ~[gson-2.10.jar%2372!/:?]
	at com.google.gson.internal.bind.ArrayTypeAdapter.read(ArrayTypeAdapter.java:72) ~[gson-2.10.jar%2372!/:?]
	at com.google.gson.Gson.fromJson(Gson.java:1214) ~[gson-2.10.jar%2372!/:?]
	at com.google.gson.Gson.fromJson(Gson.java:1319) ~[gson-2.10.jar%2372!/:?]
	at com.google.gson.Gson.fromJson(Gson.java:1290) ~[gson-2.10.jar%2372!/:?]
	at com.google.gson.internal.bind.TreeTypeAdapter$GsonContextImpl.deserialize(TreeTypeAdapter.java:179) ~[gson-2.10.jar%2372!/:?]
	at net.minecraft.util.GsonHelper.m_13808_(GsonHelper.java:463) ~[server-1.20.1-20230612.114412-srg.jar%23581!/:?]
	at net.minecraft.util.GsonHelper.m_13845_(GsonHelper.java:481) ~[server-1.20.1-20230612.114412-srg.jar%23581!/:?]
	at net.minecraft.world.level.storage.loot.functions.LootItemConditionalFunction$Serializer.m_7561_(LootItemConditionalFunction.java:98) ~[server-1.20.1-20230612.114412-srg.jar%23581!/:?]
	at net.minecraft.world.level.storage.loot.functions.LootItemConditionalFunction$Serializer.m_7561_(LootItemConditionalFunction.java:88) ~[server-1.20.1-20230612.114412-srg.jar%23581!/:?]
	at net.minecraft.world.level.storage.loot.GsonAdapterFactory$JsonAdapter.deserialize(GsonAdapterFactory.java:102) ~[server-1.20.1-20230612.114412-srg.jar%23581!/:?]
	at com.google.gson.internal.bind.TreeTypeAdapter.read(TreeTypeAdapter.java:76) ~[gson-2.10.jar%2372!/:?]
	at com.google.gson.internal.bind.TypeAdapterRuntimeTypeWrapper.read(TypeAdapterRuntimeTypeWrapper.java:40) ~[gson-2.10.jar%2372!/:?]
	at com.google.gson.internal.bind.ArrayTypeAdapter.read(ArrayTypeAdapter.java:72) ~[gson-2.10.jar%2372!/:?]
	at com.google.gson.Gson.fromJson(Gson.java:1214) ~[gson-2.10.jar%2372!/:?]
	at com.google.gson.Gson.fromJson(Gson.java:1319) ~[gson-2.10.jar%2372!/:?]
	at com.google.gson.Gson.fromJson(Gson.java:1290) ~[gson-2.10.jar%2372!/:?]
	at com.google.gson.internal.bind.TreeTypeAdapter$GsonContextImpl.deserialize(TreeTypeAdapter.java:179) ~[gson-2.10.jar%2372!/:?]
	at net.minecraft.util.GsonHelper.m_13808_(GsonHelper.java:463) ~[server-1.20.1-20230612.114412-srg.jar%23581!/:?]
	at net.minecraft.util.GsonHelper.m_13845_(GsonHelper.java:481) ~[server-1.20.1-20230612.114412-srg.jar%23581!/:?]
	at net.minecraft.world.level.storage.loot.entries.LootPoolSingletonContainer$Serializer.m_5921_(LootPoolSingletonContainer.java:149) ~[server-1.20.1-20230612.114412-srg.jar%23581!/:?]
	at net.minecraft.world.level.storage.loot.entries.LootPoolSingletonContainer$Serializer.m_5921_(LootPoolSingletonContainer.java:129) ~[server-1.20.1-20230612.114412-srg.jar%23581!/:?]
	at net.minecraft.world.level.storage.loot.entries.LootPoolEntryContainer$Serializer.m_7561_(LootPoolEntryContainer.java:86) ~[server-1.20.1-20230612.114412-srg.jar%23581!/:?]
	at net.minecraft.world.level.storage.loot.entries.LootPoolEntryContainer$Serializer.m_7561_(LootPoolEntryContainer.java:74) ~[server-1.20.1-20230612.114412-srg.jar%23581!/:?]
	at net.minecraft.world.level.storage.loot.GsonAdapterFactory$JsonAdapter.deserialize(GsonAdapterFactory.java:102) ~[server-1.20.1-20230612.114412-srg.jar%23581!/:?]
	at com.google.gson.internal.bind.TreeTypeAdapter.read(TreeTypeAdapter.java:76) ~[gson-2.10.jar%2372!/:?]
	at com.google.gson.internal.bind.TypeAdapterRuntimeTypeWrapper.read(TypeAdapterRuntimeTypeWrapper.java:40) ~[gson-2.10.jar%2372!/:?]
	at com.google.gson.internal.bind.ArrayTypeAdapter.read(ArrayTypeAdapter.java:72) ~[gson-2.10.jar%2372!/:?]
	at com.google.gson.Gson.fromJson(Gson.java:1214) ~[gson-2.10.jar%2372!/:?]
	at com.google.gson.Gson.fromJson(Gson.java:1319) ~[gson-2.10.jar%2372!/:?]
	at com.google.gson.Gson.fromJson(Gson.java:1290) ~[gson-2.10.jar%2372!/:?]
	at com.google.gson.internal.bind.TreeTypeAdapter$GsonContextImpl.deserialize(TreeTypeAdapter.java:179) ~[gson-2.10.jar%2372!/:?]
	at net.minecraft.util.GsonHelper.m_13808_(GsonHelper.java:463) ~[server-1.20.1-20230612.114412-srg.jar%23581!/:?]
	at net.minecraft.util.GsonHelper.m_13836_(GsonHelper.java:471) ~[server-1.20.1-20230612.114412-srg.jar%23581!/:?]
	at net.minecraft.world.level.storage.loot.LootPool$Serializer.deserialize(LootPool.java:192) ~[server-1.20.1-20230612.114412-srg.jar%23581!/:?]
	at net.minecraft.world.level.storage.loot.LootPool$Serializer.deserialize(LootPool.java:189) ~[server-1.20.1-20230612.114412-srg.jar%23581!/:?]
	at com.google.gson.internal.bind.TreeTypeAdapter.read(TreeTypeAdapter.java:76) ~[gson-2.10.jar%2372!/:?]
	at com.google.gson.internal.bind.TypeAdapterRuntimeTypeWrapper.read(TypeAdapterRuntimeTypeWrapper.java:40) ~[gson-2.10.jar%2372!/:?]
	at com.google.gson.internal.bind.ArrayTypeAdapter.read(ArrayTypeAdapter.java:72) ~[gson-2.10.jar%2372!/:?]
	at com.google.gson.Gson.fromJson(Gson.java:1214) ~[gson-2.10.jar%2372!/:?]
	at com.google.gson.Gson.fromJson(Gson.java:1319) ~[gson-2.10.jar%2372!/:?]
	at com.google.gson.Gson.fromJson(Gson.java:1290) ~[gson-2.10.jar%2372!/:?]
	at com.google.gson.internal.bind.TreeTypeAdapter$GsonContextImpl.deserialize(TreeTypeAdapter.java:179) ~[gson-2.10.jar%2372!/:?]
	at net.minecraft.util.GsonHelper.m_13808_(GsonHelper.java:463) ~[server-1.20.1-20230612.114412-srg.jar%23581!/:?]
	at net.minecraft.util.GsonHelper.m_13845_(GsonHelper.java:481) ~[server-1.20.1-20230612.114412-srg.jar%23581!/:?]
	at net.minecraft.world.level.storage.loot.LootTable$Serializer.deserialize(LootTable.java:294) ~[server-1.20.1-20230612.114412-srg.jar%23581!/:?]
	at net.minecraft.world.level.storage.loot.LootTable$Serializer.deserialize(LootTable.java:291) ~[server-1.20.1-20230612.114412-srg.jar%23581!/:?]
	at com.google.gson.internal.bind.TreeTypeAdapter.read(TreeTypeAdapter.java:76) ~[gson-2.10.jar%2372!/:?]
	at com.google.gson.Gson.fromJson(Gson.java:1214) ~[gson-2.10.jar%2372!/:?]
	at com.google.gson.Gson.fromJson(Gson.java:1319) ~[gson-2.10.jar%2372!/:?]
	at com.google.gson.Gson.fromJson(Gson.java:1261) ~[gson-2.10.jar%2372!/:?]
	at net.minecraftforge.common.ForgeHooks.loadLootTable(ForgeHooks.java:872) ~[forge-1.20.1-47.4.16-universal.jar%23586!/:?]
	at net.minecraftforge.common.ForgeHooks.lambda$getLootTableDeserializer$3(ForgeHooks.java:849) ~[forge-1.20.1-47.4.16-universal.jar%23586!/:?]
	at net.minecraft.world.level.storage.loot.LootDataType.deserialize(LootDataType.java:45) ~[server-1.20.1-20230612.114412-srg.jar%23581!/:?]
	at net.minecraft.world.level.storage.loot.LootDataManager.lambda$scheduleElementParse$4(LootDataManager.java:56) ~[server-1.20.1-20230612.114412-srg.jar%23581!/:?]
	at java.util.HashMap.forEach(HashMap.java:1430) ~[?:?]
	at net.minecraft.world.level.storage.loot.LootDataManager.m_278660_(LootDataManager.java:55) ~[server-1.20.1-20230612.114412-srg.jar%23581!/:?]
	at java.util.concurrent.CompletableFuture$AsyncRun.run(CompletableFuture.java:1825) ~[?:?]
	at java.util.concurrent.CompletableFuture$AsyncRun.exec(CompletableFuture.java:1817) ~[?:?]
	at java.util.concurrent.ForkJoinTask.doExec(ForkJoinTask.java:511) ~[?:?]
	at java.util.concurrent.ForkJoinPool$WorkQueue.topLevelExec(ForkJoinPool.java:1450) ~[?:?]
	at java.util.concurrent.ForkJoinPool.runWorker(ForkJoinPool.java:2019) ~[?:?]
	at java.util.concurrent.ForkJoinWorkerThread.run(ForkJoinWorkerThread.java:187) ~[?:?]
[04Mar2026 18:32:06.428] [Worker-Main-10/INFO] [K-Turrets/]: Checking minecraft:entities/shulker loot table
[04Mar2026 18:32:06.432] [Worker-Main-10/INFO] [K-Turrets/]: Checking mutantmonsters:entities/creeper_minion loot table
[04Mar2026 18:32:06.434] [Worker-Main-10/INFO] [K-Turrets/]: Checking alekiships:entities/sloop/bamboo loot table
[04Mar2026 18:32:06.437] [Worker-Main-10/INFO] [K-Turrets/]: Checking mutantmonsters:entities/mutant_snow_golem loot table
[04Mar2026 18:32:06.439] [Worker-Main-10/ERROR] [net.minecraftforge.common.ForgeHooks/]: Couldn't parse element loot_tables:dustrial_decor:blocks/large_ice_chain
com.google.gson.JsonSyntaxException: Expected name to be an item, was unknown string 'dustrial_decor:large_ice_chain'
	at net.minecraft.util.GsonHelper.m_13866_(GsonHelper.java:145) ~[server-1.20.1-20230612.114412-srg.jar%23581!/:?]
	at java.util.Optional.orElseThrow(Optional.java:403) ~[?:?]
	at net.minecraft.util.GsonHelper.m_13874_(GsonHelper.java:145) ~[server-1.20.1-20230612.114412-srg.jar%23581!/:?]
	at net.minecraft.util.GsonHelper.m_13909_(GsonHelper.java:153) ~[server-1.20.1-20230612.114412-srg.jar%23581!/:?]
	at net.minecraft.world.level.storage.loot.entries.LootItem$Serializer.m_7267_(LootItem.java:55) ~[server-1.20.1-20230612.114412-srg.jar%23581!/:?]
	at net.minecraft.world.level.storage.loot.entries.LootItem$Serializer.m_7267_(LootItem.java:40) ~[server-1.20.1-20230612.114412-srg.jar%23581!/:?]
	at net.minecraft.world.level.storage.loot.entries.LootPoolSingletonContainer$Serializer.m_5921_(LootPoolSingletonContainer.java:151) ~[server-1.20.1-20230612.114412-srg.jar%23581!/:?]
	at net.minecraft.world.level.storage.loot.entries.LootPoolSingletonContainer$Serializer.m_5921_(LootPoolSingletonContainer.java:129) ~[server-1.20.1-20230612.114412-srg.jar%23581!/:?]
	at net.minecraft.world.level.storage.loot.entries.LootPoolEntryContainer$Serializer.m_7561_(LootPoolEntryContainer.java:86) ~[server-1.20.1-20230612.114412-srg.jar%23581!/:?]
	at net.minecraft.world.level.storage.loot.entries.LootPoolEntryContainer$Serializer.m_7561_(LootPoolEntryContainer.java:74) ~[server-1.20.1-20230612.114412-srg.jar%23581!/:?]
	at net.minecraft.world.level.storage.loot.GsonAdapterFactory$JsonAdapter.deserialize(GsonAdapterFactory.java:102) ~[server-1.20.1-20230612.114412-srg.jar%23581!/:?]
	at com.google.gson.internal.bind.TreeTypeAdapter.read(TreeTypeAdapter.java:76) ~[gson-2.10.jar%2372!/:?]
	at com.google.gson.internal.bind.TypeAdapterRuntimeTypeWrapper.read(TypeAdapterRuntimeTypeWrapper.java:40) ~[gson-2.10.jar%2372!/:?]
	at com.google.gson.internal.bind.ArrayTypeAdapter.read(ArrayTypeAdapter.java:72) ~[gson-2.10.jar%2372!/:?]
	at com.google.gson.Gson.fromJson(Gson.java:1214) ~[gson-2.10.jar%2372!/:?]
	at com.google.gson.Gson.fromJson(Gson.java:1319) ~[gson-2.10.jar%2372!/:?]
	at com.google.gson.Gson.fromJson(Gson.java:1290) ~[gson-2.10.jar%2372!/:?]
	at com.google.gson.internal.bind.TreeTypeAdapter$GsonContextImpl.deserialize(TreeTypeAdapter.java:179) ~[gson-2.10.jar%2372!/:?]
	at net.minecraft.util.GsonHelper.m_13808_(GsonHelper.java:463) ~[server-1.20.1-20230612.114412-srg.jar%23581!/:?]
	at net.minecraft.util.GsonHelper.m_13836_(GsonHelper.java:471) ~[server-1.20.1-20230612.114412-srg.jar%23581!/:?]
	at net.minecraft.world.level.storage.loot.LootPool$Serializer.deserialize(LootPool.java:192) ~[server-1.20.1-20230612.114412-srg.jar%23581!/:?]
	at net.minecraft.world.level.storage.loot.LootPool$Serializer.deserialize(LootPool.java:189) ~[server-1.20.1-20230612.114412-srg.jar%23581!/:?]
	at com.google.gson.internal.bind.TreeTypeAdapter.read(TreeTypeAdapter.java:76) ~[gson-2.10.jar%2372!/:?]
	at com.google.gson.internal.bind.TypeAdapterRuntimeTypeWrapper.read(TypeAdapterRuntimeTypeWrapper.java:40) ~[gson-2.10.jar%2372!/:?]
	at com.google.gson.internal.bind.ArrayTypeAdapter.read(ArrayTypeAdapter.java:72) ~[gson-2.10.jar%2372!/:?]
	at com.google.gson.Gson.fromJson(Gson.java:1214) ~[gson-2.10.jar%2372!/:?]
	at com.google.gson.Gson.fromJson(Gson.java:1319) ~[gson-2.10.jar%2372!/:?]
	at com.google.gson.Gson.fromJson(Gson.java:1290) ~[gson-2.10.jar%2372!/:?]
	at com.google.gson.internal.bind.TreeTypeAdapter$GsonContextImpl.deserialize(TreeTypeAdapter.java:179) ~[gson-2.10.jar%2372!/:?]
	at net.minecraft.util.GsonHelper.m_13808_(GsonHelper.java:463) ~[server-1.20.1-20230612.114412-srg.jar%23581!/:?]
	at net.minecraft.util.GsonHelper.m_13845_(GsonHelper.java:481) ~[server-1.20.1-20230612.114412-srg.jar%23581!/:?]
	at net.minecraft.world.level.storage.loot.LootTable$Serializer.deserialize(LootTable.java:294) ~[server-1.20.1-20230612.114412-srg.jar%23581!/:?]
	at net.minecraft.world.level.storage.loot.LootTable$Serializer.deserialize(LootTable.java:291) ~[server-1.20.1-20230612.114412-srg.jar%23581!/:?]
	at com.google.gson.internal.bind.TreeTypeAdapter.read(TreeTypeAdapter.java:76) ~[gson-2.10.jar%2372!/:?]
	at com.google.gson.Gson.fromJson(Gson.java:1214) ~[gson-2.10.jar%2372!/:?]
	at com.google.gson.Gson.fromJson(Gson.java:1319) ~[gson-2.10.jar%2372!/:?]
	at com.google.gson.Gson.fromJson(Gson.java:1261) ~[gson-2.10.jar%2372!/:?]
	at net.minecraftforge.common.ForgeHooks.loadLootTable(ForgeHooks.java:872) ~[forge-1.20.1-47.4.16-universal.jar%23586!/:?]
	at net.minecraftforge.common.ForgeHooks.lambda$getLootTableDeserializer$3(ForgeHooks.java:849) ~[forge-1.20.1-47.4.16-universal.jar%23586!/:?]
	at net.minecraft.world.level.storage.loot.LootDataType.deserialize(LootDataType.java:45) ~[server-1.20.1-20230612.114412-srg.jar%23581!/:?]
	at net.minecraft.world.level.storage.loot.LootDataManager.lambda$scheduleElementParse$4(LootDataManager.java:56) ~[server-1.20.1-20230612.114412-srg.jar%23581!/:?]
	at java.util.HashMap.forEach(HashMap.java:1430) ~[?:?]
	at net.minecraft.world.level.storage.loot.LootDataManager.m_278660_(LootDataManager.java:55) ~[server-1.20.1-20230612.114412-srg.jar%23581!/:?]
	at java.util.concurrent.CompletableFuture$AsyncRun.run(CompletableFuture.java:1825) ~[?:?]
	at java.util.concurrent.CompletableFuture$AsyncRun.exec(CompletableFuture.java:1817) ~[?:?]
	at java.util.concurrent.ForkJoinTask.doExec(ForkJoinTask.java:511) ~[?:?]
	at java.util.concurrent.ForkJoinPool$WorkQueue.topLevelExec(ForkJoinPool.java:1450) ~[?:?]
	at java.util.concurrent.ForkJoinPool.runWorker(ForkJoinPool.java:2019) ~[?:?]
	at java.util.concurrent.ForkJoinWorkerThread.run(ForkJoinWorkerThread.java:187) ~[?:?]
[04Mar2026 18:32:06.443] [Worker-Main-10/INFO] [K-Turrets/]: Checking alexsmobs:entities/laviathan_obsidian loot table
[04Mar2026 18:32:06.449] [Worker-Main-10/INFO] [K-Turrets/]: Checking alexsmobs:entities/moose loot table
[04Mar2026 18:32:06.449] [Worker-Main-10/INFO] [K-Turrets/]: Checking alekiships:entities/rowboat/cherry loot table
[04Mar2026 18:32:06.451] [Worker-Main-10/ERROR] [net.minecraftforge.common.ForgeHooks/]: Couldn't parse element loot_tables:dustrial_decor:blocks/cast_iron_brick_vertical_slab
java.lang.IllegalArgumentException: Can't find block dustrial_decor:cast_iron_brick_vertical_slab
	at net.minecraft.world.level.storage.loot.predicates.LootItemBlockStatePropertyCondition$Serializer.m_81802_(LootItemBlockStatePropertyCondition.java:79) ~[server-1.20.1-20230612.114412-srg.jar%23581!/:?]
	at java.util.Optional.orElseThrow(Optional.java:403) ~[?:?]
	at net.minecraft.world.level.storage.loot.predicates.LootItemBlockStatePropertyCondition$Serializer.m_7561_(LootItemBlockStatePropertyCondition.java:79) ~[server-1.20.1-20230612.114412-srg.jar%23581!/:?]
	at net.minecraft.world.level.storage.loot.predicates.LootItemBlockStatePropertyCondition$Serializer.m_7561_(LootItemBlockStatePropertyCondition.java:68) ~[server-1.20.1-20230612.114412-srg.jar%23581!/:?]
	at net.minecraft.world.level.storage.loot.GsonAdapterFactory$JsonAdapter.deserialize(GsonAdapterFactory.java:102) ~[server-1.20.1-20230612.114412-srg.jar%23581!/:?]
	at com.google.gson.internal.bind.TreeTypeAdapter.read(TreeTypeAdapter.java:76) ~[gson-2.10.jar%2372!/:?]
	at com.google.gson.internal.bind.TypeAdapterRuntimeTypeWrapper.read(TypeAdapterRuntimeTypeWrapper.java:40) ~[gson-2.10.jar%2372!/:?]
	at com.google.gson.internal.bind.ArrayTypeAdapter.read(ArrayTypeAdapter.java:72) ~[gson-2.10.jar%2372!/:?]
	at com.google.gson.Gson.fromJson(Gson.java:1214) ~[gson-2.10.jar%2372!/:?]
	at com.google.gson.Gson.fromJson(Gson.java:1319) ~[gson-2.10.jar%2372!/:?]
	at com.google.gson.Gson.fromJson(Gson.java:1290) ~[gson-2.10.jar%2372!/:?]
	at com.google.gson.internal.bind.TreeTypeAdapter$GsonContextImpl.deserialize(TreeTypeAdapter.java:179) ~[gson-2.10.jar%2372!/:?]
	at net.minecraft.util.GsonHelper.m_13808_(GsonHelper.java:463) ~[server-1.20.1-20230612.114412-srg.jar%23581!/:?]
	at net.minecraft.util.GsonHelper.m_13845_(GsonHelper.java:481) ~[server-1.20.1-20230612.114412-srg.jar%23581!/:?]
	at net.minecraft.world.level.storage.loot.functions.LootItemConditionalFunction$Serializer.m_7561_(LootItemConditionalFunction.java:98) ~[server-1.20.1-20230612.114412-srg.jar%23581!/:?]
	at net.minecraft.world.level.storage.loot.functions.LootItemConditionalFunction$Serializer.m_7561_(LootItemConditionalFunction.java:88) ~[server-1.20.1-20230612.114412-srg.jar%23581!/:?]
	at net.minecraft.world.level.storage.loot.GsonAdapterFactory$JsonAdapter.deserialize(GsonAdapterFactory.java:102) ~[server-1.20.1-20230612.114412-srg.jar%23581!/:?]
	at com.google.gson.internal.bind.TreeTypeAdapter.read(TreeTypeAdapter.java:76) ~[gson-2.10.jar%2372!/:?]
	at com.google.gson.internal.bind.TypeAdapterRuntimeTypeWrapper.read(TypeAdapterRuntimeTypeWrapper.java:40) ~[gson-2.10.jar%2372!/:?]
	at com.google.gson.internal.bind.ArrayTypeAdapter.read(ArrayTypeAdapter.java:72) ~[gson-2.10.jar%2372!/:?]
	at com.google.gson.Gson.fromJson(Gson.java:1214) ~[gson-2.10.jar%2372!/:?]
	at com.google.gson.Gson.fromJson(Gson.java:1319) ~[gson-2.10.jar%2372!/:?]
	at com.google.gson.Gson.fromJson(Gson.java:1290) ~[gson-2.10.jar%2372!/:?]
	at com.google.gson.internal.bind.TreeTypeAdapter$GsonContextImpl.deserialize(TreeTypeAdapter.java:179) ~[gson-2.10.jar%2372!/:?]
	at net.minecraft.util.GsonHelper.m_13808_(GsonHelper.java:463) ~[server-1.20.1-20230612.114412-srg.jar%23581!/:?]
	at net.minecraft.util.GsonHelper.m_13845_(GsonHelper.java:481) ~[server-1.20.1-20230612.114412-srg.jar%23581!/:?]
	at net.minecraft.world.level.storage.loot.entries.LootPoolSingletonContainer$Serializer.m_5921_(LootPoolSingletonContainer.java:149) ~[server-1.20.1-20230612.114412-srg.jar%23581!/:?]
	at net.minecraft.world.level.storage.loot.entries.LootPoolSingletonContainer$Serializer.m_5921_(LootPoolSingletonContainer.java:129) ~[server-1.20.1-20230612.114412-srg.jar%23581!/:?]
	at net.minecraft.world.level.storage.loot.entries.LootPoolEntryContainer$Serializer.m_7561_(LootPoolEntryContainer.java:86) ~[server-1.20.1-20230612.114412-srg.jar%23581!/:?]
	at net.minecraft.world.level.storage.loot.entries.LootPoolEntryContainer$Serializer.m_7561_(LootPoolEntryContainer.java:74) ~[server-1.20.1-20230612.114412-srg.jar%23581!/:?]
	at net.minecraft.world.level.storage.loot.GsonAdapterFactory$JsonAdapter.deserialize(GsonAdapterFactory.java:102) ~[server-1.20.1-20230612.114412-srg.jar%23581!/:?]
	at com.google.gson.internal.bind.TreeTypeAdapter.read(TreeTypeAdapter.java:76) ~[gson-2.10.jar%2372!/:?]
	at com.google.gson.internal.bind.TypeAdapterRuntimeTypeWrapper.read(TypeAdapterRuntimeTypeWrapper.java:40) ~[gson-2.10.jar%2372!/:?]
	at com.google.gson.internal.bind.ArrayTypeAdapter.read(ArrayTypeAdapter.java:72) ~[gson-2.10.jar%2372!/:?]
	at com.google.gson.Gson.fromJson(Gson.java:1214) ~[gson-2.10.jar%2372!/:?]
	at com.google.gson.Gson.fromJson(Gson.java:1319) ~[gson-2.10.jar%2372!/:?]
	at com.google.gson.Gson.fromJson(Gson.java:1290) ~[gson-2.10.jar%2372!/:?]
	at com.google.gson.internal.bind.TreeTypeAdapter$GsonContextImpl.deserialize(TreeTypeAdapter.java:179) ~[gson-2.10.jar%2372!/:?]
	at net.minecraft.util.GsonHelper.m_13808_(GsonHelper.java:463) ~[server-1.20.1-20230612.114412-srg.jar%23581!/:?]
	at net.minecraft.util.GsonHelper.m_13836_(GsonHelper.java:471) ~[server-1.20.1-20230612.114412-srg.jar%23581!/:?]
	at net.minecraft.world.level.storage.loot.LootPool$Serializer.deserialize(LootPool.java:192) ~[server-1.20.1-20230612.114412-srg.jar%23581!/:?]
	at net.minecraft.world.level.storage.loot.LootPool$Serializer.deserialize(LootPool.java:189) ~[server-1.20.1-20230612.114412-srg.jar%23581!/:?]
	at com.google.gson.internal.bind.TreeTypeAdapter.read(TreeTypeAdapter.java:76) ~[gson-2.10.jar%2372!/:?]
	at com.google.gson.internal.bind.TypeAdapterRuntimeTypeWrapper.read(TypeAdapterRuntimeTypeWrapper.java:40) ~[gson-2.10.jar%2372!/:?]
	at com.google.gson.internal.bind.ArrayTypeAdapter.read(ArrayTypeAdapter.java:72) ~[gson-2.10.jar%2372!/:?]
	at com.google.gson.Gson.fromJson(Gson.java:1214) ~[gson-2.10.jar%2372!/:?]
	at com.google.gson.Gson.fromJson(Gson.java:1319) ~[gson-2.10.jar%2372!/:?]
	at com.google.gson.Gson.fromJson(Gson.java:1290) ~[gson-2.10.jar%2372!/:?]
	at com.google.gson.internal.bind.TreeTypeAdapter$GsonContextImpl.deserialize(TreeTypeAdapter.java:179) ~[gson-2.10.jar%2372!/:?]
	at net.minecraft.util.GsonHelper.m_13808_(GsonHelper.java:463) ~[server-1.20.1-20230612.114412-srg.jar%23581!/:?]
	at net.minecraft.util.GsonHelper.m_13845_(GsonHelper.java:481) ~[server-1.20.1-20230612.114412-srg.jar%23581!/:?]
	at net.minecraft.world.level.storage.loot.LootTable$Serializer.deserialize(LootTable.java:294) ~[server-1.20.1-20230612.114412-srg.jar%23581!/:?]
	at net.minecraft.world.level.storage.loot.LootTable$Serializer.deserialize(LootTable.java:291) ~[server-1.20.1-20230612.114412-srg.jar%23581!/:?]
	at com.google.gson.internal.bind.TreeTypeAdapter.read(TreeTypeAdapter.java:76) ~[gson-2.10.jar%2372!/:?]
	at com.google.gson.Gson.fromJson(Gson.java:1214) ~[gson-2.10.jar%2372!/:?]
	at com.google.gson.Gson.fromJson(Gson.java:1319) ~[gson-2.10.jar%2372!/:?]
	at com.google.gson.Gson.fromJson(Gson.java:1261) ~[gson-2.10.jar%2372!/:?]
	at net.minecraftforge.common.ForgeHooks.loadLootTable(ForgeHooks.java:872) ~[forge-1.20.1-47.4.16-universal.jar%23586!/:?]
	at net.minecraftforge.common.ForgeHooks.lambda$getLootTableDeserializer$3(ForgeHooks.java:849) ~[forge-1.20.1-47.4.16-universal.jar%23586!/:?]
	at net.minecraft.world.level.storage.loot.LootDataType.deserialize(LootDataType.java:45) ~[server-1.20.1-20230612.114412-srg.jar%23581!/:?]
	at net.minecraft.world.level.storage.loot.LootDataManager.lambda$scheduleElementParse$4(LootDataManager.java:56) ~[server-1.20.1-20230612.114412-srg.jar%23581!/:?]
	at java.util.HashMap.forEach(HashMap.java:1430) ~[?:?]
	at net.minecraft.world.level.storage.loot.LootDataManager.m_278660_(LootDataManager.java:55) ~[server-1.20.1-20230612.114412-srg.jar%23581!/:?]
	at java.util.concurrent.CompletableFuture$AsyncRun.run(CompletableFuture.java:1825) ~[?:?]
	at java.util.concurrent.CompletableFuture$AsyncRun.exec(CompletableFuture.java:1817) ~[?:?]
	at java.util.concurrent.ForkJoinTask.doExec(ForkJoinTask.java:511) ~[?:?]
	at java.util.concurrent.ForkJoinPool$WorkQueue.topLevelExec(ForkJoinPool.java:1450) ~[?:?]
	at java.util.concurrent.ForkJoinPool.runWorker(ForkJoinPool.java:2019) ~[?:?]
	at java.util.concurrent.ForkJoinWorkerThread.run(ForkJoinWorkerThread.java:187) ~[?:?]
[04Mar2026 18:32:06.456] [Worker-Main-10/INFO] [K-Turrets/]: Checking minecraft:entities/rabbit loot table
[04Mar2026 18:32:06.456] [Worker-Main-10/INFO] [K-Turrets/]:    Including rabbit_foot with random looting chance 0.1
[04Mar2026 18:32:06.463] [Worker-Main-10/INFO] [K-Turrets/]: Checking minecraft:entities/elder_guardian loot table
[04Mar2026 18:32:06.464] [Worker-Main-10/INFO] [K-Turrets/]: Checking alexsmobs:entities/centipede_head loot table
[04Mar2026 18:32:06.465] [Worker-Main-10/INFO] [K-Turrets/]: Checking alekiships:entities/sloop/birch loot table
[04Mar2026 18:32:06.467] [Worker-Main-10/ERROR] [net.minecraftforge.common.ForgeHooks/]: Couldn't parse element loot_tables:dustrial_decor:blocks/rusty_sheet_metal_paneling_vertical_slab
java.lang.IllegalArgumentException: Can't find block dustrial_decor:rusty_sheet_metal_paneling_vertical_slab
	at net.minecraft.world.level.storage.loot.predicates.LootItemBlockStatePropertyCondition$Serializer.m_81802_(LootItemBlockStatePropertyCondition.java:79) ~[server-1.20.1-20230612.114412-srg.jar%23581!/:?]
	at java.util.Optional.orElseThrow(Optional.java:403) ~[?:?]
	at net.minecraft.world.level.storage.loot.predicates.LootItemBlockStatePropertyCondition$Serializer.m_7561_(LootItemBlockStatePropertyCondition.java:79) ~[server-1.20.1-20230612.114412-srg.jar%23581!/:?]
	at net.minecraft.world.level.storage.loot.predicates.LootItemBlockStatePropertyCondition$Serializer.m_7561_(LootItemBlockStatePropertyCondition.java:68) ~[server-1.20.1-20230612.114412-srg.jar%23581!/:?]
	at net.minecraft.world.level.storage.loot.GsonAdapterFactory$JsonAdapter.deserialize(GsonAdapterFactory.java:102) ~[server-1.20.1-20230612.114412-srg.jar%23581!/:?]
	at com.google.gson.internal.bind.TreeTypeAdapter.read(TreeTypeAdapter.java:76) ~[gson-2.10.jar%2372!/:?]
	at com.google.gson.internal.bind.TypeAdapterRuntimeTypeWrapper.read(TypeAdapterRuntimeTypeWrapper.java:40) ~[gson-2.10.jar%2372!/:?]
	at com.google.gson.internal.bind.ArrayTypeAdapter.read(ArrayTypeAdapter.java:72) ~[gson-2.10.jar%2372!/:?]
	at com.google.gson.Gson.fromJson(Gson.java:1214) ~[gson-2.10.jar%2372!/:?]
	at com.google.gson.Gson.fromJson(Gson.java:1319) ~[gson-2.10.jar%2372!/:?]
	at com.google.gson.Gson.fromJson(Gson.java:1290) ~[gson-2.10.jar%2372!/:?]
	at com.google.gson.internal.bind.TreeTypeAdapter$GsonContextImpl.deserialize(TreeTypeAdapter.java:179) ~[gson-2.10.jar%2372!/:?]
	at net.minecraft.util.GsonHelper.m_13808_(GsonHelper.java:463) ~[server-1.20.1-20230612.114412-srg.jar%23581!/:?]
	at net.minecraft.util.GsonHelper.m_13845_(GsonHelper.java:481) ~[server-1.20.1-20230612.114412-srg.jar%23581!/:?]
	at net.minecraft.world.level.storage.loot.functions.LootItemConditionalFunction$Serializer.m_7561_(LootItemConditionalFunction.java:98) ~[server-1.20.1-20230612.114412-srg.jar%23581!/:?]
	at net.minecraft.world.level.storage.loot.functions.LootItemConditionalFunction$Serializer.m_7561_(LootItemConditionalFunction.java:88) ~[server-1.20.1-20230612.114412-srg.jar%23581!/:?]
	at net.minecraft.world.level.storage.loot.GsonAdapterFactory$JsonAdapter.deserialize(GsonAdapterFactory.java:102) ~[server-1.20.1-20230612.114412-srg.jar%23581!/:?]
	at com.google.gson.internal.bind.TreeTypeAdapter.read(TreeTypeAdapter.java:76) ~[gson-2.10.jar%2372!/:?]
	at com.google.gson.internal.bind.TypeAdapterRuntimeTypeWrapper.read(TypeAdapterRuntimeTypeWrapper.java:40) ~[gson-2.10.jar%2372!/:?]
	at com.google.gson.internal.bind.ArrayTypeAdapter.read(ArrayTypeAdapter.java:72) ~[gson-2.10.jar%2372!/:?]
	at com.google.gson.Gson.fromJson(Gson.java:1214) ~[gson-2.10.jar%2372!/:?]
	at com.google.gson.Gson.fromJson(Gson.java:1319) ~[gson-2.10.jar%2372!/:?]
	at com.google.gson.Gson.fromJson(Gson.java:1290) ~[gson-2.10.jar%2372!/:?]
	at com.google.gson.internal.bind.TreeTypeAdapter$GsonContextImpl.deserialize(TreeTypeAdapter.java:179) ~[gson-2.10.jar%2372!/:?]
	at net.minecraft.util.GsonHelper.m_13808_(GsonHelper.java:463) ~[server-1.20.1-20230612.114412-srg.jar%23581!/:?]
	at net.minecraft.util.GsonHelper.m_13845_(GsonHelper.java:481) ~[server-1.20.1-20230612.114412-srg.jar%23581!/:?]
	at net.minecraft.world.level.storage.loot.entries.LootPoolSingletonContainer$Serializer.m_5921_(LootPoolSingletonContainer.java:149) ~[server-1.20.1-20230612.114412-srg.jar%23581!/:?]
	at net.minecraft.world.level.storage.loot.entries.LootPoolSingletonContainer$Serializer.m_5921_(LootPoolSingletonContainer.java:129) ~[server-1.20.1-20230612.114412-srg.jar%23581!/:?]
	at net.minecraft.world.level.storage.loot.entries.LootPoolEntryContainer$Serializer.m_7561_(LootPoolEntryContainer.java:86) ~[server-1.20.1-20230612.114412-srg.jar%23581!/:?]
	at net.minecraft.world.level.storage.loot.entries.LootPoolEntryContainer$Serializer.m_7561_(LootPoolEntryContainer.java:74) ~[server-1.20.1-20230612.114412-srg.jar%23581!/:?]
	at net.minecraft.world.level.storage.loot.GsonAdapterFactory$JsonAdapter.deserialize(GsonAdapterFactory.java:102) ~[server-1.20.1-20230612.114412-srg.jar%23581!/:?]
	at com.google.gson.internal.bind.TreeTypeAdapter.read(TreeTypeAdapter.java:76) ~[gson-2.10.jar%2372!/:?]
	at com.google.gson.internal.bind.TypeAdapterRuntimeTypeWrapper.read(TypeAdapterRuntimeTypeWrapper.java:40) ~[gson-2.10.jar%2372!/:?]
	at com.google.gson.internal.bind.ArrayTypeAdapter.read(ArrayTypeAdapter.java:72) ~[gson-2.10.jar%2372!/:?]
	at com.google.gson.Gson.fromJson(Gson.java:1214) ~[gson-2.10.jar%2372!/:?]
	at com.google.gson.Gson.fromJson(Gson.java:1319) ~[gson-2.10.jar%2372!/:?]
	at com.google.gson.Gson.fromJson(Gson.java:1290) ~[gson-2.10.jar%2372!/:?]
	at com.google.gson.internal.bind.TreeTypeAdapter$GsonContextImpl.deserialize(TreeTypeAdapter.java:179) ~[gson-2.10.jar%2372!/:?]
	at net.minecraft.util.GsonHelper.m_13808_(GsonHelper.java:463) ~[server-1.20.1-20230612.114412-srg.jar%23581!/:?]
	at net.minecraft.util.GsonHelper.m_13836_(GsonHelper.java:471) ~[server-1.20.1-20230612.114412-srg.jar%23581!/:?]
	at net.minecraft.world.level.storage.loot.LootPool$Serializer.deserialize(LootPool.java:192) ~[server-1.20.1-20230612.114412-srg.jar%23581!/:?]
	at net.minecraft.world.level.storage.loot.LootPool$Serializer.deserialize(LootPool.java:189) ~[server-1.20.1-20230612.114412-srg.jar%23581!/:?]
	at com.google.gson.internal.bind.TreeTypeAdapter.read(TreeTypeAdapter.java:76) ~[gson-2.10.jar%2372!/:?]
	at com.google.gson.internal.bind.TypeAdapterRuntimeTypeWrapper.read(TypeAdapterRuntimeTypeWrapper.java:40) ~[gson-2.10.jar%2372!/:?]
	at com.google.gson.internal.bind.ArrayTypeAdapter.read(ArrayTypeAdapter.java:72) ~[gson-2.10.jar%2372!/:?]
	at com.google.gson.Gson.fromJson(Gson.java:1214) ~[gson-2.10.jar%2372!/:?]
	at com.google.gson.Gson.fromJson(Gson.java:1319) ~[gson-2.10.jar%2372!/:?]
	at com.google.gson.Gson.fromJson(Gson.java:1290) ~[gson-2.10.jar%2372!/:?]
	at com.google.gson.internal.bind.TreeTypeAdapter$GsonContextImpl.deserialize(TreeTypeAdapter.java:179) ~[gson-2.10.jar%2372!/:?]
	at net.minecraft.util.GsonHelper.m_13808_(GsonHelper.java:463) ~[server-1.20.1-20230612.114412-srg.jar%23581!/:?]
	at net.minecraft.util.GsonHelper.m_13845_(GsonHelper.java:481) ~[server-1.20.1-20230612.114412-srg.jar%23581!/:?]
	at net.minecraft.world.level.storage.loot.LootTable$Serializer.deserialize(LootTable.java:294) ~[server-1.20.1-20230612.114412-srg.jar%23581!/:?]
	at net.minecraft.world.level.storage.loot.LootTable$Serializer.deserialize(LootTable.java:291) ~[server-1.20.1-20230612.114412-srg.jar%23581!/:?]
	at com.google.gson.internal.bind.TreeTypeAdapter.read(TreeTypeAdapter.java:76) ~[gson-2.10.jar%2372!/:?]
	at com.google.gson.Gson.fromJson(Gson.java:1214) ~[gson-2.10.jar%2372!/:?]
	at com.google.gson.Gson.fromJson(Gson.java:1319) ~[gson-2.10.jar%2372!/:?]
	at com.google.gson.Gson.fromJson(Gson.java:1261) ~[gson-2.10.jar%2372!/:?]
	at net.minecraftforge.common.ForgeHooks.loadLootTable(ForgeHooks.java:872) ~[forge-1.20.1-47.4.16-universal.jar%23586!/:?]
	at net.minecraftforge.common.ForgeHooks.lambda$getLootTableDeserializer$3(ForgeHooks.java:849) ~[forge-1.20.1-47.4.16-universal.jar%23586!/:?]
	at net.minecraft.world.level.storage.loot.LootDataType.deserialize(LootDataType.java:45) ~[server-1.20.1-20230612.114412-srg.jar%23581!/:?]
	at net.minecraft.world.level.storage.loot.LootDataManager.lambda$scheduleElementParse$4(LootDataManager.java:56) ~[server-1.20.1-20230612.114412-srg.jar%23581!/:?]
	at java.util.HashMap.forEach(HashMap.java:1430) ~[?:?]
	at net.minecraft.world.level.storage.loot.LootDataManager.m_278660_(LootDataManager.java:55) ~[server-1.20.1-20230612.114412-srg.jar%23581!/:?]
	at java.util.concurrent.CompletableFuture$AsyncRun.run(CompletableFuture.java:1825) ~[?:?]
	at java.util.concurrent.CompletableFuture$AsyncRun.exec(CompletableFuture.java:1817) ~[?:?]
	at java.util.concurrent.ForkJoinTask.doExec(ForkJoinTask.java:511) ~[?:?]
	at java.util.concurrent.ForkJoinPool$WorkQueue.topLevelExec(ForkJoinPool.java:1450) ~[?:?]
	at java.util.concurrent.ForkJoinPool.runWorker(ForkJoinPool.java:2019) ~[?:?]
	at java.util.concurrent.ForkJoinWorkerThread.run(ForkJoinWorkerThread.java:187) ~[?:?]
[04Mar2026 18:32:06.469] [Worker-Main-10/INFO] [K-Turrets/]: Checking railways:entities/conductor loot table
[04Mar2026 18:32:06.473] [Worker-Main-10/INFO] [K-Turrets/]: Checking minecraft:entities/drowned loot table
[04Mar2026 18:32:06.474] [Worker-Main-10/INFO] [K-Turrets/]:    Including copper_ingot with random looting chance 0.11
[04Mar2026 18:32:06.479] [Worker-Main-10/INFO] [K-Turrets/]: Checking mutantmonsters:entities/mutant_skeleton/pelvis loot table
[04Mar2026 18:32:06.482] [Worker-Main-10/INFO] [K-Turrets/]: Checking alexsmobs:entities/rattlesnake loot table
[04Mar2026 18:32:06.489] [Worker-Main-10/INFO] [K-Turrets/]: Checking immersiveengineering:entities/fusilier loot table
[04Mar2026 18:32:06.492] [Worker-Main-10/INFO] [K-Turrets/]: Checking alexsmobs:entities/void_worm loot table
[04Mar2026 18:32:06.492] [Worker-Main-10/INFO] [K-Turrets/]: Checking alexsmobs:entities/tarantula_hawk loot table
[04Mar2026 18:32:06.498] [Worker-Main-10/INFO] [K-Turrets/]: Checking minecraft:entities/squid loot table
[04Mar2026 18:32:06.499] [Worker-Main-10/INFO] [K-Turrets/]: Checking alexsmobs:entities/guster_soul loot table
[04Mar2026 18:32:06.504] [Worker-Main-10/INFO] [K-Turrets/]: Checking minecraft:entities/ghast loot table
[04Mar2026 18:32:06.516] [Worker-Main-10/INFO] [K-Turrets/]: Checking alekiships:entities/rowboat/warped loot table
[04Mar2026 18:32:06.518] [Worker-Main-10/INFO] [K-Turrets/]: Checking minecraft:entities/snow_golem loot table
[04Mar2026 18:32:06.519] [Worker-Main-10/ERROR] [net.minecraftforge.common.ForgeHooks/]: Couldn't parse element loot_tables:dustrial_decor:blocks/sheet_metal_treading_vertical_slab
java.lang.IllegalArgumentException: Can't find block dustrial_decor:sheet_metal_treading_vertical_slab
	at net.minecraft.world.level.storage.loot.predicates.LootItemBlockStatePropertyCondition$Serializer.m_81802_(LootItemBlockStatePropertyCondition.java:79) ~[server-1.20.1-20230612.114412-srg.jar%23581!/:?]
	at java.util.Optional.orElseThrow(Optional.java:403) ~[?:?]
	at net.minecraft.world.level.storage.loot.predicates.LootItemBlockStatePropertyCondition$Serializer.m_7561_(LootItemBlockStatePropertyCondition.java:79) ~[server-1.20.1-20230612.114412-srg.jar%23581!/:?]
	at net.minecraft.world.level.storage.loot.predicates.LootItemBlockStatePropertyCondition$Serializer.m_7561_(LootItemBlockStatePropertyCondition.java:68) ~[server-1.20.1-20230612.114412-srg.jar%23581!/:?]
	at net.minecraft.world.level.storage.loot.GsonAdapterFactory$JsonAdapter.deserialize(GsonAdapterFactory.java:102) ~[server-1.20.1-20230612.114412-srg.jar%23581!/:?]
	at com.google.gson.internal.bind.TreeTypeAdapter.read(TreeTypeAdapter.java:76) ~[gson-2.10.jar%2372!/:?]
	at com.google.gson.internal.bind.TypeAdapterRuntimeTypeWrapper.read(TypeAdapterRuntimeTypeWrapper.java:40) ~[gson-2.10.jar%2372!/:?]
	at com.google.gson.internal.bind.ArrayTypeAdapter.read(ArrayTypeAdapter.java:72) ~[gson-2.10.jar%2372!/:?]
	at com.google.gson.Gson.fromJson(Gson.java:1214) ~[gson-2.10.jar%2372!/:?]
	at com.google.gson.Gson.fromJson(Gson.java:1319) ~[gson-2.10.jar%2372!/:?]
	at com.google.gson.Gson.fromJson(Gson.java:1290) ~[gson-2.10.jar%2372!/:?]
	at com.google.gson.internal.bind.TreeTypeAdapter$GsonContextImpl.deserialize(TreeTypeAdapter.java:179) ~[gson-2.10.jar%2372!/:?]
	at net.minecraft.util.GsonHelper.m_13808_(GsonHelper.java:463) ~[server-1.20.1-20230612.114412-srg.jar%23581!/:?]
	at net.minecraft.util.GsonHelper.m_13845_(GsonHelper.java:481) ~[server-1.20.1-20230612.114412-srg.jar%23581!/:?]
	at net.minecraft.world.level.storage.loot.functions.LootItemConditionalFunction$Serializer.m_7561_(LootItemConditionalFunction.java:98) ~[server-1.20.1-20230612.114412-srg.jar%23581!/:?]
	at net.minecraft.world.level.storage.loot.functions.LootItemConditionalFunction$Serializer.m_7561_(LootItemConditionalFunction.java:88) ~[server-1.20.1-20230612.114412-srg.jar%23581!/:?]
	at net.minecraft.world.level.storage.loot.GsonAdapterFactory$JsonAdapter.deserialize(GsonAdapterFactory.java:102) ~[server-1.20.1-20230612.114412-srg.jar%23581!/:?]
	at com.google.gson.internal.bind.TreeTypeAdapter.read(TreeTypeAdapter.java:76) ~[gson-2.10.jar%2372!/:?]
	at com.google.gson.internal.bind.TypeAdapterRuntimeTypeWrapper.read(TypeAdapterRuntimeTypeWrapper.java:40) ~[gson-2.10.jar%2372!/:?]
	at com.google.gson.internal.bind.ArrayTypeAdapter.read(ArrayTypeAdapter.java:72) ~[gson-2.10.jar%2372!/:?]
	at com.google.gson.Gson.fromJson(Gson.java:1214) ~[gson-2.10.jar%2372!/:?]
	at com.google.gson.Gson.fromJson(Gson.java:1319) ~[gson-2.10.jar%2372!/:?]
	at com.google.gson.Gson.fromJson(Gson.java:1290) ~[gson-2.10.jar%2372!/:?]
	at com.google.gson.internal.bind.TreeTypeAdapter$GsonContextImpl.deserialize(TreeTypeAdapter.java:179) ~[gson-2.10.jar%2372!/:?]
	at net.minecraft.util.GsonHelper.m_13808_(GsonHelper.java:463) ~[server-1.20.1-20230612.114412-srg.jar%23581!/:?]
	at net.minecraft.util.GsonHelper.m_13845_(GsonHelper.java:481) ~[server-1.20.1-20230612.114412-srg.jar%23581!/:?]
	at net.minecraft.world.level.storage.loot.entries.LootPoolSingletonContainer$Serializer.m_5921_(LootPoolSingletonContainer.java:149) ~[server-1.20.1-20230612.114412-srg.jar%23581!/:?]
	at net.minecraft.world.level.storage.loot.entries.LootPoolSingletonContainer$Serializer.m_5921_(LootPoolSingletonContainer.java:129) ~[server-1.20.1-20230612.114412-srg.jar%23581!/:?]
	at net.minecraft.world.level.storage.loot.entries.LootPoolEntryContainer$Serializer.m_7561_(LootPoolEntryContainer.java:86) ~[server-1.20.1-20230612.114412-srg.jar%23581!/:?]
	at net.minecraft.world.level.storage.loot.entries.LootPoolEntryContainer$Serializer.m_7561_(LootPoolEntryContainer.java:74) ~[server-1.20.1-20230612.114412-srg.jar%23581!/:?]
	at net.minecraft.world.level.storage.loot.GsonAdapterFactory$JsonAdapter.deserialize(GsonAdapterFactory.java:102) ~[server-1.20.1-20230612.114412-srg.jar%23581!/:?]
	at com.google.gson.internal.bind.TreeTypeAdapter.read(TreeTypeAdapter.java:76) ~[gson-2.10.jar%2372!/:?]
	at com.google.gson.internal.bind.TypeAdapterRuntimeTypeWrapper.read(TypeAdapterRuntimeTypeWrapper.java:40) ~[gson-2.10.jar%2372!/:?]
	at com.google.gson.internal.bind.ArrayTypeAdapter.read(ArrayTypeAdapter.java:72) ~[gson-2.10.jar%2372!/:?]
	at com.google.gson.Gson.fromJson(Gson.java:1214) ~[gson-2.10.jar%2372!/:?]
	at com.google.gson.Gson.fromJson(Gson.java:1319) ~[gson-2.10.jar%2372!/:?]
	at com.google.gson.Gson.fromJson(Gson.java:1290) ~[gson-2.10.jar%2372!/:?]
	at com.google.gson.internal.bind.TreeTypeAdapter$GsonContextImpl.deserialize(TreeTypeAdapter.java:179) ~[gson-2.10.jar%2372!/:?]
	at net.minecraft.util.GsonHelper.m_13808_(GsonHelper.java:463) ~[server-1.20.1-20230612.114412-srg.jar%23581!/:?]
	at net.minecraft.util.GsonHelper.m_13836_(GsonHelper.java:471) ~[server-1.20.1-20230612.114412-srg.jar%23581!/:?]
	at net.minecraft.world.level.storage.loot.LootPool$Serializer.deserialize(LootPool.java:192) ~[server-1.20.1-20230612.114412-srg.jar%23581!/:?]
	at net.minecraft.world.level.storage.loot.LootPool$Serializer.deserialize(LootPool.java:189) ~[server-1.20.1-20230612.114412-srg.jar%23581!/:?]
	at com.google.gson.internal.bind.TreeTypeAdapter.read(TreeTypeAdapter.java:76) ~[gson-2.10.jar%2372!/:?]
	at com.google.gson.internal.bind.TypeAdapterRuntimeTypeWrapper.read(TypeAdapterRuntimeTypeWrapper.java:40) ~[gson-2.10.jar%2372!/:?]
	at com.google.gson.internal.bind.ArrayTypeAdapter.read(ArrayTypeAdapter.java:72) ~[gson-2.10.jar%2372!/:?]
	at com.google.gson.Gson.fromJson(Gson.java:1214) ~[gson-2.10.jar%2372!/:?]
	at com.google.gson.Gson.fromJson(Gson.java:1319) ~[gson-2.10.jar%2372!/:?]
	at com.google.gson.Gson.fromJson(Gson.java:1290) ~[gson-2.10.jar%2372!/:?]
	at com.google.gson.internal.bind.TreeTypeAdapter$GsonContextImpl.deserialize(TreeTypeAdapter.java:179) ~[gson-2.10.jar%2372!/:?]
	at net.minecraft.util.GsonHelper.m_13808_(GsonHelper.java:463) ~[server-1.20.1-20230612.114412-srg.jar%23581!/:?]
	at net.minecraft.util.GsonHelper.m_13845_(GsonHelper.java:481) ~[server-1.20.1-20230612.114412-srg.jar%23581!/:?]
	at net.minecraft.world.level.storage.loot.LootTable$Serializer.deserialize(LootTable.java:294) ~[server-1.20.1-20230612.114412-srg.jar%23581!/:?]
	at net.minecraft.world.level.storage.loot.LootTable$Serializer.deserialize(LootTable.java:291) ~[server-1.20.1-20230612.114412-srg.jar%23581!/:?]
	at com.google.gson.internal.bind.TreeTypeAdapter.read(TreeTypeAdapter.java:76) ~[gson-2.10.jar%2372!/:?]
	at com.google.gson.Gson.fromJson(Gson.java:1214) ~[gson-2.10.jar%2372!/:?]
	at com.google.gson.Gson.fromJson(Gson.java:1319) ~[gson-2.10.jar%2372!/:?]
	at com.google.gson.Gson.fromJson(Gson.java:1261) ~[gson-2.10.jar%2372!/:?]
	at net.minecraftforge.common.ForgeHooks.loadLootTable(ForgeHooks.java:872) ~[forge-1.20.1-47.4.16-universal.jar%23586!/:?]
	at net.minecraftforge.common.ForgeHooks.lambda$getLootTableDeserializer$3(ForgeHooks.java:849) ~[forge-1.20.1-47.4.16-universal.jar%23586!/:?]
	at net.minecraft.world.level.storage.loot.LootDataType.deserialize(LootDataType.java:45) ~[server-1.20.1-20230612.114412-srg.jar%23581!/:?]
	at net.minecraft.world.level.storage.loot.LootDataManager.lambda$scheduleElementParse$4(LootDataManager.java:56) ~[server-1.20.1-20230612.114412-srg.jar%23581!/:?]
	at java.util.HashMap.forEach(HashMap.java:1430) ~[?:?]
	at net.minecraft.world.level.storage.loot.LootDataManager.m_278660_(LootDataManager.java:55) ~[server-1.20.1-20230612.114412-srg.jar%23581!/:?]
	at java.util.concurrent.CompletableFuture$AsyncRun.run(CompletableFuture.java:1825) ~[?:?]
	at java.util.concurrent.CompletableFuture$AsyncRun.exec(CompletableFuture.java:1817) ~[?:?]
	at java.util.concurrent.ForkJoinTask.doExec(ForkJoinTask.java:511) ~[?:?]
	at java.util.concurrent.ForkJoinPool$WorkQueue.topLevelExec(ForkJoinPool.java:1450) ~[?:?]
	at java.util.concurrent.ForkJoinPool.runWorker(ForkJoinPool.java:2019) ~[?:?]
	at java.util.concurrent.ForkJoinWorkerThread.run(ForkJoinWorkerThread.java:187) ~[?:?]
[04Mar2026 18:32:06.531] [Worker-Main-10/INFO] [K-Turrets/]: Checking minecraft:entities/sheep/yellow loot table
[04Mar2026 18:32:06.553] [Worker-Main-10/INFO] [K-Turrets/]: Checking ecologics:entities/coconut_crab loot table
[04Mar2026 18:32:06.554] [Worker-Main-10/INFO] [K-Turrets/]: Checking alexsmobs:entities/catfish_medium loot table
[04Mar2026 18:32:06.555] [Worker-Main-10/INFO] [K-Turrets/]: Checking alexsmobs:entities/cockroach_maracas loot table
[04Mar2026 18:32:06.561] [Worker-Main-10/ERROR] [net.minecraftforge.common.ForgeHooks/]: Couldn't parse element loot_tables:jeffs_cursed_walking_structures:chests/resource_chest
com.google.gson.JsonSyntaxException: Expected name to be an item, was unknown string 'mcore:titanium_ingot'
	at net.minecraft.util.GsonHelper.m_13866_(GsonHelper.java:145) ~[server-1.20.1-20230612.114412-srg.jar%23581!/:?]
	at java.util.Optional.orElseThrow(Optional.java:403) ~[?:?]
	at net.minecraft.util.GsonHelper.m_13874_(GsonHelper.java:145) ~[server-1.20.1-20230612.114412-srg.jar%23581!/:?]
	at net.minecraft.util.GsonHelper.m_13909_(GsonHelper.java:153) ~[server-1.20.1-20230612.114412-srg.jar%23581!/:?]
	at net.minecraft.world.level.storage.loot.entries.LootItem$Serializer.m_7267_(LootItem.java:55) ~[server-1.20.1-20230612.114412-srg.jar%23581!/:?]
	at net.minecraft.world.level.storage.loot.entries.LootItem$Serializer.m_7267_(LootItem.java:40) ~[server-1.20.1-20230612.114412-srg.jar%23581!/:?]
	at net.minecraft.world.level.storage.loot.entries.LootPoolSingletonContainer$Serializer.m_5921_(LootPoolSingletonContainer.java:151) ~[server-1.20.1-20230612.114412-srg.jar%23581!/:?]
	at net.minecraft.world.level.storage.loot.entries.LootPoolSingletonContainer$Serializer.m_5921_(LootPoolSingletonContainer.java:129) ~[server-1.20.1-20230612.114412-srg.jar%23581!/:?]
	at net.minecraft.world.level.storage.loot.entries.LootPoolEntryContainer$Serializer.m_7561_(LootPoolEntryContainer.java:86) ~[server-1.20.1-20230612.114412-srg.jar%23581!/:?]
	at net.minecraft.world.level.storage.loot.entries.LootPoolEntryContainer$Serializer.m_7561_(LootPoolEntryContainer.java:74) ~[server-1.20.1-20230612.114412-srg.jar%23581!/:?]
	at net.minecraft.world.level.storage.loot.GsonAdapterFactory$JsonAdapter.deserialize(GsonAdapterFactory.java:102) ~[server-1.20.1-20230612.114412-srg.jar%23581!/:?]
	at com.google.gson.internal.bind.TreeTypeAdapter.read(TreeTypeAdapter.java:76) ~[gson-2.10.jar%2372!/:?]
	at com.google.gson.internal.bind.TypeAdapterRuntimeTypeWrapper.read(TypeAdapterRuntimeTypeWrapper.java:40) ~[gson-2.10.jar%2372!/:?]
	at com.google.gson.internal.bind.ArrayTypeAdapter.read(ArrayTypeAdapter.java:72) ~[gson-2.10.jar%2372!/:?]
	at com.google.gson.Gson.fromJson(Gson.java:1214) ~[gson-2.10.jar%2372!/:?]
	at com.google.gson.Gson.fromJson(Gson.java:1319) ~[gson-2.10.jar%2372!/:?]
	at com.google.gson.Gson.fromJson(Gson.java:1290) ~[gson-2.10.jar%2372!/:?]
	at com.google.gson.internal.bind.TreeTypeAdapter$GsonContextImpl.deserialize(TreeTypeAdapter.java:179) ~[gson-2.10.jar%2372!/:?]
	at net.minecraft.util.GsonHelper.m_13808_(GsonHelper.java:463) ~[server-1.20.1-20230612.114412-srg.jar%23581!/:?]
	at net.minecraft.util.GsonHelper.m_13836_(GsonHelper.java:471) ~[server-1.20.1-20230612.114412-srg.jar%23581!/:?]
	at net.minecraft.world.level.storage.loot.LootPool$Serializer.deserialize(LootPool.java:192) ~[server-1.20.1-20230612.114412-srg.jar%23581!/:?]
	at net.minecraft.world.level.storage.loot.LootPool$Serializer.deserialize(LootPool.java:189) ~[server-1.20.1-20230612.114412-srg.jar%23581!/:?]
	at com.google.gson.internal.bind.TreeTypeAdapter.read(TreeTypeAdapter.java:76) ~[gson-2.10.jar%2372!/:?]
	at com.google.gson.internal.bind.TypeAdapterRuntimeTypeWrapper.read(TypeAdapterRuntimeTypeWrapper.java:40) ~[gson-2.10.jar%2372!/:?]
	at com.google.gson.internal.bind.ArrayTypeAdapter.read(ArrayTypeAdapter.java:72) ~[gson-2.10.jar%2372!/:?]
	at com.google.gson.Gson.fromJson(Gson.java:1214) ~[gson-2.10.jar%2372!/:?]
	at com.google.gson.Gson.fromJson(Gson.java:1319) ~[gson-2.10.jar%2372!/:?]
	at com.google.gson.Gson.fromJson(Gson.java:1290) ~[gson-2.10.jar%2372!/:?]
	at com.google.gson.internal.bind.TreeTypeAdapter$GsonContextImpl.deserialize(TreeTypeAdapter.java:179) ~[gson-2.10.jar%2372!/:?]
	at net.minecraft.util.GsonHelper.m_13808_(GsonHelper.java:463) ~[server-1.20.1-20230612.114412-srg.jar%23581!/:?]
	at net.minecraft.util.GsonHelper.m_13845_(GsonHelper.java:481) ~[server-1.20.1-20230612.114412-srg.jar%23581!/:?]
	at net.minecraft.world.level.storage.loot.LootTable$Serializer.deserialize(LootTable.java:294) ~[server-1.20.1-20230612.114412-srg.jar%23581!/:?]
	at net.minecraft.world.level.storage.loot.LootTable$Serializer.deserialize(LootTable.java:291) ~[server-1.20.1-20230612.114412-srg.jar%23581!/:?]
	at com.google.gson.internal.bind.TreeTypeAdapter.read(TreeTypeAdapter.java:76) ~[gson-2.10.jar%2372!/:?]
	at com.google.gson.Gson.fromJson(Gson.java:1214) ~[gson-2.10.jar%2372!/:?]
	at com.google.gson.Gson.fromJson(Gson.java:1319) ~[gson-2.10.jar%2372!/:?]
	at com.google.gson.Gson.fromJson(Gson.java:1261) ~[gson-2.10.jar%2372!/:?]
	at net.minecraftforge.common.ForgeHooks.loadLootTable(ForgeHooks.java:872) ~[forge-1.20.1-47.4.16-universal.jar%23586!/:?]
	at net.minecraftforge.common.ForgeHooks.lambda$getLootTableDeserializer$3(ForgeHooks.java:849) ~[forge-1.20.1-47.4.16-universal.jar%23586!/:?]
	at net.minecraft.world.level.storage.loot.LootDataType.deserialize(LootDataType.java:45) ~[server-1.20.1-20230612.114412-srg.jar%23581!/:?]
	at net.minecraft.world.level.storage.loot.LootDataManager.lambda$scheduleElementParse$4(LootDataManager.java:56) ~[server-1.20.1-20230612.114412-srg.jar%23581!/:?]
	at java.util.HashMap.forEach(HashMap.java:1430) ~[?:?]
	at net.minecraft.world.level.storage.loot.LootDataManager.m_278660_(LootDataManager.java:55) ~[server-1.20.1-20230612.114412-srg.jar%23581!/:?]
	at java.util.concurrent.CompletableFuture$AsyncRun.run(CompletableFuture.java:1825) ~[?:?]
	at java.util.concurrent.CompletableFuture$AsyncRun.exec(CompletableFuture.java:1817) ~[?:?]
	at java.util.concurrent.ForkJoinTask.doExec(ForkJoinTask.java:511) ~[?:?]
	at java.util.concurrent.ForkJoinPool$WorkQueue.topLevelExec(ForkJoinPool.java:1450) ~[?:?]
	at java.util.concurrent.ForkJoinPool.runWorker(ForkJoinPool.java:2019) ~[?:?]
	at java.util.concurrent.ForkJoinWorkerThread.run(ForkJoinWorkerThread.java:187) ~[?:?]
[04Mar2026 18:32:06.566] [Worker-Main-10/INFO] [K-Turrets/]: Checking alexsmobs:entities/rocky_roller loot table
[04Mar2026 18:32:06.567] [Worker-Main-10/INFO] [K-Turrets/]: Checking horror_element_mod:blocks/chained_entity loot table
[04Mar2026 18:32:06.574] [Worker-Main-10/INFO] [K-Turrets/]: Checking alexsmobs:entities/raccoon loot table
[04Mar2026 18:32:06.574] [Worker-Main-10/INFO] [K-Turrets/]: Checking minecraft:entities/trader_llama loot table
[04Mar2026 18:32:06.576] [Worker-Main-10/WARN] [org.berezka.berezka_api.BuiltInResourcePack/]: [Berezka API] called getResource with namespace berezka_api but file (diningroom.json) doesn't exist. (most of the time you can ignore this
[04Mar2026 18:32:06.576] [Worker-Main-10/INFO] [K-Turrets/]: Checking alexsmobs:entities/soul_vulture_heart loot table
[04Mar2026 18:32:06.579] [Worker-Main-10/INFO] [K-Turrets/]: Checking alekiships:entities/sloop/crimson loot table
[04Mar2026 18:32:06.581] [Worker-Main-10/INFO] [K-Turrets/]: Checking alexsmobs:entities/cosmic_cod loot table
[04Mar2026 18:32:06.583] [Worker-Main-10/WARN] [org.berezka.berezka_api.BuiltInResourcePack/]: [Berezka API] called getResource with namespace berezka_api but file (farm.json) doesn't exist. (most of the time you can ignore this
[04Mar2026 18:32:06.585] [Worker-Main-10/ERROR] [net.minecraftforge.common.ForgeHooks/]: Couldn't parse element loot_tables:farmersrespite:blocks/kettle
com.google.gson.JsonSyntaxException: Unknown type 'farmersrespite:copy_meal'
	at net.minecraft.world.level.storage.loot.GsonAdapterFactory$JsonAdapter.deserialize(GsonAdapterFactory.java:99) ~[server-1.20.1-20230612.114412-srg.jar%23581!/:?]
	at com.google.gson.internal.bind.TreeTypeAdapter.read(TreeTypeAdapter.java:76) ~[gson-2.10.jar%2372!/:?]
	at com.google.gson.internal.bind.TypeAdapterRuntimeTypeWrapper.read(TypeAdapterRuntimeTypeWrapper.java:40) ~[gson-2.10.jar%2372!/:?]
	at com.google.gson.internal.bind.ArrayTypeAdapter.read(ArrayTypeAdapter.java:72) ~[gson-2.10.jar%2372!/:?]
	at com.google.gson.Gson.fromJson(Gson.java:1214) ~[gson-2.10.jar%2372!/:?]
	at com.google.gson.Gson.fromJson(Gson.java:1319) ~[gson-2.10.jar%2372!/:?]
	at com.google.gson.Gson.fromJson(Gson.java:1290) ~[gson-2.10.jar%2372!/:?]
	at com.google.gson.internal.bind.TreeTypeAdapter$GsonContextImpl.deserialize(TreeTypeAdapter.java:179) ~[gson-2.10.jar%2372!/:?]
	at net.minecraft.util.GsonHelper.m_13808_(GsonHelper.java:463) ~[server-1.20.1-20230612.114412-srg.jar%23581!/:?]
	at net.minecraft.util.GsonHelper.m_13845_(GsonHelper.java:481) ~[server-1.20.1-20230612.114412-srg.jar%23581!/:?]
	at net.minecraft.world.level.storage.loot.entries.LootPoolSingletonContainer$Serializer.m_5921_(LootPoolSingletonContainer.java:149) ~[server-1.20.1-20230612.114412-srg.jar%23581!/:?]
	at net.minecraft.world.level.storage.loot.entries.LootPoolSingletonContainer$Serializer.m_5921_(LootPoolSingletonContainer.java:129) ~[server-1.20.1-20230612.114412-srg.jar%23581!/:?]
	at net.minecraft.world.level.storage.loot.entries.LootPoolEntryContainer$Serializer.m_7561_(LootPoolEntryContainer.java:86) ~[server-1.20.1-20230612.114412-srg.jar%23581!/:?]
	at net.minecraft.world.level.storage.loot.entries.LootPoolEntryContainer$Serializer.m_7561_(LootPoolEntryContainer.java:74) ~[server-1.20.1-20230612.114412-srg.jar%23581!/:?]
	at net.minecraft.world.level.storage.loot.GsonAdapterFactory$JsonAdapter.deserialize(GsonAdapterFactory.java:102) ~[server-1.20.1-20230612.114412-srg.jar%23581!/:?]
	at com.google.gson.internal.bind.TreeTypeAdapter.read(TreeTypeAdapter.java:76) ~[gson-2.10.jar%2372!/:?]
	at com.google.gson.internal.bind.TypeAdapterRuntimeTypeWrapper.read(TypeAdapterRuntimeTypeWrapper.java:40) ~[gson-2.10.jar%2372!/:?]
	at com.google.gson.internal.bind.ArrayTypeAdapter.read(ArrayTypeAdapter.java:72) ~[gson-2.10.jar%2372!/:?]
	at com.google.gson.Gson.fromJson(Gson.java:1214) ~[gson-2.10.jar%2372!/:?]
	at com.google.gson.Gson.fromJson(Gson.java:1319) ~[gson-2.10.jar%2372!/:?]
	at com.google.gson.Gson.fromJson(Gson.java:1290) ~[gson-2.10.jar%2372!/:?]
	at com.google.gson.internal.bind.TreeTypeAdapter$GsonContextImpl.deserialize(TreeTypeAdapter.java:179) ~[gson-2.10.jar%2372!/:?]
	at net.minecraft.util.GsonHelper.m_13808_(GsonHelper.java:463) ~[server-1.20.1-20230612.114412-srg.jar%23581!/:?]
	at net.minecraft.util.GsonHelper.m_13836_(GsonHelper.java:471) ~[server-1.20.1-20230612.114412-srg.jar%23581!/:?]
	at net.minecraft.world.level.storage.loot.LootPool$Serializer.deserialize(LootPool.java:192) ~[server-1.20.1-20230612.114412-srg.jar%23581!/:?]
	at net.minecraft.world.level.storage.loot.LootPool$Serializer.deserialize(LootPool.java:189) ~[server-1.20.1-20230612.114412-srg.jar%23581!/:?]
	at com.google.gson.internal.bind.TreeTypeAdapter.read(TreeTypeAdapter.java:76) ~[gson-2.10.jar%2372!/:?]
	at com.google.gson.internal.bind.TypeAdapterRuntimeTypeWrapper.read(TypeAdapterRuntimeTypeWrapper.java:40) ~[gson-2.10.jar%2372!/:?]
	at com.google.gson.internal.bind.ArrayTypeAdapter.read(ArrayTypeAdapter.java:72) ~[gson-2.10.jar%2372!/:?]
	at com.google.gson.Gson.fromJson(Gson.java:1214) ~[gson-2.10.jar%2372!/:?]
	at com.google.gson.Gson.fromJson(Gson.java:1319) ~[gson-2.10.jar%2372!/:?]
	at com.google.gson.Gson.fromJson(Gson.java:1290) ~[gson-2.10.jar%2372!/:?]
	at com.google.gson.internal.bind.TreeTypeAdapter$GsonContextImpl.deserialize(TreeTypeAdapter.java:179) ~[gson-2.10.jar%2372!/:?]
	at net.minecraft.util.GsonHelper.m_13808_(GsonHelper.java:463) ~[server-1.20.1-20230612.114412-srg.jar%23581!/:?]
	at net.minecraft.util.GsonHelper.m_13845_(GsonHelper.java:481) ~[server-1.20.1-20230612.114412-srg.jar%23581!/:?]
	at net.minecraft.world.level.storage.loot.LootTable$Serializer.deserialize(LootTable.java:294) ~[server-1.20.1-20230612.114412-srg.jar%23581!/:?]
	at net.minecraft.world.level.storage.loot.LootTable$Serializer.deserialize(LootTable.java:291) ~[server-1.20.1-20230612.114412-srg.jar%23581!/:?]
	at com.google.gson.internal.bind.TreeTypeAdapter.read(TreeTypeAdapter.java:76) ~[gson-2.10.jar%2372!/:?]
	at com.google.gson.Gson.fromJson(Gson.java:1214) ~[gson-2.10.jar%2372!/:?]
	at com.google.gson.Gson.fromJson(Gson.java:1319) ~[gson-2.10.jar%2372!/:?]
	at com.google.gson.Gson.fromJson(Gson.java:1261) ~[gson-2.10.jar%2372!/:?]
	at net.minecraftforge.common.ForgeHooks.loadLootTable(ForgeHooks.java:872) ~[forge-1.20.1-47.4.16-universal.jar%23586!/:?]
	at net.minecraftforge.common.ForgeHooks.lambda$getLootTableDeserializer$3(ForgeHooks.java:849) ~[forge-1.20.1-47.4.16-universal.jar%23586!/:?]
	at net.minecraft.world.level.storage.loot.LootDataType.deserialize(LootDataType.java:45) ~[server-1.20.1-20230612.114412-srg.jar%23581!/:?]
	at net.minecraft.world.level.storage.loot.LootDataManager.lambda$scheduleElementParse$4(LootDataManager.java:56) ~[server-1.20.1-20230612.114412-srg.jar%23581!/:?]
	at java.util.HashMap.forEach(HashMap.java:1430) ~[?:?]
	at net.minecraft.world.level.storage.loot.LootDataManager.m_278660_(LootDataManager.java:55) ~[server-1.20.1-20230612.114412-srg.jar%23581!/:?]
	at java.util.concurrent.CompletableFuture$AsyncRun.run(CompletableFuture.java:1825) ~[?:?]
	at java.util.concurrent.CompletableFuture$AsyncRun.exec(CompletableFuture.java:1817) ~[?:?]
	at java.util.concurrent.ForkJoinTask.doExec(ForkJoinTask.java:511) ~[?:?]
	at java.util.concurrent.ForkJoinPool$WorkQueue.topLevelExec(ForkJoinPool.java:1450) ~[?:?]
	at java.util.concurrent.ForkJoinPool.runWorker(ForkJoinPool.java:2019) ~[?:?]
	at java.util.concurrent.ForkJoinWorkerThread.run(ForkJoinWorkerThread.java:187) ~[?:?]
[04Mar2026 18:32:06.596] [Worker-Main-10/INFO] [K-Turrets/]: Checking minecraft:entities/glow_squid loot table
[04Mar2026 18:32:06.603] [Worker-Main-10/INFO] [K-Turrets/]: Checking minecraft:entities/sheep/pink loot table
[04Mar2026 18:32:06.604] [Worker-Main-10/INFO] [K-Turrets/]: Checking alexsmobs:entities/mudskipper loot table
[04Mar2026 18:32:06.606] [Worker-Main-10/INFO] [K-Turrets/]: Checking alexsmobs:entities/enderiophage loot table
[04Mar2026 18:32:06.609] [Worker-Main-10/INFO] [K-Turrets/]: Checking alekiships:entities/rowboat/dark_oak loot table
[04Mar2026 18:32:06.611] [Worker-Main-10/WARN] [org.berezka.berezka_api.BuiltInResourcePack/]: [Berezka API] called getResource with namespace berezka_api but file (gas_station.json) doesn't exist. (most of the time you can ignore this
[04Mar2026 18:32:06.614] [Worker-Main-10/INFO] [K-Turrets/]: Checking alexsmobs:entities/roadrunner loot table
[04Mar2026 18:32:06.615] [Worker-Main-10/INFO] [K-Turrets/]: Checking minecraft:entities/slime loot table
[04Mar2026 18:32:06.617] [Worker-Main-10/INFO] [K-Turrets/]: Checking alexsmobs:entities/lobster loot table
[04Mar2026 18:32:06.617] [Worker-Main-10/INFO] [K-Turrets/]: Checking dustrial_decor:entities/zombie loot table
[04Mar2026 18:32:06.618] [Worker-Main-10/INFO] [K-Turrets/]: Checking alexsmobs:entities/giant_squid loot table
[04Mar2026 18:32:06.622] [Worker-Main-10/INFO] [K-Turrets/]: Checking alexsmobs:entities/seagull loot table
[04Mar2026 18:32:06.624] [Worker-Main-10/INFO] [K-Turrets/]: Checking minecraft:entities/hoglin loot table
[04Mar2026 18:32:06.629] [Worker-Main-10/INFO] [K-Turrets/]: Checking minecraft:entities/skeleton loot table
[04Mar2026 18:32:06.631] [Worker-Main-10/INFO] [K-Turrets/]: Checking minecraft:entities/enderman loot table
[04Mar2026 18:32:06.632] [Worker-Main-10/INFO] [K-Turrets/]: Checking guardvillagers:entities/guard_armor loot table
[04Mar2026 18:32:06.672] [Worker-Main-10/WARN] [org.berezka.berezka_api.BuiltInResourcePack/]: [Berezka API] called getResource with namespace berezka_api but file (nether_village.json) doesn't exist. (most of the time you can ignore this
[04Mar2026 18:32:06.673] [Worker-Main-10/INFO] [K-Turrets/]: Checking minecraft:entities/llama loot table
[04Mar2026 18:32:06.674] [Worker-Main-10/INFO] [K-Turrets/]: Checking alekiships:entities/rowboat/crimson loot table
[04Mar2026 18:32:06.675] [Worker-Main-10/INFO] [K-Turrets/]: Checking minecraft:entities/horse loot table
[04Mar2026 18:32:06.677] [Worker-Main-10/INFO] [K-Turrets/]: Checking minecraft:entities/mooshroom loot table
[04Mar2026 18:32:06.679] [Worker-Main-10/INFO] [K-Turrets/]: Checking alexsmobs:entities/kangaroo loot table
[04Mar2026 18:32:06.686] [Worker-Main-10/INFO] [K-Turrets/]: Checking minecraft:entities/wither_skeleton loot table
[04Mar2026 18:32:06.686] [Worker-Main-10/INFO] [K-Turrets/]:    Including wither_skeleton_skull with random looting chance 0.025
[04Mar2026 18:32:06.689] [Worker-Main-10/ERROR] [net.minecraftforge.common.ForgeHooks/]: Couldn't parse element loot_tables:minecraft:chests/villagetaigahouse
com.google.gson.JsonSyntaxException: Expected name to be an item, was unknown string 'apocalypsenow:officer_chestplate'
	at net.minecraft.util.GsonHelper.m_13866_(GsonHelper.java:145) ~[server-1.20.1-20230612.114412-srg.jar%23581!/:?]
	at java.util.Optional.orElseThrow(Optional.java:403) ~[?:?]
	at net.minecraft.util.GsonHelper.m_13874_(GsonHelper.java:145) ~[server-1.20.1-20230612.114412-srg.jar%23581!/:?]
	at net.minecraft.util.GsonHelper.m_13909_(GsonHelper.java:153) ~[server-1.20.1-20230612.114412-srg.jar%23581!/:?]
	at net.minecraft.world.level.storage.loot.entries.LootItem$Serializer.m_7267_(LootItem.java:55) ~[server-1.20.1-20230612.114412-srg.jar%23581!/:?]
	at net.minecraft.world.level.storage.loot.entries.LootItem$Serializer.m_7267_(LootItem.java:40) ~[server-1.20.1-20230612.114412-srg.jar%23581!/:?]
	at net.minecraft.world.level.storage.loot.entries.LootPoolSingletonContainer$Serializer.m_5921_(LootPoolSingletonContainer.java:151) ~[server-1.20.1-20230612.114412-srg.jar%23581!/:?]
	at net.minecraft.world.level.storage.loot.entries.LootPoolSingletonContainer$Serializer.m_5921_(LootPoolSingletonContainer.java:129) ~[server-1.20.1-20230612.114412-srg.jar%23581!/:?]
	at net.minecraft.world.level.storage.loot.entries.LootPoolEntryContainer$Serializer.m_7561_(LootPoolEntryContainer.java:86) ~[server-1.20.1-20230612.114412-srg.jar%23581!/:?]
	at net.minecraft.world.level.storage.loot.entries.LootPoolEntryContainer$Serializer.m_7561_(LootPoolEntryContainer.java:74) ~[server-1.20.1-20230612.114412-srg.jar%23581!/:?]
	at net.minecraft.world.level.storage.loot.GsonAdapterFactory$JsonAdapter.deserialize(GsonAdapterFactory.java:102) ~[server-1.20.1-20230612.114412-srg.jar%23581!/:?]
	at com.google.gson.internal.bind.TreeTypeAdapter.read(TreeTypeAdapter.java:76) ~[gson-2.10.jar%2372!/:?]
	at com.google.gson.internal.bind.TypeAdapterRuntimeTypeWrapper.read(TypeAdapterRuntimeTypeWrapper.java:40) ~[gson-2.10.jar%2372!/:?]
	at com.google.gson.internal.bind.ArrayTypeAdapter.read(ArrayTypeAdapter.java:72) ~[gson-2.10.jar%2372!/:?]
	at com.google.gson.Gson.fromJson(Gson.java:1214) ~[gson-2.10.jar%2372!/:?]
	at com.google.gson.Gson.fromJson(Gson.java:1319) ~[gson-2.10.jar%2372!/:?]
	at com.google.gson.Gson.fromJson(Gson.java:1290) ~[gson-2.10.jar%2372!/:?]
	at com.google.gson.internal.bind.TreeTypeAdapter$GsonContextImpl.deserialize(TreeTypeAdapter.java:179) ~[gson-2.10.jar%2372!/:?]
	at net.minecraft.util.GsonHelper.m_13808_(GsonHelper.java:463) ~[server-1.20.1-20230612.114412-srg.jar%23581!/:?]
	at net.minecraft.util.GsonHelper.m_13836_(GsonHelper.java:471) ~[server-1.20.1-20230612.114412-srg.jar%23581!/:?]
	at net.minecraft.world.level.storage.loot.LootPool$Serializer.deserialize(LootPool.java:192) ~[server-1.20.1-20230612.114412-srg.jar%23581!/:?]
	at net.minecraft.world.level.storage.loot.LootPool$Serializer.deserialize(LootPool.java:189) ~[server-1.20.1-20230612.114412-srg.jar%23581!/:?]
	at com.google.gson.internal.bind.TreeTypeAdapter.read(TreeTypeAdapter.java:76) ~[gson-2.10.jar%2372!/:?]
	at com.google.gson.internal.bind.TypeAdapterRuntimeTypeWrapper.read(TypeAdapterRuntimeTypeWrapper.java:40) ~[gson-2.10.jar%2372!/:?]
	at com.google.gson.internal.bind.ArrayTypeAdapter.read(ArrayTypeAdapter.java:72) ~[gson-2.10.jar%2372!/:?]
	at com.google.gson.Gson.fromJson(Gson.java:1214) ~[gson-2.10.jar%2372!/:?]
	at com.google.gson.Gson.fromJson(Gson.java:1319) ~[gson-2.10.jar%2372!/:?]
	at com.google.gson.Gson.fromJson(Gson.java:1290) ~[gson-2.10.jar%2372!/:?]
	at com.google.gson.internal.bind.TreeTypeAdapter$GsonContextImpl.deserialize(TreeTypeAdapter.java:179) ~[gson-2.10.jar%2372!/:?]
	at net.minecraft.util.GsonHelper.m_13808_(GsonHelper.java:463) ~[server-1.20.1-20230612.114412-srg.jar%23581!/:?]
	at net.minecraft.util.GsonHelper.m_13845_(GsonHelper.java:481) ~[server-1.20.1-20230612.114412-srg.jar%23581!/:?]
	at net.minecraft.world.level.storage.loot.LootTable$Serializer.deserialize(LootTable.java:294) ~[server-1.20.1-20230612.114412-srg.jar%23581!/:?]
	at net.minecraft.world.level.storage.loot.LootTable$Serializer.deserialize(LootTable.java:291) ~[server-1.20.1-20230612.114412-srg.jar%23581!/:?]
	at com.google.gson.internal.bind.TreeTypeAdapter.read(TreeTypeAdapter.java:76) ~[gson-2.10.jar%2372!/:?]
	at com.google.gson.Gson.fromJson(Gson.java:1214) ~[gson-2.10.jar%2372!/:?]
	at com.google.gson.Gson.fromJson(Gson.java:1319) ~[gson-2.10.jar%2372!/:?]
	at com.google.gson.Gson.fromJson(Gson.java:1261) ~[gson-2.10.jar%2372!/:?]
	at net.minecraftforge.common.ForgeHooks.loadLootTable(ForgeHooks.java:872) ~[forge-1.20.1-47.4.16-universal.jar%23586!/:?]
	at net.minecraftforge.common.ForgeHooks.lambda$getLootTableDeserializer$3(ForgeHooks.java:849) ~[forge-1.20.1-47.4.16-universal.jar%23586!/:?]
	at net.minecraft.world.level.storage.loot.LootDataType.deserialize(LootDataType.java:45) ~[server-1.20.1-20230612.114412-srg.jar%23581!/:?]
	at net.minecraft.world.level.storage.loot.LootDataManager.lambda$scheduleElementParse$4(LootDataManager.java:56) ~[server-1.20.1-20230612.114412-srg.jar%23581!/:?]
	at java.util.HashMap.forEach(HashMap.java:1430) ~[?:?]
	at net.minecraft.world.level.storage.loot.LootDataManager.m_278660_(LootDataManager.java:55) ~[server-1.20.1-20230612.114412-srg.jar%23581!/:?]
	at java.util.concurrent.CompletableFuture$AsyncRun.run(CompletableFuture.java:1825) ~[?:?]
	at java.util.concurrent.CompletableFuture$AsyncRun.exec(CompletableFuture.java:1817) ~[?:?]
	at java.util.concurrent.ForkJoinTask.doExec(ForkJoinTask.java:511) ~[?:?]
	at java.util.concurrent.ForkJoinPool$WorkQueue.topLevelExec(ForkJoinPool.java:1450) ~[?:?]
	at java.util.concurrent.ForkJoinPool.runWorker(ForkJoinPool.java:2019) ~[?:?]
	at java.util.concurrent.ForkJoinWorkerThread.run(ForkJoinWorkerThread.java:187) ~[?:?]
[04Mar2026 18:32:06.691] [Worker-Main-10/INFO] [K-Turrets/]: Checking alexsmobs:entities/fly loot table
[04Mar2026 18:32:06.692] [Worker-Main-10/INFO] [K-Turrets/]: Checking legendarysurvivaloverhaul:inject/entities/drowned loot table
[04Mar2026 18:32:06.696] [Worker-Main-10/INFO] [K-Turrets/]: Checking minecraft:entities/stray loot table
[04Mar2026 18:32:06.696] [Worker-Main-10/INFO] [K-Turrets/]:    Including tipped_arrow with uniform set item function 0.0 - 1.0
[04Mar2026 18:32:06.698] [Worker-Main-10/INFO] [K-Turrets/]: Checking minecraft:entities/spider loot table
[04Mar2026 18:32:06.698] [Worker-Main-10/INFO] [K-Turrets/]:    Including spider_eye with uniform set item function -1.0 - 1.0
[04Mar2026 18:32:06.699] [Worker-Main-10/INFO] [K-Turrets/]: Checking alexsmobs:entities/blue_jay loot table
[04Mar2026 18:32:06.699] [Worker-Main-10/INFO] [K-Turrets/]: Checking alekiships:entities/rowboat/acacia loot table
[04Mar2026 18:32:06.703] [Worker-Main-10/INFO] [K-Turrets/]: Checking alekiships:entities/sloop/cherry loot table
[04Mar2026 18:32:06.704] [Worker-Main-10/INFO] [K-Turrets/]: Checking minecraft:entities/sheep/light_blue loot table
[04Mar2026 18:32:06.708] [Worker-Main-10/ERROR] [net.minecraftforge.common.ForgeHooks/]: Couldn't parse element loot_tables:dustrial_decor:blocks/sheet_metal_paneling_vertical_slab
java.lang.IllegalArgumentException: Can't find block dustrial_decor:sheet_metal_paneling_vertical_slab
	at net.minecraft.world.level.storage.loot.predicates.LootItemBlockStatePropertyCondition$Serializer.m_81802_(LootItemBlockStatePropertyCondition.java:79) ~[server-1.20.1-20230612.114412-srg.jar%23581!/:?]
	at java.util.Optional.orElseThrow(Optional.java:403) ~[?:?]
	at net.minecraft.world.level.storage.loot.predicates.LootItemBlockStatePropertyCondition$Serializer.m_7561_(LootItemBlockStatePropertyCondition.java:79) ~[server-1.20.1-20230612.114412-srg.jar%23581!/:?]
	at net.minecraft.world.level.storage.loot.predicates.LootItemBlockStatePropertyCondition$Serializer.m_7561_(LootItemBlockStatePropertyCondition.java:68) ~[server-1.20.1-20230612.114412-srg.jar%23581!/:?]
	at net.minecraft.world.level.storage.loot.GsonAdapterFactory$JsonAdapter.deserialize(GsonAdapterFactory.java:102) ~[server-1.20.1-20230612.114412-srg.jar%23581!/:?]
	at com.google.gson.internal.bind.TreeTypeAdapter.read(TreeTypeAdapter.java:76) ~[gson-2.10.jar%2372!/:?]
	at com.google.gson.internal.bind.TypeAdapterRuntimeTypeWrapper.read(TypeAdapterRuntimeTypeWrapper.java:40) ~[gson-2.10.jar%2372!/:?]
	at com.google.gson.internal.bind.ArrayTypeAdapter.read(ArrayTypeAdapter.java:72) ~[gson-2.10.jar%2372!/:?]
	at com.google.gson.Gson.fromJson(Gson.java:1214) ~[gson-2.10.jar%2372!/:?]
	at com.google.gson.Gson.fromJson(Gson.java:1319) ~[gson-2.10.jar%2372!/:?]
	at com.google.gson.Gson.fromJson(Gson.java:1290) ~[gson-2.10.jar%2372!/:?]
	at com.google.gson.internal.bind.TreeTypeAdapter$GsonContextImpl.deserialize(TreeTypeAdapter.java:179) ~[gson-2.10.jar%2372!/:?]
	at net.minecraft.util.GsonHelper.m_13808_(GsonHelper.java:463) ~[server-1.20.1-20230612.114412-srg.jar%23581!/:?]
	at net.minecraft.util.GsonHelper.m_13845_(GsonHelper.java:481) ~[server-1.20.1-20230612.114412-srg.jar%23581!/:?]
	at net.minecraft.world.level.storage.loot.functions.LootItemConditionalFunction$Serializer.m_7561_(LootItemConditionalFunction.java:98) ~[server-1.20.1-20230612.114412-srg.jar%23581!/:?]
	at net.minecraft.world.level.storage.loot.functions.LootItemConditionalFunction$Serializer.m_7561_(LootItemConditionalFunction.java:88) ~[server-1.20.1-20230612.114412-srg.jar%23581!/:?]
	at net.minecraft.world.level.storage.loot.GsonAdapterFactory$JsonAdapter.deserialize(GsonAdapterFactory.java:102) ~[server-1.20.1-20230612.114412-srg.jar%23581!/:?]
	at com.google.gson.internal.bind.TreeTypeAdapter.read(TreeTypeAdapter.java:76) ~[gson-2.10.jar%2372!/:?]
	at com.google.gson.internal.bind.TypeAdapterRuntimeTypeWrapper.read(TypeAdapterRuntimeTypeWrapper.java:40) ~[gson-2.10.jar%2372!/:?]
	at com.google.gson.internal.bind.ArrayTypeAdapter.read(ArrayTypeAdapter.java:72) ~[gson-2.10.jar%2372!/:?]
	at com.google.gson.Gson.fromJson(Gson.java:1214) ~[gson-2.10.jar%2372!/:?]
	at com.google.gson.Gson.fromJson(Gson.java:1319) ~[gson-2.10.jar%2372!/:?]
	at com.google.gson.Gson.fromJson(Gson.java:1290) ~[gson-2.10.jar%2372!/:?]
	at com.google.gson.internal.bind.TreeTypeAdapter$GsonContextImpl.deserialize(TreeTypeAdapter.java:179) ~[gson-2.10.jar%2372!/:?]
	at net.minecraft.util.GsonHelper.m_13808_(GsonHelper.java:463) ~[server-1.20.1-20230612.114412-srg.jar%23581!/:?]
	at net.minecraft.util.GsonHelper.m_13845_(GsonHelper.java:481) ~[server-1.20.1-20230612.114412-srg.jar%23581!/:?]
	at net.minecraft.world.level.storage.loot.entries.LootPoolSingletonContainer$Serializer.m_5921_(LootPoolSingletonContainer.java:149) ~[server-1.20.1-20230612.114412-srg.jar%23581!/:?]
	at net.minecraft.world.level.storage.loot.entries.LootPoolSingletonContainer$Serializer.m_5921_(LootPoolSingletonContainer.java:129) ~[server-1.20.1-20230612.114412-srg.jar%23581!/:?]
	at net.minecraft.world.level.storage.loot.entries.LootPoolEntryContainer$Serializer.m_7561_(LootPoolEntryContainer.java:86) ~[server-1.20.1-20230612.114412-srg.jar%23581!/:?]
	at net.minecraft.world.level.storage.loot.entries.LootPoolEntryContainer$Serializer.m_7561_(LootPoolEntryContainer.java:74) ~[server-1.20.1-20230612.114412-srg.jar%23581!/:?]
	at net.minecraft.world.level.storage.loot.GsonAdapterFactory$JsonAdapter.deserialize(GsonAdapterFactory.java:102) ~[server-1.20.1-20230612.114412-srg.jar%23581!/:?]
	at com.google.gson.internal.bind.TreeTypeAdapter.read(TreeTypeAdapter.java:76) ~[gson-2.10.jar%2372!/:?]
	at com.google.gson.internal.bind.TypeAdapterRuntimeTypeWrapper.read(TypeAdapterRuntimeTypeWrapper.java:40) ~[gson-2.10.jar%2372!/:?]
	at com.google.gson.internal.bind.ArrayTypeAdapter.read(ArrayTypeAdapter.java:72) ~[gson-2.10.jar%2372!/:?]
	at com.google.gson.Gson.fromJson(Gson.java:1214) ~[gson-2.10.jar%2372!/:?]
	at com.google.gson.Gson.fromJson(Gson.java:1319) ~[gson-2.10.jar%2372!/:?]
	at com.google.gson.Gson.fromJson(Gson.java:1290) ~[gson-2.10.jar%2372!/:?]
	at com.google.gson.internal.bind.TreeTypeAdapter$GsonContextImpl.deserialize(TreeTypeAdapter.java:179) ~[gson-2.10.jar%2372!/:?]
	at net.minecraft.util.GsonHelper.m_13808_(GsonHelper.java:463) ~[server-1.20.1-20230612.114412-srg.jar%23581!/:?]
	at net.minecraft.util.GsonHelper.m_13836_(GsonHelper.java:471) ~[server-1.20.1-20230612.114412-srg.jar%23581!/:?]
	at net.minecraft.world.level.storage.loot.LootPool$Serializer.deserialize(LootPool.java:192) ~[server-1.20.1-20230612.114412-srg.jar%23581!/:?]
	at net.minecraft.world.level.storage.loot.LootPool$Serializer.deserialize(LootPool.java:189) ~[server-1.20.1-20230612.114412-srg.jar%23581!/:?]
	at com.google.gson.internal.bind.TreeTypeAdapter.read(TreeTypeAdapter.java:76) ~[gson-2.10.jar%2372!/:?]
	at com.google.gson.internal.bind.TypeAdapterRuntimeTypeWrapper.read(TypeAdapterRuntimeTypeWrapper.java:40) ~[gson-2.10.jar%2372!/:?]
	at com.google.gson.internal.bind.ArrayTypeAdapter.read(ArrayTypeAdapter.java:72) ~[gson-2.10.jar%2372!/:?]
	at com.google.gson.Gson.fromJson(Gson.java:1214) ~[gson-2.10.jar%2372!/:?]
	at com.google.gson.Gson.fromJson(Gson.java:1319) ~[gson-2.10.jar%2372!/:?]
	at com.google.gson.Gson.fromJson(Gson.java:1290) ~[gson-2.10.jar%2372!/:?]
	at com.google.gson.internal.bind.TreeTypeAdapter$GsonContextImpl.deserialize(TreeTypeAdapter.java:179) ~[gson-2.10.jar%2372!/:?]
	at net.minecraft.util.GsonHelper.m_13808_(GsonHelper.java:463) ~[server-1.20.1-20230612.114412-srg.jar%23581!/:?]
	at net.minecraft.util.GsonHelper.m_13845_(GsonHelper.java:481) ~[server-1.20.1-20230612.114412-srg.jar%23581!/:?]
	at net.minecraft.world.level.storage.loot.LootTable$Serializer.deserialize(LootTable.java:294) ~[server-1.20.1-20230612.114412-srg.jar%23581!/:?]
	at net.minecraft.world.level.storage.loot.LootTable$Serializer.deserialize(LootTable.java:291) ~[server-1.20.1-20230612.114412-srg.jar%23581!/:?]
	at com.google.gson.internal.bind.TreeTypeAdapter.read(TreeTypeAdapter.java:76) ~[gson-2.10.jar%2372!/:?]
	at com.google.gson.Gson.fromJson(Gson.java:1214) ~[gson-2.10.jar%2372!/:?]
	at com.google.gson.Gson.fromJson(Gson.java:1319) ~[gson-2.10.jar%2372!/:?]
	at com.google.gson.Gson.fromJson(Gson.java:1261) ~[gson-2.10.jar%2372!/:?]
	at net.minecraftforge.common.ForgeHooks.loadLootTable(ForgeHooks.java:872) ~[forge-1.20.1-47.4.16-universal.jar%23586!/:?]
	at net.minecraftforge.common.ForgeHooks.lambda$getLootTableDeserializer$3(ForgeHooks.java:849) ~[forge-1.20.1-47.4.16-universal.jar%23586!/:?]
	at net.minecraft.world.level.storage.loot.LootDataType.deserialize(LootDataType.java:45) ~[server-1.20.1-20230612.114412-srg.jar%23581!/:?]
	at net.minecraft.world.level.storage.loot.LootDataManager.lambda$scheduleElementParse$4(LootDataManager.java:56) ~[server-1.20.1-20230612.114412-srg.jar%23581!/:?]
	at java.util.HashMap.forEach(HashMap.java:1430) ~[?:?]
	at net.minecraft.world.level.storage.loot.LootDataManager.m_278660_(LootDataManager.java:55) ~[server-1.20.1-20230612.114412-srg.jar%23581!/:?]
	at java.util.concurrent.CompletableFuture$AsyncRun.run(CompletableFuture.java:1825) ~[?:?]
	at java.util.concurrent.CompletableFuture$AsyncRun.exec(CompletableFuture.java:1817) ~[?:?]
	at java.util.concurrent.ForkJoinTask.doExec(ForkJoinTask.java:511) ~[?:?]
	at java.util.concurrent.ForkJoinPool$WorkQueue.topLevelExec(ForkJoinPool.java:1450) ~[?:?]
	at java.util.concurrent.ForkJoinPool.runWorker(ForkJoinPool.java:2019) ~[?:?]
	at java.util.concurrent.ForkJoinWorkerThread.run(ForkJoinWorkerThread.java:187) ~[?:?]
[04Mar2026 18:32:06.716] [Worker-Main-10/INFO] [K-Turrets/]: Checking minecraft:entities/sheep/gray loot table
[04Mar2026 18:32:06.725] [Worker-Main-10/INFO] [K-Turrets/]: Checking minecraft:entities/magma_cube loot table
[04Mar2026 18:32:06.726] [Worker-Main-10/INFO] [K-Turrets/]: Checking immersiveengineering:entities/commando loot table
[04Mar2026 18:32:06.727] [Worker-Main-10/INFO] [K-Turrets/]: Checking alexsmobs:entities/crimson_mosquito_full loot table
[04Mar2026 18:32:06.733] [Worker-Main-10/INFO] [K-Turrets/]: Checking ecologics:entities/camel loot table
[04Mar2026 18:32:06.734] [Worker-Main-10/INFO] [K-Turrets/]: Checking minecraft:entities/sheep/brown loot table
[04Mar2026 18:32:06.736] [Worker-Main-10/INFO] [K-Turrets/]: Checking alexsmobs:entities/froststalker_spikes loot table
[04Mar2026 18:32:06.736] [Worker-Main-10/WARN] [org.berezka.berezka_api.BuiltInResourcePack/]: [Berezka API] called getResource with namespace berezka_api but file (simple_chest.json) doesn't exist. (most of the time you can ignore this
[04Mar2026 18:32:06.737] [Worker-Main-10/WARN] [org.berezka.berezka_api.BuiltInResourcePack/]: [Berezka API] called getResource with namespace berezka_api but file (car.json) doesn't exist. (most of the time you can ignore this
[04Mar2026 18:32:06.738] [Worker-Main-10/WARN] [org.berezka.berezka_api.BuiltInResourcePack/]: [Berezka API] called getResource with namespace berezka_api but file (treasure.json) doesn't exist. (most of the time you can ignore this
[04Mar2026 18:32:06.738] [Worker-Main-10/INFO] [K-Turrets/]: Checking alexsmobs:entities/bald_eagle loot table
[04Mar2026 18:32:06.738] [Worker-Main-10/INFO] [K-Turrets/]: Checking alexsmobs:entities/dropbear loot table
[04Mar2026 18:32:06.745] [Worker-Main-10/INFO] [K-Turrets/]: Checking minecraft:entities/cave_spider loot table
[04Mar2026 18:32:06.745] [Worker-Main-10/INFO] [K-Turrets/]:    Including spider_eye with uniform set item function -1.0 - 1.0
[04Mar2026 18:32:06.746] [Worker-Main-10/ERROR] [net.minecraftforge.common.ForgeHooks/]: Couldn't parse element loot_tables:dustrial_decor:blocks/large_glow_lantern
com.google.gson.JsonSyntaxException: Expected name to be an item, was unknown string 'dustrial_decor:large_glow_lantern'
	at net.minecraft.util.GsonHelper.m_13866_(GsonHelper.java:145) ~[server-1.20.1-20230612.114412-srg.jar%23581!/:?]
	at java.util.Optional.orElseThrow(Optional.java:403) ~[?:?]
	at net.minecraft.util.GsonHelper.m_13874_(GsonHelper.java:145) ~[server-1.20.1-20230612.114412-srg.jar%23581!/:?]
	at net.minecraft.util.GsonHelper.m_13909_(GsonHelper.java:153) ~[server-1.20.1-20230612.114412-srg.jar%23581!/:?]
	at net.minecraft.world.level.storage.loot.entries.LootItem$Serializer.m_7267_(LootItem.java:55) ~[server-1.20.1-20230612.114412-srg.jar%23581!/:?]
	at net.minecraft.world.level.storage.loot.entries.LootItem$Serializer.m_7267_(LootItem.java:40) ~[server-1.20.1-20230612.114412-srg.jar%23581!/:?]
	at net.minecraft.world.level.storage.loot.entries.LootPoolSingletonContainer$Serializer.m_5921_(LootPoolSingletonContainer.java:151) ~[server-1.20.1-20230612.114412-srg.jar%23581!/:?]
	at net.minecraft.world.level.storage.loot.entries.LootPoolSingletonContainer$Serializer.m_5921_(LootPoolSingletonContainer.java:129) ~[server-1.20.1-20230612.114412-srg.jar%23581!/:?]
	at net.minecraft.world.level.storage.loot.entries.LootPoolEntryContainer$Serializer.m_7561_(LootPoolEntryContainer.java:86) ~[server-1.20.1-20230612.114412-srg.jar%23581!/:?]
	at net.minecraft.world.level.storage.loot.entries.LootPoolEntryContainer$Serializer.m_7561_(LootPoolEntryContainer.java:74) ~[server-1.20.1-20230612.114412-srg.jar%23581!/:?]
	at net.minecraft.world.level.storage.loot.GsonAdapterFactory$JsonAdapter.deserialize(GsonAdapterFactory.java:102) ~[server-1.20.1-20230612.114412-srg.jar%23581!/:?]
	at com.google.gson.internal.bind.TreeTypeAdapter.read(TreeTypeAdapter.java:76) ~[gson-2.10.jar%2372!/:?]
	at com.google.gson.internal.bind.TypeAdapterRuntimeTypeWrapper.read(TypeAdapterRuntimeTypeWrapper.java:40) ~[gson-2.10.jar%2372!/:?]
	at com.google.gson.internal.bind.ArrayTypeAdapter.read(ArrayTypeAdapter.java:72) ~[gson-2.10.jar%2372!/:?]
	at com.google.gson.Gson.fromJson(Gson.java:1214) ~[gson-2.10.jar%2372!/:?]
	at com.google.gson.Gson.fromJson(Gson.java:1319) ~[gson-2.10.jar%2372!/:?]
	at com.google.gson.Gson.fromJson(Gson.java:1290) ~[gson-2.10.jar%2372!/:?]
	at com.google.gson.internal.bind.TreeTypeAdapter$GsonContextImpl.deserialize(TreeTypeAdapter.java:179) ~[gson-2.10.jar%2372!/:?]
	at net.minecraft.util.GsonHelper.m_13808_(GsonHelper.java:463) ~[server-1.20.1-20230612.114412-srg.jar%23581!/:?]
	at net.minecraft.util.GsonHelper.m_13836_(GsonHelper.java:471) ~[server-1.20.1-20230612.114412-srg.jar%23581!/:?]
	at net.minecraft.world.level.storage.loot.LootPool$Serializer.deserialize(LootPool.java:192) ~[server-1.20.1-20230612.114412-srg.jar%23581!/:?]
	at net.minecraft.world.level.storage.loot.LootPool$Serializer.deserialize(LootPool.java:189) ~[server-1.20.1-20230612.114412-srg.jar%23581!/:?]
	at com.google.gson.internal.bind.TreeTypeAdapter.read(TreeTypeAdapter.java:76) ~[gson-2.10.jar%2372!/:?]
	at com.google.gson.internal.bind.TypeAdapterRuntimeTypeWrapper.read(TypeAdapterRuntimeTypeWrapper.java:40) ~[gson-2.10.jar%2372!/:?]
	at com.google.gson.internal.bind.ArrayTypeAdapter.read(ArrayTypeAdapter.java:72) ~[gson-2.10.jar%2372!/:?]
	at com.google.gson.Gson.fromJson(Gson.java:1214) ~[gson-2.10.jar%2372!/:?]
	at com.google.gson.Gson.fromJson(Gson.java:1319) ~[gson-2.10.jar%2372!/:?]
	at com.google.gson.Gson.fromJson(Gson.java:1290) ~[gson-2.10.jar%2372!/:?]
	at com.google.gson.internal.bind.TreeTypeAdapter$GsonContextImpl.deserialize(TreeTypeAdapter.java:179) ~[gson-2.10.jar%2372!/:?]
	at net.minecraft.util.GsonHelper.m_13808_(GsonHelper.java:463) ~[server-1.20.1-20230612.114412-srg.jar%23581!/:?]
	at net.minecraft.util.GsonHelper.m_13845_(GsonHelper.java:481) ~[server-1.20.1-20230612.114412-srg.jar%23581!/:?]
	at net.minecraft.world.level.storage.loot.LootTable$Serializer.deserialize(LootTable.java:294) ~[server-1.20.1-20230612.114412-srg.jar%23581!/:?]
	at net.minecraft.world.level.storage.loot.LootTable$Serializer.deserialize(LootTable.java:291) ~[server-1.20.1-20230612.114412-srg.jar%23581!/:?]
	at com.google.gson.internal.bind.TreeTypeAdapter.read(TreeTypeAdapter.java:76) ~[gson-2.10.jar%2372!/:?]
	at com.google.gson.Gson.fromJson(Gson.java:1214) ~[gson-2.10.jar%2372!/:?]
	at com.google.gson.Gson.fromJson(Gson.java:1319) ~[gson-2.10.jar%2372!/:?]
	at com.google.gson.Gson.fromJson(Gson.java:1261) ~[gson-2.10.jar%2372!/:?]
	at net.minecraftforge.common.ForgeHooks.loadLootTable(ForgeHooks.java:872) ~[forge-1.20.1-47.4.16-universal.jar%23586!/:?]
	at net.minecraftforge.common.ForgeHooks.lambda$getLootTableDeserializer$3(ForgeHooks.java:849) ~[forge-1.20.1-47.4.16-universal.jar%23586!/:?]
	at net.minecraft.world.level.storage.loot.LootDataType.deserialize(LootDataType.java:45) ~[server-1.20.1-20230612.114412-srg.jar%23581!/:?]
	at net.minecraft.world.level.storage.loot.LootDataManager.lambda$scheduleElementParse$4(LootDataManager.java:56) ~[server-1.20.1-20230612.114412-srg.jar%23581!/:?]
	at java.util.HashMap.forEach(HashMap.java:1430) ~[?:?]
	at net.minecraft.world.level.storage.loot.LootDataManager.m_278660_(LootDataManager.java:55) ~[server-1.20.1-20230612.114412-srg.jar%23581!/:?]
	at java.util.concurrent.CompletableFuture$AsyncRun.run(CompletableFuture.java:1825) ~[?:?]
	at java.util.concurrent.CompletableFuture$AsyncRun.exec(CompletableFuture.java:1817) ~[?:?]
	at java.util.concurrent.ForkJoinTask.doExec(ForkJoinTask.java:511) ~[?:?]
	at java.util.concurrent.ForkJoinPool$WorkQueue.topLevelExec(ForkJoinPool.java:1450) ~[?:?]
	at java.util.concurrent.ForkJoinPool.runWorker(ForkJoinPool.java:2019) ~[?:?]
	at java.util.concurrent.ForkJoinWorkerThread.run(ForkJoinWorkerThread.java:187) ~[?:?]
[04Mar2026 18:32:06.749] [Worker-Main-10/INFO] [K-Turrets/]: Checking minecraft:entities/sheep/cyan loot table
[04Mar2026 18:32:06.749] [Worker-Main-10/INFO] [K-Turrets/]: Checking mutantmonsters:entities/spider_pig loot table
[04Mar2026 18:32:06.749] [Worker-Main-10/INFO] [K-Turrets/]: Checking alexsmobs:entities/warped_toad loot table
[04Mar2026 18:32:06.753] [Worker-Main-10/INFO] [K-Turrets/]: Checking minecraft:entities/dolphin loot table
[04Mar2026 18:32:06.759] [Worker-Main-10/INFO] [K-Turrets/]: Checking alexsmobs:entities/crimson_mosquito loot table
[04Mar2026 18:32:06.762] [Worker-Main-10/INFO] [K-Turrets/]: Checking minecraft:entities/sheep/purple loot table
[04Mar2026 18:32:06.763] [Worker-Main-10/INFO] [K-Turrets/]: Checking alexsmobs:entities/catfish_large loot table
[04Mar2026 18:32:06.764] [Worker-Main-10/INFO] [K-Turrets/]: Checking alexsmobs:entities/banana_slug loot table
[04Mar2026 18:32:06.766] [Worker-Main-10/INFO] [K-Turrets/]: Checking alekiships:entities/rowboat/spruce loot table
[04Mar2026 18:32:06.769] [Worker-Main-10/INFO] [K-Turrets/]: Checking alexsmobs:entities/flutter loot table
[04Mar2026 18:32:06.772] [Worker-Main-10/INFO] [K-Turrets/]: Checking minecraft:entities/panda loot table
[04Mar2026 18:32:06.774] [Worker-Main-10/INFO] [K-Turrets/]: Checking alexsmobs:entities/emu loot table
[04Mar2026 18:32:06.774] [Worker-Main-10/INFO] [K-Turrets/]: Checking alexsmobs:entities/skreecher loot table
[04Mar2026 18:32:06.821] [main/WARN] [net.minecraft.world.level.storage.loot.LootDataManager/]: Datapack tried to redefine minecraft:empty loot table, ignoring
[04Mar2026 18:32:06.933] [main/INFO] [net.minecraft.world.item.crafting.RecipeManager/]: Skipping loading recipe farmerscroptopia:crabbersdelight/stuffed_nautilus_shell as it's serializer returned null
[04Mar2026 18:32:06.995] [main/INFO] [net.minecraft.world.item.crafting.RecipeManager/]: Skipping loading recipe farmerscroptopia:culturaldelights/empanada as it's serializer returned null
[04Mar2026 18:32:06.996] [main/INFO] [net.minecraft.world.item.crafting.RecipeManager/]: Skipping loading recipe farmerscroptopia:moredelight/diced_potatoes_with_egg_and_tomato as it's serializer returned null
[04Mar2026 18:32:06.999] [main/INFO] [net.minecraft.world.item.crafting.RecipeManager/]: Skipping loading recipe culturaldelights:cutting/cut_avocado as it's serializer returned null
[04Mar2026 18:32:07.007] [main/INFO] [net.minecraft.world.item.crafting.RecipeManager/]: Skipping loading recipe dustrial_decor:sheet_metal_treading_vertical_slab as it's serializer returned null
[04Mar2026 18:32:07.011] [main/INFO] [net.minecraft.world.item.crafting.RecipeManager/]: Skipping loading recipe farmerscroptopia:endersdelight/ender_paella as it's serializer returned null
[04Mar2026 18:32:07.021] [main/INFO] [net.minecraft.world.item.crafting.RecipeManager/]: Skipping loading recipe farmerscroptopia:mynethersdelight/strider_and_grilled_fungus as it's serializer returned null
[04Mar2026 18:32:07.046] [main/INFO] [net.minecraft.world.item.crafting.RecipeManager/]: Skipping loading recipe oceanic_delight:takoyaki as it's serializer returned null
[04Mar2026 18:32:07.046] [main/INFO] [net.minecraft.world.item.crafting.RecipeManager/]: Skipping loading recipe farmerscroptopia:crabbersdelight/jar_of_pickles as it's serializer returned null
[04Mar2026 18:32:07.062] [main/INFO] [net.minecraft.world.item.crafting.RecipeManager/]: Skipping loading recipe farmerscroptopia:moredelight/creamy_pasta_with_chicken_cuts as it's serializer returned null
[04Mar2026 18:32:07.064] [main/INFO] [net.minecraft.world.item.crafting.RecipeManager/]: Skipping loading recipe dustrial_decor:cast_iron_brick_vertical_slab as it's serializer returned null
[04Mar2026 18:32:07.066] [main/INFO] [net.minecraft.world.item.crafting.RecipeManager/]: Skipping loading recipe farmerscroptopia:crabbersdelight/cooked_shrimp as it's serializer returned null
[04Mar2026 18:32:07.069] [main/INFO] [net.minecraft.world.item.crafting.RecipeManager/]: Skipping loading recipe farmerscroptopia:rusticdelight/bell_pepper_soup as it's serializer returned null
[04Mar2026 18:32:07.069] [main/INFO] [net.minecraft.world.item.crafting.RecipeManager/]: Skipping loading recipe farmerscroptopia:mynethersdelight/rock_soup as it's serializer returned null
[04Mar2026 18:32:07.071] [main/INFO] [net.minecraft.world.item.crafting.RecipeManager/]: Skipping loading recipe farmerscroptopia:fruitsdelight/durian_pie as it's serializer returned null
[04Mar2026 18:32:07.073] [main/INFO] [net.minecraft.world.item.crafting.RecipeManager/]: Skipping loading recipe brewinandchewin:cooking/scarlet_pierogi as it's serializer returned null
[04Mar2026 18:32:07.073] [main/INFO] [net.minecraft.world.item.crafting.RecipeManager/]: Skipping loading recipe vintagedelight:cooking/pad_thai as it's serializer returned null
[04Mar2026 18:32:07.086] [main/INFO] [net.minecraft.world.item.crafting.RecipeManager/]: Skipping loading recipe farmerscroptopia:veggiesdelight/roasted_veggies as it's serializer returned null
[04Mar2026 18:32:07.086] [main/INFO] [net.minecraft.world.item.crafting.RecipeManager/]: Skipping loading recipe farmerscroptopia:fruitsdelight/pineapple_marinated_pork as it's serializer returned null
[04Mar2026 18:32:07.087] [main/INFO] [net.minecraft.world.item.crafting.RecipeManager/]: Skipping loading recipe moredelight:cooking/cooked_rice_with_porkchop as it's serializer returned null
[04Mar2026 18:32:07.089] [main/INFO] [net.minecraft.world.item.crafting.RecipeManager/]: Skipping loading recipe farmerscroptopia:rusticdelight/spring_rolls as it's serializer returned null
[04Mar2026 18:32:07.095] [main/INFO] [net.minecraft.world.item.crafting.RecipeManager/]: Skipping loading recipe farmersdelight:cooking/crab_cakes as it's serializer returned null
[04Mar2026 18:32:07.095] [main/INFO] [net.minecraft.world.item.crafting.RecipeManager/]: Skipping loading recipe farmerscroptopia:mynethersdelight/spicy_curry as it's serializer returned null
[04Mar2026 18:32:07.096] [main/INFO] [net.minecraft.world.item.crafting.RecipeManager/]: Skipping loading recipe brewinandchewin:cooking/cheesy_pasta as it's serializer returned null
[04Mar2026 18:32:07.099] [main/INFO] [net.minecraft.world.item.crafting.RecipeManager/]: Skipping loading recipe culturaldelights:midori_roll as it's serializer returned null
[04Mar2026 18:32:07.111] [main/INFO] [net.minecraft.world.item.crafting.RecipeManager/]: Skipping loading recipe farmerscroptopia:casualness_delight/raw_cheese_wheel as it's serializer returned null
[04Mar2026 18:32:07.113] [main/INFO] [net.minecraft.world.item.crafting.RecipeManager/]: Skipping loading recipe miners_delight:cooking/takoyaki as it's serializer returned null
[04Mar2026 18:32:07.113] [main/INFO] [net.minecraft.world.item.crafting.RecipeManager/]: Skipping loading recipe farmerscroptopia:crabbersdelight/cooked_clawster as it's serializer returned null
[04Mar2026 18:32:07.132] [main/INFO] [net.minecraft.world.item.crafting.RecipeManager/]: Skipping loading recipe farmerscroptopia:brewinandchewin/horror_lasagna as it's serializer returned null
[04Mar2026 18:32:07.132] [main/ERROR] [net.minecraft.world.item.crafting.RecipeManager/]: Parsing error loading recipe apocalypsenow:firemodulemachete: com.google.gson.JsonSyntaxException: Invalid or unsupported recipe type 'minecraft:smithing'
[04Mar2026 18:32:07.138] [main/INFO] [net.minecraft.world.item.crafting.RecipeManager/]: Skipping loading recipe farmerscroptopia:seeddelight/pine_needle_wine as it's serializer returned null
[04Mar2026 18:32:07.139] [main/INFO] [net.minecraft.world.item.crafting.RecipeManager/]: Skipping loading recipe oceanic_delight:shrimp_chips as it's serializer returned null
[04Mar2026 18:32:07.139] [main/INFO] [net.minecraft.world.item.crafting.RecipeManager/]: Skipping loading recipe farmerscroptopia:moredelight/cooked_rice_with_porkchop as it's serializer returned null
[04Mar2026 18:32:07.142] [main/ERROR] [net.minecraft.world.item.crafting.RecipeManager/]: Parsing error loading recipe miners_delight:insect_wrap: com.google.gson.JsonSyntaxException: Unknown item 'miners_delight:insect_wrap'
[04Mar2026 18:32:07.142] [main/INFO] [net.minecraft.world.item.crafting.RecipeManager/]: Skipping loading recipe toolbelt:pouch_upgrade_1_via_sewing as it's serializer returned null
[04Mar2026 18:32:07.142] [main/INFO] [net.minecraft.world.item.crafting.RecipeManager/]: Skipping loading recipe farmerscroptopia:veggiesdelight/cauliflower_kuku as it's serializer returned null
[04Mar2026 18:32:07.144] [main/INFO] [net.minecraft.world.item.crafting.RecipeManager/]: Skipping loading recipe farmerscroptopia:moredelight/diced_potatoes_with_chicken_cuts as it's serializer returned null
[04Mar2026 18:32:07.145] [main/INFO] [net.minecraft.world.item.crafting.RecipeManager/]: Skipping loading recipe farmerscroptopia:veggiesdelight/rice_and_vegetables as it's serializer returned null
[04Mar2026 18:32:07.145] [main/INFO] [net.minecraft.world.item.crafting.RecipeManager/]: Skipping loading recipe oceanic_delight:shrimp_rice as it's serializer returned null
[04Mar2026 18:32:07.152] [main/INFO] [net.minecraft.world.item.crafting.RecipeManager/]: Skipping loading recipe brewinandchewin:cooking/sweet_berry_jam as it's serializer returned null
[04Mar2026 18:32:07.153] [main/INFO] [net.minecraft.world.item.crafting.RecipeManager/]: Skipping loading recipe farmerscroptopia:fruitsdelight/fig_tart as it's serializer returned null
[04Mar2026 18:32:07.154] [main/INFO] [net.minecraft.world.item.crafting.RecipeManager/]: Skipping loading recipe farmerscroptopia:fruitsdelight/pear_jelly as it's serializer returned null
[04Mar2026 18:32:07.157] [main/INFO] [net.minecraft.world.item.crafting.RecipeManager/]: Skipping loading recipe farmerscroptopia:mynethersdelight/hotcream as it's serializer returned null
[04Mar2026 18:32:07.158] [main/INFO] [net.minecraft.world.item.crafting.RecipeManager/]: Skipping loading recipe farmerscroptopia:culturaldelights/raw_pasta as it's serializer returned null
[04Mar2026 18:32:07.159] [main/ERROR] [net.minecraft.world.item.crafting.RecipeManager/]: Parsing error loading recipe apocalypsenow:firemoduleironbat: com.google.gson.JsonSyntaxException: Invalid or unsupported recipe type 'minecraft:smithing'
[04Mar2026 18:32:07.161] [main/INFO] [net.minecraft.world.item.crafting.RecipeManager/]: Skipping loading recipe dustrial_decor:wrapped_ice_chains as it's serializer returned null
[04Mar2026 18:32:07.163] [main/INFO] [net.minecraft.world.item.crafting.RecipeManager/]: Skipping loading recipe casualness_delight:cooking/phantom_puff as it's serializer returned null
[04Mar2026 18:32:07.165] [main/INFO] [net.minecraft.world.item.crafting.RecipeManager/]: Skipping loading recipe fruitsdelight:cutting/pineapple_slice as it's serializer returned null
[04Mar2026 18:32:07.166] [main/INFO] [net.minecraft.world.item.crafting.RecipeManager/]: Skipping loading recipe dustrial_decor:rusty_sheet_metal_plating_vertical_slab as it's serializer returned null
[04Mar2026 18:32:07.173] [main/INFO] [net.minecraft.world.item.crafting.RecipeManager/]: Skipping loading recipe farmerscroptopia:rusticdelight/bell_pepper_pasta as it's serializer returned null
[04Mar2026 18:32:07.175] [main/INFO] [net.minecraft.world.item.crafting.RecipeManager/]: Skipping loading recipe farmerscroptopia:veggiesdelight/garlic_stuffed_mushrooms as it's serializer returned null
[04Mar2026 18:32:07.175] [main/INFO] [net.minecraft.world.item.crafting.RecipeManager/]: Skipping loading recipe farmerscroptopia:oceanic_delight/shrimp_rice as it's serializer returned null
[04Mar2026 18:32:07.176] [main/INFO] [net.minecraft.world.item.crafting.RecipeManager/]: Skipping loading recipe farmerscroptopia:vintagedelight/nut_milk as it's serializer returned null
[04Mar2026 18:32:07.176] [main/INFO] [net.minecraft.world.item.crafting.RecipeManager/]: Skipping loading recipe oceanic_delight:steamed_beef as it's serializer returned null
[04Mar2026 18:32:07.177] [main/ERROR] [net.minecraft.world.item.crafting.RecipeManager/]: Parsing error loading recipe farmersrespite:filling/water_cup: com.google.gson.JsonSyntaxException: Unknown item 'miners_delight:copper_cup'
[04Mar2026 18:32:07.214] [main/INFO] [net.minecraft.world.item.crafting.RecipeManager/]: Skipping loading recipe dustrial_decor:large_ender_lantern as it's serializer returned null
[04Mar2026 18:32:07.215] [main/INFO] [net.minecraft.world.item.crafting.RecipeManager/]: Skipping loading recipe dustrial_decor:large_glow_lantern as it's serializer returned null
[04Mar2026 18:32:07.217] [main/INFO] [net.minecraft.world.item.crafting.RecipeManager/]: Skipping loading recipe farmerscroptopia:crabbersdelight/crab_cakes as it's serializer returned null
[04Mar2026 18:32:07.233] [main/INFO] [net.minecraft.world.item.crafting.RecipeManager/]: Skipping loading recipe farmerscroptopia:veggiesdelight/cacciatore as it's serializer returned null
[04Mar2026 18:32:07.245] [main/INFO] [net.minecraft.world.item.crafting.RecipeManager/]: Skipping loading recipe crabbersdelight:shrimp_skewer as it's serializer returned null
[04Mar2026 18:32:07.248] [main/INFO] [net.minecraft.world.item.crafting.RecipeManager/]: Skipping loading recipe farmerscroptopia:veggiesdelight/garlic_chicken_stew as it's serializer returned null
[04Mar2026 18:32:07.249] [main/INFO] [net.minecraft.world.item.crafting.RecipeManager/]: Skipping loading recipe brewinandchewin:cooking/glow_berry_marmalade as it's serializer returned null
[04Mar2026 18:32:07.249] [main/INFO] [net.minecraft.world.item.crafting.RecipeManager/]: Skipping loading recipe oceanic_delight:globular_rice as it's serializer returned null
[04Mar2026 18:32:07.251] [main/INFO] [net.minecraft.world.item.crafting.RecipeManager/]: Skipping loading recipe oceanic_delight:glow_squid_stew as it's serializer returned null
[04Mar2026 18:32:07.254] [main/ERROR] [net.minecraft.world.item.crafting.RecipeManager/]: Parsing error loading recipe farmerscroptopia:delightful/cactus_soup: com.google.gson.JsonSyntaxException: Unknown condition type: delightful:enabled
[04Mar2026 18:32:07.257] [main/INFO] [net.minecraft.world.item.crafting.RecipeManager/]: Skipping loading recipe farmerscroptopia:fruitsdelight/cranberry_muffin as it's serializer returned null
[04Mar2026 18:32:07.258] [main/INFO] [net.minecraft.world.item.crafting.RecipeManager/]: Skipping loading recipe farmerscroptopia:mynethersdelight/chilidog as it's serializer returned null
[04Mar2026 18:32:07.262] [main/INFO] [net.minecraft.world.item.crafting.RecipeManager/]: Skipping loading recipe farmerscroptopia:crabbersdelight/seafood_gumbo as it's serializer returned null
[04Mar2026 18:32:07.265] [main/INFO] [net.minecraft.world.item.crafting.RecipeManager/]: Skipping loading recipe farmerscroptopia:miners_delight/takoyaki as it's serializer returned null
[04Mar2026 18:32:07.273] [main/INFO] [net.minecraft.world.item.crafting.RecipeManager/]: Skipping loading recipe farmerscroptopia:fruitsdelight/apple_jelly as it's serializer returned null
[04Mar2026 18:32:07.274] [main/INFO] [net.minecraft.world.item.crafting.RecipeManager/]: Skipping loading recipe farmerscroptopia:mynethersdelight/fried_hoglin_chop as it's serializer returned null
[04Mar2026 18:32:07.281] [main/INFO] [net.minecraft.world.item.crafting.RecipeManager/]: Skipping loading recipe veggiesdelight:cutting/cauliflower_floret_from_cutting as it's serializer returned null
[04Mar2026 18:32:07.281] [main/INFO] [net.minecraft.world.item.crafting.RecipeManager/]: Skipping loading recipe farmerscroptopia:nethersdelight/stuffed_hoglin as it's serializer returned null
[04Mar2026 18:32:07.282] [main/INFO] [net.minecraft.world.item.crafting.RecipeManager/]: Skipping loading recipe farmerscroptopia:oceansdelight/squid_rings as it's serializer returned null
[04Mar2026 18:32:07.284] [main/INFO] [net.minecraft.world.item.crafting.RecipeManager/]: Skipping loading recipe farmerscroptopia:seeddelight/stir_fried_cabbage_with_acorn_2 as it's serializer returned null
[04Mar2026 18:32:07.285] [main/INFO] [net.minecraft.world.item.crafting.RecipeManager/]: Skipping loading recipe veggiesdelight:cooking/stuffed_bellpeppers as it's serializer returned null
[04Mar2026 18:32:07.286] [main/ERROR] [net.minecraft.world.item.crafting.RecipeManager/]: Parsing error loading recipe apocalypsenow:firemodulekatana: com.google.gson.JsonSyntaxException: Invalid or unsupported recipe type 'minecraft:smithing'
[04Mar2026 18:32:07.287] [main/ERROR] [net.minecraft.world.item.crafting.RecipeManager/]: Parsing error loading recipe jeffs_cursed_walking_structures:wd_40: com.google.gson.JsonSyntaxException: Unknown item 'mcore:steel_sheet'
[04Mar2026 18:32:07.289] [main/INFO] [net.minecraft.world.item.crafting.RecipeManager/]: Skipping loading recipe farmerscroptopia:seeddelight/seed_rosehip_pie as it's serializer returned null
[04Mar2026 18:32:07.289] [main/INFO] [net.minecraft.world.item.crafting.RecipeManager/]: Skipping loading recipe farmerscroptopia:fruitsdelight/bellini_cocktail as it's serializer returned null
[04Mar2026 18:32:07.289] [main/INFO] [net.minecraft.world.item.crafting.RecipeManager/]: Skipping loading recipe farmerscroptopia:vintagedelight/sweet_berry_jam_jar as it's serializer returned null
[04Mar2026 18:32:07.291] [main/INFO] [net.minecraft.world.item.crafting.RecipeManager/]: Skipping loading recipe farmerscroptopia:moredelight/cooked_rice_with_beef as it's serializer returned null
[04Mar2026 18:32:07.291] [main/INFO] [net.minecraft.world.item.crafting.RecipeManager/]: Skipping loading recipe brewinandchewin:cooking/vegetable_omelet as it's serializer returned null
[04Mar2026 18:32:07.295] [main/INFO] [net.minecraft.world.item.crafting.RecipeManager/]: Skipping loading recipe veggiesdelight:roasted_zucchini_from_campfire_cooking as it's serializer returned null
[04Mar2026 18:32:07.305] [main/INFO] [net.minecraft.world.item.crafting.RecipeManager/]: Skipping loading recipe farmerscroptopia:vintagedelight/cheese_pasta as it's serializer returned null
[04Mar2026 18:32:07.309] [main/INFO] [net.minecraft.world.item.crafting.RecipeManager/]: Skipping loading recipe veggiesdelight:compat/vintagedelight/cooking/cauliflower_kuku as it's serializer returned null
[04Mar2026 18:32:07.312] [main/INFO] [net.minecraft.world.item.crafting.RecipeManager/]: Skipping loading recipe rusticdelight:cutting/calamari_slice as it's serializer returned null
[04Mar2026 18:32:07.313] [main/INFO] [net.minecraft.world.item.crafting.RecipeManager/]: Skipping loading recipe culturaldelights:fish_taco as it's serializer returned null
[04Mar2026 18:32:07.323] [main/INFO] [net.minecraft.world.item.crafting.RecipeManager/]: Skipping loading recipe oceanic_delight:squid_and_pickles as it's serializer returned null
[04Mar2026 18:32:07.325] [main/INFO] [net.minecraft.world.item.crafting.RecipeManager/]: Skipping loading recipe farmerscroptopia:mynethersdelight/burn_roll as it's serializer returned null
[04Mar2026 18:32:07.325] [main/INFO] [net.minecraft.world.item.crafting.RecipeManager/]: Skipping loading recipe farmerscroptopia:rusticdelight/batter as it's serializer returned null
[04Mar2026 18:32:07.327] [main/ERROR] [net.minecraft.world.item.crafting.RecipeManager/]: Parsing error loading recipe farmerscroptopia:delightful/matcha_latte: com.google.gson.JsonSyntaxException: Unknown condition type: delightful:enabled
[04Mar2026 18:32:07.328] [main/INFO] [net.minecraft.world.item.crafting.RecipeManager/]: Skipping loading recipe culturaldelights:cooking/spicy_curry as it's serializer returned null
[04Mar2026 18:32:07.330] [main/INFO] [net.minecraft.world.item.crafting.RecipeManager/]: Skipping loading recipe farmerscroptopia:casualness_delight/phantom_puff as it's serializer returned null
[04Mar2026 18:32:07.331] [main/INFO] [net.minecraft.world.item.crafting.RecipeManager/]: Skipping loading recipe farmerscroptopia:culturaldelights/poached_eggplants as it's serializer returned null
[04Mar2026 18:32:07.331] [main/INFO] [net.minecraft.world.item.crafting.RecipeManager/]: Skipping loading recipe farmerscroptopia:mynethersdelight/hot_wings as it's serializer returned null
[04Mar2026 18:32:07.332] [main/ERROR] [net.minecraft.world.item.crafting.RecipeManager/]: Parsing error loading recipe farmerscroptopia:delightful/matcha_gummy: com.google.gson.JsonSyntaxException: Unknown condition type: delightful:enabled
[04Mar2026 18:32:07.341] [main/INFO] [net.minecraft.world.item.crafting.RecipeManager/]: Skipping loading recipe oceanic_delight:seafood_skewer as it's serializer returned null
[04Mar2026 18:32:07.343] [main/INFO] [net.minecraft.world.item.crafting.RecipeManager/]: Skipping loading recipe farmerscroptopia:crabbersdelight/cooked_crab as it's serializer returned null
[04Mar2026 18:32:07.344] [main/INFO] [net.minecraft.world.item.crafting.RecipeManager/]: Skipping loading recipe culturaldelights:chicken_taco as it's serializer returned null
[04Mar2026 18:32:07.352] [main/INFO] [net.minecraft.world.item.crafting.RecipeManager/]: Skipping loading recipe farmersdelight:cooking/cooked_shrimp as it's serializer returned null
[04Mar2026 18:32:07.356] [main/INFO] [net.minecraft.world.item.crafting.RecipeManager/]: Skipping loading recipe farmerscroptopia:veggiesdelight/dandelion_juice as it's serializer returned null
[04Mar2026 18:32:07.357] [main/INFO] [net.minecraft.world.item.crafting.RecipeManager/]: Skipping loading recipe farmerscroptopia:mynethersdelight/spicy_noodle_soup as it's serializer returned null
[04Mar2026 18:32:07.358] [main/INFO] [net.minecraft.world.item.crafting.RecipeManager/]: Skipping loading recipe farmerscroptopia:casualness_delight/sweet_rice as it's serializer returned null
[04Mar2026 18:32:07.359] [main/INFO] [net.minecraft.world.item.crafting.RecipeManager/]: Skipping loading recipe farmerscroptopia:nethersdelight/grilled_strider as it's serializer returned null
[04Mar2026 18:32:07.364] [main/INFO] [net.minecraft.world.item.crafting.RecipeManager/]: Skipping loading recipe veggiesdelight:compat/vintagedelight/cooking/cacciatore as it's serializer returned null
[04Mar2026 18:32:07.369] [main/INFO] [net.minecraft.world.item.crafting.RecipeManager/]: Skipping loading recipe farmerscroptopia:vintagedelight/relish_jar as it's serializer returned null
[04Mar2026 18:32:07.371] [main/INFO] [net.minecraft.world.item.crafting.RecipeManager/]: Skipping loading recipe endersdelight:cooking/stuffed_shulker as it's serializer returned null
[04Mar2026 18:32:07.374] [main/INFO] [net.minecraft.world.item.crafting.RecipeManager/]: Skipping loading recipe farmerscroptopia:miners_delight/bat_rolls as it's serializer returned null
[04Mar2026 18:32:07.379] [main/ERROR] [net.minecraft.world.item.crafting.RecipeManager/]: Parsing error loading recipe apocalypsenow:eletricalclub: com.google.gson.JsonSyntaxException: Invalid or unsupported recipe type 'minecraft:smithing'
[04Mar2026 18:32:07.380] [main/INFO] [net.minecraft.world.item.crafting.RecipeManager/]: Skipping loading recipe farmerscroptopia:casualness_delight/spicy_strips as it's serializer returned null
[04Mar2026 18:32:07.381] [main/ERROR] [net.minecraft.world.item.crafting.RecipeManager/]: Parsing error loading recipe apocalypsenow:firemodulecombataxe: com.google.gson.JsonSyntaxException: Invalid or unsupported recipe type 'minecraft:smithing'
[04Mar2026 18:32:07.382] [main/INFO] [net.minecraft.world.item.crafting.RecipeManager/]: Skipping loading recipe dustrial_decor:rusty_sheet_metal_treading_vertical_slab as it's serializer returned null
[04Mar2026 18:32:07.384] [main/ERROR] [net.minecraft.world.item.crafting.RecipeManager/]: Parsing error loading recipe miners_delight:vegan_wrap: com.google.gson.JsonSyntaxException: Unknown item 'miners_delight:vegan_wrap'
[04Mar2026 18:32:07.402] [main/INFO] [net.minecraft.world.item.crafting.RecipeManager/]: Skipping loading recipe farmerscroptopia:mynethersdelight/roast_stuffed_hoglin as it's serializer returned null
[04Mar2026 18:32:07.402] [main/INFO] [net.minecraft.world.item.crafting.RecipeManager/]: Skipping loading recipe farmerscroptopia:seeddelight/cherry_jam_jar as it's serializer returned null
[04Mar2026 18:32:07.408] [main/INFO] [net.minecraft.world.item.crafting.RecipeManager/]: Skipping loading recipe farmerscroptopia:endersdelight/stuffed_shulker as it's serializer returned null
[04Mar2026 18:32:07.409] [main/INFO] [net.minecraft.world.item.crafting.RecipeManager/]: Skipping loading recipe moredelight:cooking/cooked_rice_with_beef as it's serializer returned null
[04Mar2026 18:32:07.409] [main/INFO] [net.minecraft.world.item.crafting.RecipeManager/]: Skipping loading recipe crabbersdelight:oceansdelight_fugu_conversion as it's serializer returned null
[04Mar2026 18:32:07.413] [main/INFO] [net.minecraft.world.item.crafting.RecipeManager/]: Skipping loading recipe farmerscroptopia:mynethersdelight/scotch_eggs as it's serializer returned null
[04Mar2026 18:32:07.421] [main/INFO] [net.minecraft.world.item.crafting.RecipeManager/]: Skipping loading recipe culturaldelights:cooking/empanada as it's serializer returned null
[04Mar2026 18:32:07.422] [main/INFO] [net.minecraft.world.item.crafting.RecipeManager/]: Skipping loading recipe moredelight:toast_with_honey as it's serializer returned null
[04Mar2026 18:32:07.422] [main/ERROR] [net.minecraft.world.item.crafting.RecipeManager/]: Parsing error loading recipe apocalypsenow:eletricalkatana: com.google.gson.JsonSyntaxException: Invalid or unsupported recipe type 'minecraft:smithing'
[04Mar2026 18:32:07.423] [main/INFO] [net.minecraft.world.item.crafting.RecipeManager/]: Skipping loading recipe farmerscroptopia:brewinandchewin/sweet_berry_jam as it's serializer returned null
[04Mar2026 18:32:07.441] [main/INFO] [net.minecraft.world.item.crafting.RecipeManager/]: Skipping loading recipe farmerscroptopia:oceanic_delight/steamed_beef as it's serializer returned null
[04Mar2026 18:32:07.441] [main/ERROR] [net.minecraft.world.item.crafting.RecipeManager/]: Parsing error loading recipe miners_delight:vegan_steak_and_potatoes: com.google.gson.JsonSyntaxException: Unknown item 'miners_delight:vegan_steak_and_potatoes'
[04Mar2026 18:32:07.442] [main/INFO] [net.minecraft.world.item.crafting.RecipeManager/]: Skipping loading recipe farmerscroptopia:oceanic_delight/shrimp_chips as it's serializer returned null
[04Mar2026 18:32:07.443] [main/INFO] [net.minecraft.world.item.crafting.RecipeManager/]: Skipping loading recipe farmerscroptopia:fruitsdelight/bayberry_jelly as it's serializer returned null
[04Mar2026 18:32:07.443] [main/INFO] [net.minecraft.world.item.crafting.RecipeManager/]: Skipping loading recipe farmerscroptopia:rusticdelight/fried_calamari as it's serializer returned null
[04Mar2026 18:32:07.443] [main/INFO] [net.minecraft.world.item.crafting.RecipeManager/]: Skipping loading recipe farmerscroptopia:crabbersdelight/clam_chowder as it's serializer returned null
[04Mar2026 18:32:07.445] [main/INFO] [net.minecraft.world.item.crafting.RecipeManager/]: Skipping loading recipe culturaldelights:cooking/eggplant_parmesan as it's serializer returned null
[04Mar2026 18:32:07.447] [main/INFO] [net.minecraft.world.item.crafting.RecipeManager/]: Skipping loading recipe farmerscroptopia:culturaldelights/spicy_curry as it's serializer returned null
[04Mar2026 18:32:07.448] [main/INFO] [net.minecraft.world.item.crafting.RecipeManager/]: Skipping loading recipe farmerscroptopia:oceanic_delight/globular_rice as it's serializer returned null
[04Mar2026 18:32:07.449] [main/ERROR] [net.minecraft.world.item.crafting.RecipeManager/]: Parsing error loading recipe farmersrespite:emptying/water_cup: com.google.gson.JsonSyntaxException: Unknown item 'miners_delight:water_cup'
[04Mar2026 18:32:07.451] [main/INFO] [net.minecraft.world.item.crafting.RecipeManager/]: Skipping loading recipe culturaldelights:avocado_toast as it's serializer returned null
[04Mar2026 18:32:07.451] [main/INFO] [net.minecraft.world.item.crafting.RecipeManager/]: Skipping loading recipe farmerscroptopia:brewinandchewin/fiery_fondue_pot as it's serializer returned null
[04Mar2026 18:32:07.452] [main/INFO] [net.minecraft.world.item.crafting.RecipeManager/]: Skipping loading recipe farmerscroptopia:veggiesdelight/shakshouka as it's serializer returned null
[04Mar2026 18:32:07.454] [main/ERROR] [net.minecraft.world.item.crafting.RecipeManager/]: Parsing error loading recipe apocalypsenow:eletricaltaticalmace: com.google.gson.JsonSyntaxException: Invalid or unsupported recipe type 'minecraft:smithing'
[04Mar2026 18:32:07.455] [main/ERROR] [net.minecraft.world.item.crafting.RecipeManager/]: Parsing error loading recipe farmerscroptopia:delightful/crab_rangoon: com.google.gson.JsonSyntaxException: Unknown condition type: delightful:enabled
[04Mar2026 18:32:07.461] [main/INFO] [net.minecraft.world.item.crafting.RecipeManager/]: Skipping loading recipe farmerscroptopia:moredelight/creamy_pasta_with_ham as it's serializer returned null
[04Mar2026 18:32:07.469] [main/INFO] [net.minecraft.world.item.crafting.RecipeManager/]: Skipping loading recipe veggiesdelight:cooking/stuffed_zucchinis as it's serializer returned null
[04Mar2026 18:32:07.479] [main/INFO] [net.minecraft.world.item.crafting.RecipeManager/]: Skipping loading recipe culturaldelights:cutting/tortilla_chips as it's serializer returned null
[04Mar2026 18:32:07.490] [main/INFO] [net.minecraft.world.item.crafting.RecipeManager/]: Skipping loading recipe farmerscroptopia:oceanic_delight/pasta_with_eye_balls as it's serializer returned null
[04Mar2026 18:32:07.492] [main/INFO] [net.minecraft.world.item.crafting.RecipeManager/]: Skipping loading recipe brewinandchewin:cooking/fiery_fondue_pot as it's serializer returned null
[04Mar2026 18:32:07.499] [main/INFO] [net.minecraft.world.item.crafting.RecipeManager/]: Skipping loading recipe farmerscroptopia:vintagedelight/glow_berry_jam_jar as it's serializer returned null
[04Mar2026 18:32:07.501] [main/INFO] [net.minecraft.world.item.crafting.RecipeManager/]: Skipping loading recipe seeddelight:m_cherry_ice_cream as it's serializer returned null
[04Mar2026 18:32:07.503] [main/INFO] [net.minecraft.world.item.crafting.RecipeManager/]: Skipping loading recipe veggiesdelight:compat/culturaldelight/chicken_fajitas_wrap as it's serializer returned null
[04Mar2026 18:32:07.515] [main/INFO] [net.minecraft.world.item.crafting.RecipeManager/]: Skipping loading recipe farmerscroptopia:fruitsdelight/mangosteen_jelly as it's serializer returned null
[04Mar2026 18:32:07.516] [main/INFO] [net.minecraft.world.item.crafting.RecipeManager/]: Skipping loading recipe farmerscroptopia:oceanic_delight/stuffed_pufferfish as it's serializer returned null
[04Mar2026 18:32:07.517] [main/INFO] [net.minecraft.world.item.crafting.RecipeManager/]: Skipping loading recipe farmerscroptopia:mynethersdelight/sausage_and_potatoes as it's serializer returned null
[04Mar2026 18:32:07.517] [main/INFO] [net.minecraft.world.item.crafting.RecipeManager/]: Skipping loading recipe farmerscroptopia:rusticdelight/stuffed_bell_pepper_yellow as it's serializer returned null
[04Mar2026 18:32:07.518] [main/INFO] [net.minecraft.world.item.crafting.RecipeManager/]: Skipping loading recipe farmerscroptopia:vintagedelight/pepper_jam_jar as it's serializer returned null
[04Mar2026 18:32:07.525] [main/INFO] [net.minecraft.world.item.crafting.RecipeManager/]: Skipping loading recipe culturaldelights:cutting/cut_eggplant as it's serializer returned null
[04Mar2026 18:32:07.527] [main/INFO] [net.minecraft.world.item.crafting.RecipeManager/]: Skipping loading recipe farmersdelight:cooking/cooked_clawster as it's serializer returned null
[04Mar2026 18:32:07.530] [main/INFO] [net.minecraft.world.item.crafting.RecipeManager/]: Skipping loading recipe toolbelt:pouch_upgrade_6_via_sewing as it's serializer returned null
[04Mar2026 18:32:07.545] [main/INFO] [net.minecraft.world.item.crafting.RecipeManager/]: Skipping loading recipe farmerscroptopia:fruitsdelight/pineapple_fried_rice as it's serializer returned null
[04Mar2026 18:32:07.545] [main/INFO] [net.minecraft.world.item.crafting.RecipeManager/]: Skipping loading recipe farmerscroptopia:fruitsdelight/blueberry_jelly as it's serializer returned null
[04Mar2026 18:32:07.553] [main/INFO] [net.minecraft.world.item.crafting.RecipeManager/]: Skipping loading recipe moredelight:toast_with_sweet_berries as it's serializer returned null
[04Mar2026 18:32:07.553] [main/INFO] [net.minecraft.world.item.crafting.RecipeManager/]: Skipping loading recipe toolbelt:pouch_via_sewing as it's serializer returned null
[04Mar2026 18:32:07.554] [main/INFO] [net.minecraft.world.item.crafting.RecipeManager/]: Skipping loading recipe farmerscroptopia:vintagedelight/apple_sauce_jar as it's serializer returned null
[04Mar2026 18:32:07.554] [main/INFO] [net.minecraft.world.item.crafting.RecipeManager/]: Skipping loading recipe dustrial_decor:smooth_cardboard_vertical_slab_to_slab as it's serializer returned null
[04Mar2026 18:32:07.556] [main/INFO] [net.minecraft.world.item.crafting.RecipeManager/]: Skipping loading recipe farmerscroptopia:fruitsdelight/pineapple_pie as it's serializer returned null
[04Mar2026 18:32:07.557] [main/INFO] [net.minecraft.world.item.crafting.RecipeManager/]: Skipping loading recipe farmerscroptopia:fruitsdelight/melon_jelly as it's serializer returned null
[04Mar2026 18:32:07.564] [main/INFO] [net.minecraft.world.item.crafting.RecipeManager/]: Skipping loading recipe veggiesdelight:compat/culturaldelight/vegetable_wrap as it's serializer returned null
[04Mar2026 18:32:07.565] [main/INFO] [net.minecraft.world.item.crafting.RecipeManager/]: Skipping loading recipe moredelight:toast_with_glow_berries as it's serializer returned null
[04Mar2026 18:32:07.565] [main/INFO] [net.minecraft.world.item.crafting.RecipeManager/]: Skipping loading recipe farmerscroptopia:moredelight/carrot_soup as it's serializer returned null
[04Mar2026 18:32:07.567] [main/INFO] [net.minecraft.world.item.crafting.RecipeManager/]: Skipping loading recipe farmerscroptopia:fruitsdelight/blueberry_muffin as it's serializer returned null
[04Mar2026 18:32:07.569] [main/INFO] [net.minecraft.world.item.crafting.RecipeManager/]: Skipping loading recipe farmerscroptopia:rusticdelight/cooking_oil as it's serializer returned null
[04Mar2026 18:32:07.569] [main/INFO] [net.minecraft.world.item.crafting.RecipeManager/]: Skipping loading recipe farmerscroptopia:oceansdelight/braised_sea_pickle as it's serializer returned null
[04Mar2026 18:32:07.569] [main/INFO] [net.minecraft.world.item.crafting.RecipeManager/]: Skipping loading recipe culturaldelights:cucumber_crate as it's serializer returned null
[04Mar2026 18:32:07.573] [main/INFO] [net.minecraft.world.item.crafting.RecipeManager/]: Skipping loading recipe farmersdelight:cooking/pineapple_fried_rice as it's serializer returned null
[04Mar2026 18:32:07.576] [main/INFO] [net.minecraft.world.item.crafting.RecipeManager/]: Skipping loading recipe farmerscroptopia:seeddelight/roasted_beef_with_seed as it's serializer returned null
[04Mar2026 18:32:07.576] [main/INFO] [net.minecraft.world.item.crafting.RecipeManager/]: Skipping loading recipe culturaldelights:calamari_roll as it's serializer returned null
[04Mar2026 18:32:07.578] [main/INFO] [net.minecraft.world.item.crafting.RecipeManager/]: Skipping loading recipe farmerscroptopia:veggiesdelight/broccoli_soup as it's serializer returned null
[04Mar2026 18:32:07.579] [main/INFO] [net.minecraft.world.item.crafting.RecipeManager/]: Skipping loading recipe farmerscroptopia:veggiesdelight/cauliflower_soup as it's serializer returned null
[04Mar2026 18:32:07.581] [main/INFO] [net.minecraft.world.item.crafting.RecipeManager/]: Skipping loading recipe farmerscroptopia:seeddelight/sunflower_seed_crisp as it's serializer returned null
[04Mar2026 18:32:07.581] [main/INFO] [net.minecraft.world.item.crafting.RecipeManager/]: Skipping loading recipe dustrial_decor:large_cursed_lantern as it's serializer returned null
[04Mar2026 18:32:07.584] [main/INFO] [net.minecraft.world.item.crafting.RecipeManager/]: Skipping loading recipe farmerscroptopia:oceansdelight/guardian_soup as it's serializer returned null
[04Mar2026 18:32:07.591] [main/INFO] [net.minecraft.world.item.crafting.RecipeManager/]: Skipping loading recipe farmerscroptopia:miners_delight/cave_soup as it's serializer returned null
[04Mar2026 18:32:07.592] [main/INFO] [net.minecraft.world.item.crafting.RecipeManager/]: Skipping loading recipe culturaldelights:cutting/cut_cucumber as it's serializer returned null
[04Mar2026 18:32:07.593] [main/INFO] [net.minecraft.world.item.crafting.RecipeManager/]: Skipping loading recipe farmerscroptopia:veggiesdelight/fish_and_chips as it's serializer returned null
[04Mar2026 18:32:07.594] [main/INFO] [net.minecraft.world.item.crafting.RecipeManager/]: Skipping loading recipe farmerscroptopia:crabbersdelight/shrimp_fried_rice as it's serializer returned null
[04Mar2026 18:32:07.594] [main/INFO] [net.minecraft.world.item.crafting.RecipeManager/]: Skipping loading recipe dustrial_decor:ice_chain_from_wrapped as it's serializer returned null
[04Mar2026 18:32:07.595] [main/INFO] [net.minecraft.world.item.crafting.RecipeManager/]: Skipping loading recipe farmerscroptopia:veggiesdelight/carrot_juice as it's serializer returned null
[04Mar2026 18:32:07.596] [main/INFO] [net.minecraft.world.item.crafting.RecipeManager/]: Skipping loading recipe miners_delight:cooking/pasta_with_veggieballs as it's serializer returned null
[04Mar2026 18:32:07.616] [main/INFO] [net.minecraft.world.item.crafting.RecipeManager/]: Skipping loading recipe farmerscroptopia:fruitsdelight/chorus_jelly as it's serializer returned null
[04Mar2026 18:32:07.617] [main/INFO] [net.minecraft.world.item.crafting.RecipeManager/]: Skipping loading recipe brewinandchewin:pizza as it's serializer returned null
[04Mar2026 18:32:07.617] [main/INFO] [net.minecraft.world.item.crafting.RecipeManager/]: Skipping loading recipe dustrial_decor:sheet_metal_plating_vertical_slab_to_slab as it's serializer returned null
[04Mar2026 18:32:07.618] [main/INFO] [net.minecraft.world.item.crafting.RecipeManager/]: Skipping loading recipe dustrial_decor:ice_chain as it's serializer returned null
[04Mar2026 18:32:07.618] [main/INFO] [net.minecraft.world.item.crafting.RecipeManager/]: Skipping loading recipe farmerscroptopia:oceansdelight/honey_fried_kelp as it's serializer returned null
[04Mar2026 18:32:07.619] [main/INFO] [net.minecraft.world.item.crafting.RecipeManager/]: Skipping loading recipe farmerscroptopia:mynethersdelight/deviled_egg as it's serializer returned null
[04Mar2026 18:32:07.621] [main/INFO] [net.minecraft.world.item.crafting.RecipeManager/]: Skipping loading recipe farmerscroptopia:rusticdelight/fried_chicken as it's serializer returned null
[04Mar2026 18:32:07.621] [main/INFO] [net.minecraft.world.item.crafting.RecipeManager/]: Skipping loading recipe culturaldelights:eggplant_burger as it's serializer returned null
[04Mar2026 18:32:07.622] [main/INFO] [net.minecraft.world.item.crafting.RecipeManager/]: Skipping loading recipe culturaldelights:cooking/creamed_corn as it's serializer returned null
[04Mar2026 18:32:07.623] [main/INFO] [net.minecraft.world.item.crafting.RecipeManager/]: Skipping loading recipe seeddelight:cooking/cherry_wine as it's serializer returned null
[04Mar2026 18:32:07.623] [main/INFO] [net.minecraft.world.item.crafting.RecipeManager/]: Skipping loading recipe crabbersdelight:frog_leg_kebob as it's serializer returned null
[04Mar2026 18:32:07.624] [main/INFO] [net.minecraft.world.item.crafting.RecipeManager/]: Skipping loading recipe farmerscroptopia:oceanic_delight/takoyaki as it's serializer returned null
[04Mar2026 18:32:07.625] [main/INFO] [net.minecraft.world.item.crafting.RecipeManager/]: Skipping loading recipe farmerscroptopia:fruitsdelight/fig_jelly as it's serializer returned null
[04Mar2026 18:32:07.625] [main/ERROR] [net.minecraft.world.item.crafting.RecipeManager/]: Parsing error loading recipe apocalypsenow:combataxe: com.google.gson.JsonSyntaxException: Invalid or unsupported recipe type 'minecraft:smithing'
[04Mar2026 18:32:07.631] [main/INFO] [net.minecraft.world.item.crafting.RecipeManager/]: Skipping loading recipe farmerscroptopia:fruitsdelight/glowberry_jelly as it's serializer returned null
[04Mar2026 18:32:07.631] [main/INFO] [net.minecraft.world.item.crafting.RecipeManager/]: Skipping loading recipe farmerscroptopia:mynethersdelight/spicy_hoglin_stew as it's serializer returned null
[04Mar2026 18:32:07.632] [main/INFO] [net.minecraft.world.item.crafting.RecipeManager/]: Skipping loading recipe oceanic_delight:fried_shrimp as it's serializer returned null
[04Mar2026 18:32:07.643] [main/INFO] [net.minecraft.world.item.crafting.RecipeManager/]: Skipping loading recipe farmerscroptopia:rusticdelight/stuffed_bell_pepper_green as it's serializer returned null
[04Mar2026 18:32:07.648] [main/INFO] [net.minecraft.world.item.crafting.RecipeManager/]: Skipping loading recipe crabbersdelight:squid_kebob as it's serializer returned null
[04Mar2026 18:32:07.653] [main/INFO] [net.minecraft.world.item.crafting.RecipeManager/]: Skipping loading recipe dustrial_decor:sheet_metal_treading_vertical_slab_to_slab as it's serializer returned null
[04Mar2026 18:32:07.660] [main/INFO] [net.minecraft.world.item.crafting.RecipeManager/]: Skipping loading recipe crabbersdelight:coral_crunch as it's serializer returned null
[04Mar2026 18:32:07.661] [main/INFO] [net.minecraft.world.item.crafting.RecipeManager/]: Skipping loading recipe farmerscroptopia:fruitsdelight/lychee_jelly as it's serializer returned null
[04Mar2026 18:32:07.661] [main/INFO] [net.minecraft.world.item.crafting.RecipeManager/]: Skipping loading recipe oceanic_delight:pasta_with_eye_balls as it's serializer returned null
[04Mar2026 18:32:07.662] [main/INFO] [net.minecraft.world.item.crafting.RecipeManager/]: Skipping loading recipe farmerscroptopia:veggiesdelight/pasta_with_broccoli as it's serializer returned null
[04Mar2026 18:32:07.672] [main/INFO] [net.minecraft.world.item.crafting.RecipeManager/]: Skipping loading recipe farmerscroptopia:rusticdelight/coffee_braised_beef as it's serializer returned null
[04Mar2026 18:32:07.672] [main/INFO] [net.minecraft.world.item.crafting.RecipeManager/]: Skipping loading recipe farmerscroptopia:miners_delight/insect_stew as it's serializer returned null
[04Mar2026 18:32:07.672] [main/INFO] [net.minecraft.world.item.crafting.RecipeManager/]: Skipping loading recipe farmerscroptopia:fruitsdelight/orange_marinated_pork as it's serializer returned null
[04Mar2026 18:32:07.675] [main/INFO] [net.minecraft.world.item.crafting.RecipeManager/]: Skipping loading recipe farmerscroptopia:seeddelight/acorn_tofu as it's serializer returned null
[04Mar2026 18:32:07.676] [main/INFO] [net.minecraft.world.item.crafting.RecipeManager/]: Skipping loading recipe brewinandchewin:cooking/creamy_onion_soup as it's serializer returned null
[04Mar2026 18:32:07.677] [main/ERROR] [net.minecraft.world.item.crafting.RecipeManager/]: Parsing error loading recipe jeffs_cursed_walking_structures:gun_storage_unit_recipe: com.google.gson.JsonSyntaxException: Unknown item 'mcore:steel_sheet'
[04Mar2026 18:32:07.683] [main/INFO] [net.minecraft.world.item.crafting.RecipeManager/]: Skipping loading recipe farmerscroptopia:moredelight/diced_potatoes_with_porkchop as it's serializer returned null
[04Mar2026 18:32:07.683] [main/INFO] [net.minecraft.world.item.crafting.RecipeManager/]: Skipping loading recipe moredelight:toast_with_egg as it's serializer returned null
[04Mar2026 18:32:07.684] [main/INFO] [net.minecraft.world.item.crafting.RecipeManager/]: Skipping loading recipe vintagedelight:cooking/nut_mash_jar as it's serializer returned null
[04Mar2026 18:32:07.689] [main/INFO] [net.minecraft.world.item.crafting.RecipeManager/]: Skipping loading recipe oceansdelight:crabbersdelight_pufferfish_conversion as it's serializer returned null
[04Mar2026 18:32:07.689] [main/INFO] [net.minecraft.world.item.crafting.RecipeManager/]: Skipping loading recipe farmerscroptopia:miners_delight/stuffed_squid as it's serializer returned null
[04Mar2026 18:32:07.689] [main/INFO] [net.minecraft.world.item.crafting.RecipeManager/]: Skipping loading recipe farmerscroptopia:vintagedelight/oatmeal as it's serializer returned null
[04Mar2026 18:32:07.691] [main/INFO] [net.minecraft.world.item.crafting.RecipeManager/]: Skipping loading recipe oceanic_delight:stuffed_pufferfish as it's serializer returned null
[04Mar2026 18:32:07.691] [main/INFO] [net.minecraft.world.item.crafting.RecipeManager/]: Skipping loading recipe oceanic_delight:paella_plate as it's serializer returned null
[04Mar2026 18:32:07.693] [main/INFO] [net.minecraft.world.item.crafting.RecipeManager/]: Skipping loading recipe farmerscroptopia:veggiesdelight/turnip_water as it's serializer returned null
[04Mar2026 18:32:07.694] [main/INFO] [net.minecraft.world.item.crafting.RecipeManager/]: Skipping loading recipe oceanic_delight:fish_egg_noodle_soup as it's serializer returned null
[04Mar2026 18:32:07.694] [main/INFO] [net.minecraft.world.item.crafting.RecipeManager/]: Skipping loading recipe culturaldelights:eggplant_crate as it's serializer returned null
[04Mar2026 18:32:07.694] [main/INFO] [net.minecraft.world.item.crafting.RecipeManager/]: Skipping loading recipe moredelight:toast_with_chocolate as it's serializer returned null
[04Mar2026 18:32:07.695] [main/INFO] [net.minecraft.world.item.crafting.RecipeManager/]: Skipping loading recipe veggiesdelight:sweet_potato_dough_from_water as it's serializer returned null
[04Mar2026 18:32:07.696] [main/INFO] [net.minecraft.world.item.crafting.RecipeManager/]: Skipping loading recipe oceanic_delight:egg_roll as it's serializer returned null
[04Mar2026 18:32:07.697] [main/INFO] [net.minecraft.world.item.crafting.RecipeManager/]: Skipping loading recipe farmerscroptopia:brewinandchewin/cheesy_pasta as it's serializer returned null
[04Mar2026 18:32:07.697] [main/INFO] [net.minecraft.world.item.crafting.RecipeManager/]: Skipping loading recipe dustrial_decor:rusty_sheet_metal_plating_vertical_slab_to_slab as it's serializer returned null
[04Mar2026 18:32:07.697] [main/INFO] [net.minecraft.world.item.crafting.RecipeManager/]: Skipping loading recipe dustrial_decor:bolted_industrial_iron_vertical_slab as it's serializer returned null
[04Mar2026 18:32:07.697] [main/INFO] [net.minecraft.world.item.crafting.RecipeManager/]: Skipping loading recipe farmerscroptopia:mynethersdelight/giant_tentacles as it's serializer returned null
[04Mar2026 18:32:07.698] [main/INFO] [net.minecraft.world.item.crafting.RecipeManager/]: Skipping loading recipe farmerscroptopia:seeddelight/stir_fried_cabbage_with_acorn as it's serializer returned null
[04Mar2026 18:32:07.703] [main/INFO] [net.minecraft.world.item.crafting.RecipeManager/]: Skipping loading recipe farmersdelight:cooking/stuffed_nautilus_shell as it's serializer returned null
[04Mar2026 18:32:07.704] [main/INFO] [net.minecraft.world.item.crafting.RecipeManager/]: Skipping loading recipe farmerscroptopia:fruitsdelight/peach_jelly as it's serializer returned null
[04Mar2026 18:32:07.709] [main/INFO] [net.minecraft.world.item.crafting.RecipeManager/]: Skipping loading recipe farmerscroptopia:vintagedelight/gearo_berry_jam_jar as it's serializer returned null
[04Mar2026 18:32:07.710] [main/INFO] [net.minecraft.world.item.crafting.RecipeManager/]: Skipping loading recipe dustrial_decor:large_ice_chain as it's serializer returned null
[04Mar2026 18:32:07.715] [main/INFO] [net.minecraft.world.item.crafting.RecipeManager/]: Skipping loading recipe farmerscroptopia:culturaldelights/elote as it's serializer returned null
[04Mar2026 18:32:07.716] [main/INFO] [net.minecraft.world.item.crafting.RecipeManager/]: Skipping loading recipe toolbelt:pouch_upgrade_3_via_sewing as it's serializer returned null
[04Mar2026 18:32:07.717] [main/INFO] [net.minecraft.world.item.crafting.RecipeManager/]: Skipping loading recipe farmerscroptopia:veggiesdelight/stuffed_zucchinis as it's serializer returned null
[04Mar2026 18:32:07.718] [main/INFO] [net.minecraft.world.item.crafting.RecipeManager/]: Skipping loading recipe farmerscroptopia:fruitsdelight/persimmon_jelly as it's serializer returned null
[04Mar2026 18:32:07.719] [main/INFO] [net.minecraft.world.item.crafting.RecipeManager/]: Skipping loading recipe farmerscroptopia:vintagedelight/pickle_soup as it's serializer returned null
[04Mar2026 18:32:07.719] [main/INFO] [net.minecraft.world.item.crafting.RecipeManager/]: Skipping loading recipe farmerscroptopia:fruitsdelight/mangosteen_cake as it's serializer returned null
[04Mar2026 18:32:07.719] [main/INFO] [net.minecraft.world.item.crafting.RecipeManager/]: Skipping loading recipe oceanic_delight:caviar_toast as it's serializer returned null
[04Mar2026 18:32:07.719] [main/INFO] [net.minecraft.world.item.crafting.RecipeManager/]: Skipping loading recipe culturaldelights:pickle_crate as it's serializer returned null
[04Mar2026 18:32:07.720] [main/INFO] [net.minecraft.world.item.crafting.RecipeManager/]: Skipping loading recipe farmerscroptopia:fruitsdelight/mango_tea as it's serializer returned null
[04Mar2026 18:32:07.721] [main/INFO] [net.minecraft.world.item.crafting.RecipeManager/]: Skipping loading recipe veggiesdelight:cutting/zucchini_slice as it's serializer returned null
[04Mar2026 18:32:07.726] [main/INFO] [net.minecraft.world.item.crafting.RecipeManager/]: Skipping loading recipe farmerscroptopia:casualness_delight/bobo_chicken as it's serializer returned null
[04Mar2026 18:32:07.731] [main/INFO] [net.minecraft.world.item.crafting.RecipeManager/]: Skipping loading recipe farmerscroptopia:miners_delight/pasta_with_veggieballs as it's serializer returned null
[04Mar2026 18:32:07.733] [main/INFO] [net.minecraft.world.item.crafting.RecipeManager/]: Skipping loading recipe toolbelt:pouch_upgrade_4_via_sewing as it's serializer returned null
[04Mar2026 18:32:07.737] [main/ERROR] [net.minecraft.world.item.crafting.RecipeManager/]: Parsing error loading recipe apocalypsenow:eletricalmachete: com.google.gson.JsonSyntaxException: Invalid or unsupported recipe type 'minecraft:smithing'
[04Mar2026 18:32:07.737] [main/INFO] [net.minecraft.world.item.crafting.RecipeManager/]: Skipping loading recipe culturaldelights:cooking/elote as it's serializer returned null
[04Mar2026 18:32:07.739] [main/INFO] [net.minecraft.world.item.crafting.RecipeManager/]: Skipping loading recipe farmerscroptopia:mynethersdelight/egg_soup as it's serializer returned null
[04Mar2026 18:32:07.741] [main/INFO] [net.minecraft.world.item.crafting.RecipeManager/]: Skipping loading recipe vintagedelight:cooking/ghostly_chili as it's serializer returned null
[04Mar2026 18:32:07.742] [main/INFO] [net.minecraft.world.item.crafting.RecipeManager/]: Skipping loading recipe veggiesdelight:cutting/garlic_clove_from_cutting as it's serializer returned null
[04Mar2026 18:32:07.742] [main/INFO] [net.minecraft.world.item.crafting.RecipeManager/]: Skipping loading recipe farmerscroptopia:nethersdelight/strider_moss_stew as it's serializer returned null
[04Mar2026 18:32:07.743] [main/INFO] [net.minecraft.world.item.crafting.RecipeManager/]: Skipping loading recipe casualness_delight:crafting_shaped/quiche_lorraine as it's serializer returned null
[04Mar2026 18:32:07.743] [main/ERROR] [net.minecraft.world.item.crafting.RecipeManager/]: Parsing error loading recipe farmerscroptopia:delightful/salmonberries_gummy: com.google.gson.JsonSyntaxException: Unknown condition type: delightful:enabled
[04Mar2026 18:32:07.744] [main/INFO] [net.minecraft.world.item.crafting.RecipeManager/]: Skipping loading recipe farmerscroptopia:endersdelight/chorus_stew as it's serializer returned null
[04Mar2026 18:32:07.749] [main/INFO] [net.minecraft.world.item.crafting.RecipeManager/]: Skipping loading recipe farmerscroptopia:seeddelight/rosehip_jam_jar as it's serializer returned null
[04Mar2026 18:32:07.756] [main/ERROR] [net.minecraft.world.item.crafting.RecipeManager/]: Parsing error loading recipe jeffs_cursed_walking_structures:brashbrush: com.google.gson.JsonSyntaxException: Unknown item 'gundurability:brass_brush'
[04Mar2026 18:32:07.756] [main/INFO] [net.minecraft.world.item.crafting.RecipeManager/]: Skipping loading recipe culturaldelights:avocado_crate as it's serializer returned null
[04Mar2026 18:32:07.757] [main/ERROR] [net.minecraft.world.item.crafting.RecipeManager/]: Parsing error loading recipe create:mixing/gunpowder_with_sugar_mixing: com.google.gson.JsonSyntaxException: Unknown item 'forge:dusts/saltpeter'
[04Mar2026 18:32:07.760] [main/INFO] [net.minecraft.world.item.crafting.RecipeManager/]: Skipping loading recipe endersdelight:cooking/pearl_pasta as it's serializer returned null
[04Mar2026 18:32:07.761] [main/INFO] [net.minecraft.world.item.crafting.RecipeManager/]: Skipping loading recipe brewinandchewin:ham_and_cheese_sandwich as it's serializer returned null
[04Mar2026 18:32:07.763] [main/INFO] [net.minecraft.world.item.crafting.RecipeManager/]: Skipping loading recipe toolbelt:pouch_upgrade_7_via_sewing as it's serializer returned null
[04Mar2026 18:32:07.763] [main/INFO] [net.minecraft.world.item.crafting.RecipeManager/]: Skipping loading recipe farmerscroptopia:veggiesdelight/lasagna_pan as it's serializer returned null
[04Mar2026 18:32:07.769] [main/INFO] [net.minecraft.world.item.crafting.RecipeManager/]: Skipping loading recipe culturaldelights:cutting/cut_pickle as it's serializer returned null
[04Mar2026 18:32:07.771] [main/INFO] [net.minecraft.world.item.crafting.RecipeManager/]: Skipping loading recipe farmersdelight:cooking/clam_bake as it's serializer returned null
[04Mar2026 18:32:07.772] [main/INFO] [net.minecraft.world.item.crafting.RecipeManager/]: Skipping loading recipe farmerscroptopia:mynethersdelight/crimson_stroganoff as it's serializer returned null
[04Mar2026 18:32:07.779] [main/INFO] [net.minecraft.world.item.crafting.RecipeManager/]: Skipping loading recipe farmerscroptopia:miners_delight/bat_soup as it's serializer returned null
[04Mar2026 18:32:07.781] [main/INFO] [net.minecraft.world.item.crafting.RecipeManager/]: Skipping loading recipe seeddelight:cooking/stir_fried_cabbage_with_acorn as it's serializer returned null
[04Mar2026 18:32:07.782] [main/INFO] [net.minecraft.world.item.crafting.RecipeManager/]: Skipping loading recipe farmerscroptopia:culturaldelights/creamed_corn as it's serializer returned null
[04Mar2026 18:32:07.792] [main/INFO] [net.minecraft.world.item.crafting.RecipeManager/]: Skipping loading recipe farmerscroptopia:vintagedelight/nut_mash_jar as it's serializer returned null
[04Mar2026 18:32:07.794] [main/INFO] [net.minecraft.world.item.crafting.RecipeManager/]: Skipping loading recipe farmerscroptopia:fruitsdelight/mangosteen_tea as it's serializer returned null
[04Mar2026 18:32:07.794] [main/INFO] [net.minecraft.world.item.crafting.RecipeManager/]: Skipping loading recipe veggiesdelight:cooking/cauliflower_kuku as it's serializer returned null
[04Mar2026 18:32:07.795] [main/INFO] [net.minecraft.world.item.crafting.RecipeManager/]: Skipping loading recipe endersdelight:cooking/ender_paella as it's serializer returned null
[04Mar2026 18:32:07.796] [main/INFO] [net.minecraft.world.item.crafting.RecipeManager/]: Skipping loading recipe seeddelight:m_milk_cherry_mouss as it's serializer returned null
[04Mar2026 18:32:07.796] [main/ERROR] [net.minecraft.world.item.crafting.RecipeManager/]: Parsing error loading recipe farmerscroptopia:delightful/cantaloupe_gummy: com.google.gson.JsonSyntaxException: Unknown condition type: delightful:enabled
[04Mar2026 18:32:07.796] [main/INFO] [net.minecraft.world.item.crafting.RecipeManager/]: Skipping loading recipe farmerscroptopia:brewinandchewin/glow_berry_marmalade as it's serializer returned null
[04Mar2026 18:32:07.797] [main/INFO] [net.minecraft.world.item.crafting.RecipeManager/]: Skipping loading recipe farmerscroptopia:fruitsdelight/sweetberry_jelly as it's serializer returned null
[04Mar2026 18:32:07.798] [main/INFO] [net.minecraft.world.item.crafting.RecipeManager/]: Skipping loading recipe dustrial_decor:mini_padded_vertical_slab_to_slab as it's serializer returned null
[04Mar2026 18:32:07.799] [main/INFO] [net.minecraft.world.item.crafting.RecipeManager/]: Skipping loading recipe farmerscroptopia:veggiesdelight/sweet_potato_pancakes as it's serializer returned null
[04Mar2026 18:32:07.799] [main/INFO] [net.minecraft.world.item.crafting.RecipeManager/]: Skipping loading recipe farmerscroptopia:fruitsdelight/lychee_chicken as it's serializer returned null
[04Mar2026 18:32:07.799] [main/INFO] [net.minecraft.world.item.crafting.RecipeManager/]: Skipping loading recipe farmerscroptopia:fruitsdelight/orange_chicken as it's serializer returned null
[04Mar2026 18:32:07.801] [main/INFO] [net.minecraft.world.item.crafting.RecipeManager/]: Skipping loading recipe oceansdelight:tentacle_on_a_stick as it's serializer returned null
[04Mar2026 18:32:07.802] [main/INFO] [net.minecraft.world.item.crafting.RecipeManager/]: Skipping loading recipe brewinandchewin:quiche_from_mushroom as it's serializer returned null
[04Mar2026 18:32:07.802] [main/INFO] [net.minecraft.world.item.crafting.RecipeManager/]: Skipping loading recipe veggiesdelight:roasted_zucchini_from_smoking as it's serializer returned null
[04Mar2026 18:32:07.804] [main/INFO] [net.minecraft.world.item.crafting.RecipeManager/]: Skipping loading recipe farmerscroptopia:veggiesdelight/mashed_potatoes as it's serializer returned null
[04Mar2026 18:32:07.804] [main/INFO] [net.minecraft.world.item.crafting.RecipeManager/]: Skipping loading recipe farmerscroptopia:veggiesdelight/potato_noodles as it's serializer returned null
[04Mar2026 18:32:07.805] [main/INFO] [net.minecraft.world.item.crafting.RecipeManager/]: Skipping loading recipe farmerscroptopia:fruitsdelight/pineapple_jelly as it's serializer returned null
[04Mar2026 18:32:07.805] [main/INFO] [net.minecraft.world.item.crafting.RecipeManager/]: Skipping loading recipe dustrial_decor:cinder_brick_vertical_slab_to_slab as it's serializer returned null
[04Mar2026 18:32:07.806] [main/INFO] [net.minecraft.world.item.crafting.RecipeManager/]: Skipping loading recipe farmerscroptopia:brewinandchewin/apple_jelly as it's serializer returned null
[04Mar2026 18:32:07.806] [main/INFO] [net.minecraft.world.item.crafting.RecipeManager/]: Skipping loading recipe farmerscroptopia:seeddelight/rosehip_tea as it's serializer returned null
[04Mar2026 18:32:07.806] [main/INFO] [net.minecraft.world.item.crafting.RecipeManager/]: Skipping loading recipe farmerscroptopia:seeddelight/pinenut_gruel as it's serializer returned null
[04Mar2026 18:32:07.812] [main/INFO] [net.minecraft.world.item.crafting.RecipeManager/]: Skipping loading recipe farmerscroptopia:fruitsdelight/hawberry_jelly as it's serializer returned null
[04Mar2026 18:32:07.814] [main/INFO] [net.minecraft.world.item.crafting.RecipeManager/]: Skipping loading recipe seeddelight:m_acorn_bread as it's serializer returned null
[04Mar2026 18:32:07.815] [main/INFO] [net.minecraft.world.item.crafting.RecipeManager/]: Skipping loading recipe farmerscroptopia:casualness_delight/phantom_dumplings as it's serializer returned null
[04Mar2026 18:32:07.816] [main/ERROR] [net.minecraft.world.item.crafting.RecipeManager/]: Parsing error loading recipe farmerscroptopia:delightful/cactus_chili: com.google.gson.JsonSyntaxException: Unknown condition type: delightful:enabled
[04Mar2026 18:32:07.816] [main/INFO] [net.minecraft.world.item.crafting.RecipeManager/]: Skipping loading recipe farmerscroptopia:nethersdelight/magma_gelatin as it's serializer returned null
[04Mar2026 18:32:07.816] [main/INFO] [net.minecraft.world.item.crafting.RecipeManager/]: Skipping loading recipe dustrial_decor:cinder_brick_vertical_slab as it's serializer returned null
[04Mar2026 18:32:07.817] [main/ERROR] [net.minecraft.world.item.crafting.RecipeManager/]: Parsing error loading recipe apocalypsenow:rockeyhelmetrecipe: com.google.gson.JsonSyntaxException: Unknown item 'apocalypsenow:officer_chestplate'
[04Mar2026 18:32:07.817] [main/INFO] [net.minecraft.world.item.crafting.RecipeManager/]: Skipping loading recipe farmerscroptopia:fruitsdelight/peach_tea as it's serializer returned null
[04Mar2026 18:32:07.817] [main/INFO] [net.minecraft.world.item.crafting.RecipeManager/]: Skipping loading recipe farmerscroptopia:culturaldelights/eggplant_parmesan as it's serializer returned null
[04Mar2026 18:32:07.817] [main/INFO] [net.minecraft.world.item.crafting.RecipeManager/]: Skipping loading recipe oceanic_delight:shrimp_roll as it's serializer returned null
[04Mar2026 18:32:07.817] [main/ERROR] [net.minecraft.world.item.crafting.RecipeManager/]: Parsing error loading recipe farmerscroptopia:delightful/nut_butter_bottle: com.google.gson.JsonSyntaxException: Unknown condition type: delightful:enabled
[04Mar2026 18:32:07.823] [main/INFO] [net.minecraft.world.item.crafting.RecipeManager/]: Skipping loading recipe farmerscroptopia:casualness_delight/fish_and_chips as it's serializer returned null
[04Mar2026 18:32:07.823] [main/INFO] [net.minecraft.world.item.crafting.RecipeManager/]: Skipping loading recipe farmerscroptopia:fruitsdelight/kiwi_jelly as it's serializer returned null
[04Mar2026 18:32:07.824] [main/INFO] [net.minecraft.world.item.crafting.RecipeManager/]: Skipping loading recipe brewinandchewin:cooking/apple_jelly as it's serializer returned null
[04Mar2026 18:32:07.824] [main/INFO] [net.minecraft.world.item.crafting.RecipeManager/]: Skipping loading recipe veggiesdelight:sweet_potato_dough_from_eggs as it's serializer returned null
[04Mar2026 18:32:07.825] [main/INFO] [net.minecraft.world.item.crafting.RecipeManager/]: Skipping loading recipe farmerscroptopia:rusticdelight/stuffed_bell_pepper_red as it's serializer returned null
[04Mar2026 18:32:07.829] [main/INFO] [net.minecraft.world.item.crafting.RecipeManager/]: Skipping loading recipe farmerscroptopia:rusticdelight/fruit_beignet as it's serializer returned null
[04Mar2026 18:32:07.831] [main/ERROR] [net.minecraft.world.item.crafting.RecipeManager/]: Parsing error loading recipe immersive_weathering:croptopia/cinnamon_leaf_pile: com.google.gson.JsonSyntaxException: Unknown item 'croptopia:cinnamon_leaves'
[04Mar2026 18:32:07.832] [main/INFO] [net.minecraft.world.item.crafting.RecipeManager/]: Skipping loading recipe farmerscroptopia:crabbersdelight/bisque as it's serializer returned null
[04Mar2026 18:32:07.832] [main/INFO] [net.minecraft.world.item.crafting.RecipeManager/]: Skipping loading recipe seeddelight:m_cherry_jam_sandwich as it's serializer returned null
[04Mar2026 18:32:07.833] [main/ERROR] [net.minecraft.world.item.crafting.RecipeManager/]: Parsing error loading recipe farmersrespite:pouring/water_cup: com.google.gson.JsonSyntaxException: Unknown item 'miners_delight:copper_cup'
[04Mar2026 18:32:07.833] [main/INFO] [net.minecraft.world.item.crafting.RecipeManager/]: Skipping loading recipe brewinandchewin:cooking/horror_lasagna as it's serializer returned null
[04Mar2026 18:32:07.834] [main/INFO] [net.minecraft.world.item.crafting.RecipeManager/]: Skipping loading recipe farmerscroptopia:oceanic_delight/glow_squid_stew as it's serializer returned null
[04Mar2026 18:32:07.834] [main/INFO] [net.minecraft.world.item.crafting.RecipeManager/]: Skipping loading recipe farmersdelight:cooking/cooked_crab as it's serializer returned null
[04Mar2026 18:32:07.835] [main/INFO] [net.minecraft.world.item.crafting.RecipeManager/]: Skipping loading recipe brewinandchewin:quiche_from_bacon as it's serializer returned null
[04Mar2026 18:32:07.835] [main/INFO] [net.minecraft.world.item.crafting.RecipeManager/]: Skipping loading recipe farmerscroptopia:rusticdelight/fried_mushrooms as it's serializer returned null
[04Mar2026 18:32:07.836] [main/INFO] [net.minecraft.world.item.crafting.RecipeManager/]: Skipping loading recipe farmerscroptopia:crabbersdelight/clam_bake as it's serializer returned null
[04Mar2026 18:32:07.837] [main/INFO] [net.minecraft.world.item.crafting.RecipeManager/]: Skipping loading recipe farmersdelight:cooking/shrimp_fried_rice as it's serializer returned null
[04Mar2026 18:32:07.837] [main/INFO] [net.minecraft.world.item.crafting.RecipeManager/]: Skipping loading recipe dustrial_decor:cast_iron_brick_vertical_slab_to_slab as it's serializer returned null
[04Mar2026 18:32:07.838] [main/INFO] [net.minecraft.world.item.crafting.RecipeManager/]: Skipping loading recipe culturaldelights:cooking/poached_eggplants as it's serializer returned null
[04Mar2026 18:32:07.839] [main/INFO] [net.minecraft.world.item.crafting.RecipeManager/]: Skipping loading recipe seeddelight:cooking/cherry_pork as it's serializer returned null
[04Mar2026 18:32:07.841] [main/ERROR] [net.minecraft.world.item.crafting.RecipeManager/]: Parsing error loading recipe apocalypsenow:eletricalbaseballbat: com.google.gson.JsonSyntaxException: Invalid or unsupported recipe type 'minecraft:smithing'
[04Mar2026 18:32:07.842] [main/INFO] [net.minecraft.world.item.crafting.RecipeManager/]: Skipping loading recipe crabbersdelight:surf_and_turf as it's serializer returned null
[04Mar2026 18:32:07.847] [main/INFO] [net.minecraft.world.item.crafting.RecipeManager/]: Skipping loading recipe oceanic_delight:shrimp_stew as it's serializer returned null
[04Mar2026 18:32:07.848] [main/INFO] [net.minecraft.world.item.crafting.RecipeManager/]: Skipping loading recipe farmersdelight:cooking/jar_of_pickles as it's serializer returned null
[04Mar2026 18:32:07.848] [main/INFO] [net.minecraft.world.item.crafting.RecipeManager/]: Skipping loading recipe farmerscroptopia:mynethersdelight/strider_stew as it's serializer returned null
[04Mar2026 18:32:07.853] [main/INFO] [net.minecraft.world.item.crafting.RecipeManager/]: Skipping loading recipe farmerscroptopia:moredelight/cooked_rice_with_chicken_cuts as it's serializer returned null
[04Mar2026 18:32:07.854] [main/INFO] [net.minecraft.world.item.crafting.RecipeManager/]: Skipping loading recipe farmerscroptopia:veggiesdelight/stuffed_bellpeppers as it's serializer returned null
[04Mar2026 18:32:07.854] [main/INFO] [net.minecraft.world.item.crafting.RecipeManager/]: Skipping loading recipe farmerscroptopia:miners_delight/glow_ink_pasta as it's serializer returned null
[04Mar2026 18:32:07.854] [main/INFO] [net.minecraft.world.item.crafting.RecipeManager/]: Skipping loading recipe farmerscroptopia:seeddelight/cherry_wine as it's serializer returned null
[04Mar2026 18:32:07.855] [main/INFO] [net.minecraft.world.item.crafting.RecipeManager/]: Skipping loading recipe farmerscroptopia:mynethersdelight/fries_ghasta as it's serializer returned null
[04Mar2026 18:32:07.855] [main/INFO] [net.minecraft.world.item.crafting.RecipeManager/]: Skipping loading recipe farmerscroptopia:veggiesdelight/turnip_cake as it's serializer returned null
[04Mar2026 18:32:07.855] [main/INFO] [net.minecraft.world.item.crafting.RecipeManager/]: Skipping loading recipe farmersdelight:cutting/clam as it's serializer returned null
[04Mar2026 18:32:07.860] [main/INFO] [net.minecraft.world.item.crafting.RecipeManager/]: Skipping loading recipe farmerscroptopia:fruitsdelight/hawberry_tea as it's serializer returned null
[04Mar2026 18:32:07.860] [main/INFO] [net.minecraft.world.item.crafting.RecipeManager/]: Skipping loading recipe farmerscroptopia:brewinandchewin/scarlet_pierogi as it's serializer returned null
[04Mar2026 18:32:07.861] [main/INFO] [net.minecraft.world.item.crafting.RecipeManager/]: Skipping loading recipe farmerscroptopia:oceanic_delight/fried_shrimp as it's serializer returned null
[04Mar2026 18:32:07.862] [main/INFO] [net.minecraft.world.item.crafting.RecipeManager/]: Skipping loading recipe farmerscroptopia:veggiesdelight/turnip_beef_stew as it's serializer returned null
[04Mar2026 18:32:07.863] [main/INFO] [net.minecraft.world.item.crafting.RecipeManager/]: Skipping loading recipe farmerscroptopia:fruitsdelight/lemon_tart as it's serializer returned null
[04Mar2026 18:32:07.873] [main/INFO] [net.minecraft.world.item.crafting.RecipeManager/]: Skipping loading recipe farmerscroptopia:oceanic_delight/shrimp_stew as it's serializer returned null
[04Mar2026 18:32:07.873] [main/INFO] [net.minecraft.world.item.crafting.RecipeManager/]: Skipping loading recipe farmerscroptopia:oceanic_delight/paella_plate as it's serializer returned null
[04Mar2026 18:32:07.874] [main/INFO] [net.minecraft.world.item.crafting.RecipeManager/]: Skipping loading recipe farmerscroptopia:seeddelight/pinenut_with_meatballs as it's serializer returned null
[04Mar2026 18:32:07.874] [main/INFO] [net.minecraft.world.item.crafting.RecipeManager/]: Skipping loading recipe farmerscroptopia:veggiesdelight/potato_noodle as it's serializer returned null
[04Mar2026 18:32:07.877] [main/INFO] [net.minecraft.world.item.crafting.RecipeManager/]: Skipping loading recipe fruitsdelight:pineapple_cutting as it's serializer returned null
[04Mar2026 18:32:07.877] [main/INFO] [net.minecraft.world.item.crafting.RecipeManager/]: Skipping loading recipe farmersdelight:cooking/bisque as it's serializer returned null
[04Mar2026 18:32:07.878] [main/INFO] [net.minecraft.world.item.crafting.RecipeManager/]: Skipping loading recipe farmerscroptopia:moredelight/potato_salad as it's serializer returned null
[04Mar2026 18:32:07.879] [main/INFO] [net.minecraft.world.item.crafting.RecipeManager/]: Skipping loading recipe toolbelt:pouch_upgrade_5_via_sewing as it's serializer returned null
[04Mar2026 18:32:07.879] [main/INFO] [net.minecraft.world.item.crafting.RecipeManager/]: Skipping loading recipe farmerscroptopia:oceanic_delight/fish_egg_noodle_soup as it's serializer returned null
[04Mar2026 18:32:07.881] [main/INFO] [net.minecraft.world.item.crafting.RecipeManager/]: Skipping loading recipe miners_delight:cooking/stuffed_squid as it's serializer returned null
[04Mar2026 18:32:07.881] [main/INFO] [net.minecraft.world.item.crafting.RecipeManager/]: Skipping loading recipe farmerscroptopia:fruitsdelight/lemon_jelly as it's serializer returned null
[04Mar2026 18:32:07.882] [main/INFO] [net.minecraft.world.item.crafting.RecipeManager/]: Skipping loading recipe farmerscroptopia:seeddelight/seed_tart as it's serializer returned null
[04Mar2026 18:32:07.886] [main/INFO] [net.minecraft.world.item.crafting.RecipeManager/]: Skipping loading recipe farmerscroptopia:fruitsdelight/mango_jelly as it's serializer returned null
[04Mar2026 18:32:07.891] [main/ERROR] [net.minecraft.world.item.crafting.RecipeManager/]: Parsing error loading recipe farmerscroptopia:delightful/sinigang: com.google.gson.JsonSyntaxException: Unknown condition type: delightful:enabled
[04Mar2026 18:32:07.893] [main/INFO] [net.minecraft.world.item.crafting.RecipeManager/]: Skipping loading recipe farmerscroptopia:brewinandchewin/creamy_onion_soup as it's serializer returned null
[04Mar2026 18:32:07.893] [main/INFO] [net.minecraft.world.item.crafting.RecipeManager/]: Skipping loading recipe farmerscroptopia:fruitsdelight/orange_jelly as it's serializer returned null
[04Mar2026 18:32:07.893] [main/INFO] [net.minecraft.world.item.crafting.RecipeManager/]: Skipping loading recipe culturaldelights:beef_burrito as it's serializer returned null
[04Mar2026 18:32:07.893] [main/INFO] [net.minecraft.world.item.crafting.RecipeManager/]: Skipping loading recipe farmersdelight:cooking/clam_chowder as it's serializer returned null
[04Mar2026 18:32:07.893] [main/INFO] [net.minecraft.world.item.crafting.RecipeManager/]: Skipping loading recipe dustrial_decor:rusty_sheet_metal_treading_vertical_slab_to_slab as it's serializer returned null
[04Mar2026 18:32:07.894] [main/INFO] [net.minecraft.world.item.crafting.RecipeManager/]: Skipping loading recipe toolbelt:belt_via_sewing as it's serializer returned null
[04Mar2026 18:32:07.895] [main/INFO] [net.minecraft.world.item.crafting.RecipeManager/]: Skipping loading recipe culturaldelights:cooking/raw_pasta as it's serializer returned null
[04Mar2026 18:32:07.895] [main/INFO] [net.minecraft.world.item.crafting.RecipeManager/]: Skipping loading recipe farmerscroptopia:fruitsdelight/blueberry_custard as it's serializer returned null
[04Mar2026 18:32:07.896] [main/INFO] [net.minecraft.world.item.crafting.RecipeManager/]: Skipping loading recipe farmerscroptopia:fruitsdelight/lychee_cherry_tea as it's serializer returned null
[04Mar2026 18:32:07.896] [main/INFO] [net.minecraft.world.item.crafting.RecipeManager/]: Skipping loading recipe culturaldelights:pork_wrap as it's serializer returned null
[04Mar2026 18:32:07.897] [main/INFO] [net.minecraft.world.item.crafting.RecipeManager/]: Skipping loading recipe farmerscroptopia:seeddelight/cherry_pork as it's serializer returned null
[04Mar2026 18:32:07.899] [main/INFO] [net.minecraft.world.item.crafting.RecipeManager/]: Skipping loading recipe farmerscroptopia:vintagedelight/cheese_curds as it's serializer returned null
[04Mar2026 18:32:07.899] [main/INFO] [net.minecraft.world.item.crafting.RecipeManager/]: Skipping loading recipe farmerscroptopia:fruitsdelight/mango_milkshake as it's serializer returned null
[04Mar2026 18:32:07.899] [main/INFO] [net.minecraft.world.item.crafting.RecipeManager/]: Skipping loading recipe farmerscroptopia:fruitsdelight/fig_chicken_stew as it's serializer returned null
[04Mar2026 18:32:07.901] [main/INFO] [net.minecraft.world.item.crafting.RecipeManager/]: Skipping loading recipe dustrial_decor:smooth_cardboard_vertical_slab as it's serializer returned null
[04Mar2026 18:32:07.902] [main/INFO] [net.minecraft.world.item.crafting.RecipeManager/]: Skipping loading recipe moredelight:cooking/cooked_rice_with_chicken_cuts as it's serializer returned null
[04Mar2026 18:32:07.903] [main/INFO] [net.minecraft.world.item.crafting.RecipeManager/]: Skipping loading recipe vintagedelight:fermenting/pickled_onion_from_fermenting as it's serializer returned null
[04Mar2026 18:32:07.903] [main/INFO] [net.minecraft.world.item.crafting.RecipeManager/]: Skipping loading recipe farmerscroptopia:casualness_delight/beef_noodles as it's serializer returned null
[04Mar2026 18:32:07.903] [main/INFO] [net.minecraft.world.item.crafting.RecipeManager/]: Skipping loading recipe farmerscroptopia:fruitsdelight/bayberry_soup as it's serializer returned null
[04Mar2026 18:32:07.903] [main/INFO] [net.minecraft.world.item.crafting.RecipeManager/]: Skipping loading recipe farmerscroptopia:vintagedelight/pad_thai as it's serializer returned null
[04Mar2026 18:32:07.904] [main/INFO] [net.minecraft.world.item.crafting.RecipeManager/]: Skipping loading recipe farmerscroptopia:moredelight/diced_potatoes_with_beef as it's serializer returned null
[04Mar2026 18:32:07.905] [main/INFO] [net.minecraft.world.item.crafting.RecipeManager/]: Skipping loading recipe seeddelight:cooking/cherry_jam_jar as it's serializer returned null
[04Mar2026 18:32:07.906] [main/INFO] [net.minecraft.world.item.crafting.RecipeManager/]: Skipping loading recipe rusticdelight:coffee_braised_beef as it's serializer returned null
[04Mar2026 18:32:07.906] [main/INFO] [net.minecraft.world.item.crafting.RecipeManager/]: Skipping loading recipe veggiesdelight:roasted_zucchini_from_smelting as it's serializer returned null
[04Mar2026 18:32:07.906] [main/INFO] [net.minecraft.world.item.crafting.RecipeManager/]: Skipping loading recipe culturaldelights:hearty_salad as it's serializer returned null
[04Mar2026 18:32:07.907] [main/INFO] [net.minecraft.world.item.crafting.RecipeManager/]: Skipping loading recipe miners_delight:cooking/glow_ink_pasta as it's serializer returned null
[04Mar2026 18:32:07.907] [main/INFO] [net.minecraft.world.item.crafting.RecipeManager/]: Skipping loading recipe farmerscroptopia:endersdelight/endermite_stew as it's serializer returned null
[04Mar2026 18:32:07.907] [main/INFO] [net.minecraft.world.item.crafting.RecipeManager/]: Skipping loading recipe farmerscroptopia:casualness_delight/paper_wrapped_fish as it's serializer returned null
[04Mar2026 18:32:07.908] [main/INFO] [net.minecraft.world.item.crafting.RecipeManager/]: Skipping loading recipe toolbelt:pouch_upgrade_2_via_sewing as it's serializer returned null
[04Mar2026 18:32:07.908] [main/INFO] [net.minecraft.world.item.crafting.RecipeManager/]: Skipping loading recipe farmerscroptopia:fruitsdelight/pear_with_rock_sugar as it's serializer returned null
[04Mar2026 18:32:07.908] [main/INFO] [net.minecraft.world.item.crafting.RecipeManager/]: Skipping loading recipe farmerscroptopia:moredelight/mashed_potatoes as it's serializer returned null
[04Mar2026 18:32:07.910] [main/INFO] [net.minecraft.world.item.crafting.RecipeManager/]: Skipping loading recipe farmerscroptopia:brewinandchewin/vegetable_omelet as it's serializer returned null
[04Mar2026 18:32:07.916] [main/INFO] [net.minecraft.world.item.crafting.RecipeManager/]: Skipping loading recipe farmerscroptopia:mynethersdelight/twisted_ghasta as it's serializer returned null
[04Mar2026 18:32:07.916] [main/INFO] [net.minecraft.world.item.crafting.RecipeManager/]: Skipping loading recipe farmerscroptopia:fruitsdelight/cranberry_jelly as it's serializer returned null
[04Mar2026 18:32:07.916] [main/INFO] [net.minecraft.world.item.crafting.RecipeManager/]: Skipping loading recipe farmerscroptopia:fruitsdelight/durian_jelly as it's serializer returned null
[04Mar2026 18:32:07.917] [main/INFO] [net.minecraft.world.item.crafting.RecipeManager/]: Skipping loading recipe dustrial_decor:bolted_industrial_iron_vertical_slab_to_slab as it's serializer returned null
[04Mar2026 18:32:07.917] [main/INFO] [net.minecraft.world.item.crafting.RecipeManager/]: Skipping loading recipe culturaldelights:avocado_pit as it's serializer returned null
[04Mar2026 18:32:07.922] [main/INFO] [net.minecraft.world.item.crafting.RecipeManager/]: Skipping loading recipe dustrial_decor:mini_padded_vertical_slab as it's serializer returned null
[04Mar2026 18:32:07.922] [main/INFO] [net.minecraft.world.item.crafting.RecipeManager/]: Skipping loading recipe culturaldelights:fermenting/pickle as it's serializer returned null
[04Mar2026 18:32:07.926] [main/INFO] [net.minecraft.world.item.crafting.RecipeManager/]: Skipping loading recipe dustrial_decor:sheet_metal_plating_vertical_slab as it's serializer returned null
[04Mar2026 18:32:07.932] [main/INFO] [net.minecraft.world.item.crafting.RecipeManager/]: Skipping loading recipe culturaldelights:tortilla_chips as it's serializer returned null
[04Mar2026 18:32:07.933] [main/INFO] [net.minecraft.world.item.crafting.RecipeManager/]: Skipping loading recipe farmerscroptopia:fruitsdelight/hamimelon_jelly as it's serializer returned null
[04Mar2026 18:32:07.934] [main/INFO] [net.minecraft.world.item.crafting.RecipeManager/]: Skipping loading recipe farmersdelight:cooking/seafood_gumbo as it's serializer returned null
[04Mar2026 18:32:07.935] [main/INFO] [net.minecraft.world.item.crafting.RecipeManager/]: Skipping loading recipe farmerscroptopia:vintagedelight/ghostly_chili as it's serializer returned null
[04Mar2026 18:32:07.936] [main/INFO] [net.minecraft.world.item.crafting.RecipeManager/]: Skipping loading recipe farmerscroptopia:endersdelight/pearl_pasta as it's serializer returned null
[04Mar2026 18:32:07.943] [main/INFO] [net.minecraft.world.item.crafting.RecipeManager/]: Loaded 100 recipes
[04Mar2026 18:32:07.989] [main/ERROR] [net.minecraft.server.ServerAdvancementManager/]: Parsing error loading custom advancement farmersrespite:main/stunt_tea_bush: Invalid criterion trigger: farmersrespite:stunt_tea_bush
[04Mar2026 18:32:08.016] [main/ERROR] [net.minecraft.server.ServerAdvancementManager/]: Parsing error loading custom advancement largemeals:recipes/cooking/omurice_block: Unknown item id 'farmersdelight:chicken_cut'
[04Mar2026 18:32:08.039] [main/ERROR] [net.minecraft.server.ServerAdvancementManager/]: Parsing error loading custom advancement largemeals:recipes/cooking/chicken_curry: Unknown item id 'farmersdelight:chicken_cut'
[04Mar2026 18:32:08.066] [main/ERROR] [net.minecraft.server.ServerAdvancementManager/]: Parsing error loading custom advancement largemeals:recipes/cooking/mushroom_pot_pie_block: Unknown item id 'farmersdelight:chicken_cut'
[04Mar2026 18:32:08.163] [main/INFO] [net.minecraft.advancements.AdvancementList/]: Loaded 12120 advancements
[04Mar2026 18:32:08.177] [main/INFO] [placebo/]: Registered 0 additional recipes.
[04Mar2026 18:32:08.188] [main/ERROR] [com.ferreusveritas.dynamictrees.api.resource.loading.preparation.JsonRegistryResourceLoader/]: Error whilst loading type "LeavesProperties" with name "dtru:willow": [cell_kit] Could not find CellKit for registry name 'dtru:willow'.
[04Mar2026 18:32:08.287] [main/ERROR] [com.ferreusveritas.dynamictrees.api.resource.loading.preparation.JsonRegistryResourceLoader/]: Error whilst loading type "Species" with name "dtru:oak_poplar": [growth_logic_kit] Growth Logic Kit couldn't be found from input ""dtru:poplar"".
[04Mar2026 18:32:08.287] [main/ERROR] [com.ferreusveritas.dynamictrees.api.resource.loading.preparation.JsonRegistryResourceLoader/]: Error whilst loading type "Species" with name "dtru:mega_mauve": [growth_logic_kit] Growth Logic Kit couldn't be found from input "{"name":"dtru:mauve","properties":{"canopy_energy":18.5,"height_variation":5,"bottom_branch_side_energy":6.5}}".
[04Mar2026 18:32:08.289] [main/WARN] [com.ferreusveritas.dynamictrees.api.resource.loading.preparation.JsonRegistryResourceLoader/]: Warning whilst loading type "Species" with name "dtru:green_bioshroom": [features] Gen Feature couldn't be found from input "{"name":"dtru:glowing_green_bioshroom","properties":{"block":"regions_unexplored:glowing_green_bioshroom_block"}}".
[04Mar2026 18:32:08.297] [main/WARN] [com.ferreusveritas.dynamictrees.resources.loader.SpeciesResourceLoader/]: Could not set mega species for 'Species{registryName=dynamictrees:dark_oak}' as Species 'dtru:mega_dark_oak' was not found.
[04Mar2026 18:32:08.298] [main/WARN] [com.ferreusveritas.dynamictrees.resources.loader.SpeciesResourceLoader/]: Could not set mega species for 'Species{registryName=dtru:tall_pine}' as Species 'dtru:mega_pine' was not found.
[04Mar2026 18:32:08.298] [main/WARN] [com.ferreusveritas.dynamictrees.resources.loader.SpeciesResourceLoader/]: Could not set mega species for 'Species{registryName=dtru:pine}' as Species 'dtru:mega_pine' was not found.
[04Mar2026 18:32:08.298] [main/WARN] [com.ferreusveritas.dynamictrees.resources.loader.SpeciesResourceLoader/]: Could not set mega species for 'Species{registryName=dtru:brimwood}' as Species 'dtru:mega_brimwood' was not found.
[04Mar2026 18:32:08.469] [main/INFO] [sfiomn.legendarysurvivaloverhaul.LegendarySurvivalOverhaul/]: Loaded 44 temperature consumables
[04Mar2026 18:32:08.472] [main/INFO] [sfiomn.legendarysurvivaloverhaul.LegendarySurvivalOverhaul/]: Loaded 0 temperature consumable blocks
[04Mar2026 18:32:08.475] [main/INFO] [sfiomn.legendarysurvivaloverhaul.LegendarySurvivalOverhaul/]: Loaded 26 temperature blocks
[04Mar2026 18:32:08.477] [main/INFO] [sfiomn.legendarysurvivaloverhaul.LegendarySurvivalOverhaul/]: Loaded 47 temperature items
[04Mar2026 18:32:08.480] [main/INFO] [sfiomn.legendarysurvivaloverhaul.LegendarySurvivalOverhaul/]: Loaded 7 temperature biomes
[04Mar2026 18:32:08.480] [main/INFO] [sfiomn.legendarysurvivaloverhaul.LegendarySurvivalOverhaul/]: Loaded 8 temperature fuel items
[04Mar2026 18:32:08.482] [main/INFO] [sfiomn.legendarysurvivaloverhaul.LegendarySurvivalOverhaul/]: Loaded 3 temperature dimensions
[04Mar2026 18:32:08.483] [main/INFO] [sfiomn.legendarysurvivaloverhaul.LegendarySurvivalOverhaul/]: Loaded 1 temperature mounts
[04Mar2026 18:32:08.483] [main/INFO] [sfiomn.legendarysurvivaloverhaul.LegendarySurvivalOverhaul/]: Loaded 0 temperature origins
[04Mar2026 18:32:08.487] [main/INFO] [sfiomn.legendarysurvivaloverhaul.LegendarySurvivalOverhaul/]: Loaded 86 thirst consumables
[04Mar2026 18:32:08.490] [main/INFO] [sfiomn.legendarysurvivaloverhaul.LegendarySurvivalOverhaul/]: Loaded 4 thirst blocks
[04Mar2026 18:32:08.492] [main/INFO] [sfiomn.legendarysurvivaloverhaul.LegendarySurvivalOverhaul/]: Loaded 22 body parts damage sources
[04Mar2026 18:32:08.494] [main/INFO] [sfiomn.legendarysurvivaloverhaul.LegendarySurvivalOverhaul/]: Loaded 14 body healing consumables
[04Mar2026 18:32:08.496] [main/INFO] [sfiomn.legendarysurvivaloverhaul.LegendarySurvivalOverhaul/]: Loaded 4 body part resistance items
[04Mar2026 18:32:08.501] [main/INFO] [top.theillusivec4.curios.Curios/]: Loaded 13 curio slots
[04Mar2026 18:32:08.505] [main/INFO] [top.theillusivec4.curios.Curios/]: Loaded 1 curio entities
[04Mar2026 18:32:08.709] [main/INFO] [hordes/]: Loaded entity minecraft:zombie as entity.minecraft.zombie with weight 35, min day 0 and max day 20
[04Mar2026 18:32:08.711] [main/INFO] [hordes/]: Loaded entity minecraft:zombie_villager as entity.minecraft.zombie_villager with weight 1, min day 0 and max day 20
[04Mar2026 18:32:08.711] [main/INFO] [hordes/]: Loaded entity minecraft:zombie_horse as entity.minecraft.zombie_horse with weight 3, min day 20 and max day 40
[04Mar2026 18:32:08.712] [main/INFO] [hordes/]: Loaded entity minecraft:husk as entity.minecraft.husk with weight 40, min day 20 and max day 40
[04Mar2026 18:32:08.713] [main/INFO] [hordes/]: Loaded entity minecraft:drowned as entity.minecraft.drowned with weight 3, min day 30 and max day 40
[04Mar2026 18:32:08.713] [main/INFO] [hordes/]: Loaded entity minecraft:zoglin as entity.minecraft.zoglin with weight 3, min day 40 and max day 40
[04Mar2026 18:32:08.714] [main/INFO] [hordes/]: Loaded entity minecraft:zombified_piglin as entity.minecraft.zombified_piglin with weight 10, min day 40 and max day 0
[04Mar2026 18:32:08.714] [main/INFO] [hordes/]: Loaded entity minecraft:husk as entity.minecraft.husk with weight 25, min day 50 and max day 0
[04Mar2026 18:32:08.714] [main/INFO] [hordes/]: Loaded entity minecraft:zoglin as entity.minecraft.zoglin with weight 3, min day 50 and max day 0
[04Mar2026 18:32:08.715] [main/INFO] [hordes/]: Loaded entity minecraft:zombie_horse as entity.minecraft.zombie_horse with weight 3, min day 50 and max day 0
[04Mar2026 18:32:08.715] [main/INFO] [hordes/]: loaded horde table hordes:default
[04Mar2026 18:32:08.716] [main/INFO] [hordes/]: Loaded entity minecraft:drowned as entity.minecraft.drowned with weight 40, min day 0 and max day 20
[04Mar2026 18:32:08.716] [main/INFO] [hordes/]: Loaded entity minecraft:drowned as entity.minecraft.drowned with weight 3, min day 30 and max day 40
[04Mar2026 18:32:08.716] [main/INFO] [hordes/]: loaded horde table hordes:drowned
[04Mar2026 18:32:08.717] [main/INFO] [hordes/]: Loaded entity minecraft:zombie as entity.minecraft.zombie with weight 20, min day 0 and max day 20
[04Mar2026 18:32:08.717] [main/INFO] [hordes/]: Loaded entity minecraft:skeleton as entity.minecraft.skeleton with weight 10, min day 20 and max day 30
[04Mar2026 18:32:08.717] [main/INFO] [hordes/]: Loaded entity minecraft:spider as entity.minecraft.spider with weight 15, min day 20 and max day 30
[04Mar2026 18:32:08.717] [main/INFO] [hordes/]: Loaded entity minecraft:creeper as entity.minecraft.creeper with weight 5, min day 30 and max day 30
[04Mar2026 18:32:08.718] [main/INFO] [hordes/]: Loaded entity minecraft:husk as entity.minecraft.husk with weight 20, min day 30 and max day 50
[04Mar2026 18:32:08.718] [main/INFO] [hordes/]: Loaded entity minecraft:stray as entity.minecraft.stray with weight 10, min day 40 and max day 50
[04Mar2026 18:32:08.719] [main/INFO] [hordes/]: Loaded entity minecraft:cave_spider as entity.minecraft.cave_spider with weight 10, min day 40 and max day 50
[04Mar2026 18:32:08.719] [main/INFO] [hordes/]: Loaded entity minecraft:witch as entity.minecraft.witch with weight 5, min day 40 and max day 50
[04Mar2026 18:32:08.719] [main/INFO] [hordes/]: Loaded entity minecraft:pillager as entity.minecraft.pillager with weight 10, min day 40 and max day 50
[04Mar2026 18:32:08.719] [main/INFO] [hordes/]: Loaded entity minecraft:zombified_piglin as entity.minecraft.zombified_piglin with weight 10, min day 40 and max day 50
[04Mar2026 18:32:08.721] [main/INFO] [hordes/]: Loaded entity minecraft:zombie_horse as entity.minecraft.zombie_horse with weight 3, min day 40 and max day 50
[04Mar2026 18:32:08.721] [main/INFO] [hordes/]: Loaded entity minecraft:wither_skeleton as entity.minecraft.wither_skeleton with weight 10, min day 50 and max day 0
[04Mar2026 18:32:08.722] [main/INFO] [hordes/]: Loaded entity minecraft:phantom as entity.minecraft.phantom with weight 5, min day 50 and max day 50
[04Mar2026 18:32:08.722] [main/INFO] [hordes/]: Loaded entity minecraft:vindicator as entity.minecraft.vindicator with weight 10, min day 50 and max day 50
[04Mar2026 18:32:08.723] [main/INFO] [hordes/]: Loaded entity minecraft:zoglin as entity.minecraft.zoglin with weight 5, min day 40 and max day 40
[04Mar2026 18:32:08.723] [main/INFO] [hordes/]: Loaded entity minecraft:ravager as entity.minecraft.ravager with weight 5, min day 50 and max day 50
[04Mar2026 18:32:08.723] [main/INFO] [hordes/]: Loaded entity minecraft:evoker as entity.minecraft.evoker with weight 5, min day 50 and max day 50
[04Mar2026 18:32:08.724] [main/INFO] [hordes/]: Loaded entity minecraft:piglin_brute as entity.minecraft.piglin_brute with weight 10, min day 60 and max day 0
[04Mar2026 18:32:08.724] [main/INFO] [hordes/]: Loaded entity minecraft:cave_spider as entity.minecraft.cave_spider with weight 15, min day 60 and max day 0
[04Mar2026 18:32:08.725] [main/INFO] [hordes/]: Loaded entity minecraft:zombie_horse as entity.minecraft.zombie_horse with weight 5, min day 60 and max day 0
[04Mar2026 18:32:08.725] [main/INFO] [hordes/]: Loaded entity minecraft:ravager as entity.minecraft.ravager with weight 3, min day 60 and max day 0
[04Mar2026 18:32:08.726] [main/INFO] [hordes/]: Loaded entity minecraft:phantom as entity.minecraft.phantom with weight 3, min day 60 and max day 0
[04Mar2026 18:32:08.726] [main/INFO] [hordes/]: loaded horde table hordes:mixed_mobs
[04Mar2026 18:32:08.726] [main/INFO] [hordes/]: Loaded entity minecraft:pillager as entity.minecraft.pillager with weight 15, min day 0 and max day 0
[04Mar2026 18:32:08.727] [main/INFO] [hordes/]: Loaded entity minecraft:vindicator as entity.minecraft.vindicator with weight 10, min day 0 and max day 0
[04Mar2026 18:32:08.727] [main/INFO] [hordes/]: Loaded entity minecraft:witch as entity.minecraft.witch with weight 5, min day 20 and max day 0
[04Mar2026 18:32:08.727] [main/INFO] [hordes/]: Loaded entity minecraft:ravager as entity.minecraft.ravager with weight 5, min day 30 and max day 40
[04Mar2026 18:32:08.727] [main/INFO] [hordes/]: Loaded entity minecraft:evoker as entity.minecraft.evoker with weight 3, min day 40 and max day 40
[04Mar2026 18:32:08.728] [main/INFO] [hordes/]: Loaded entity minecraft:illusioner as entity.minecraft.illusioner with weight 5, min day 50 and max day 0
[04Mar2026 18:32:08.728] [main/INFO] [hordes/]: Loaded entity minecraft:ravager as entity.minecraft.ravager with weight 3, min day 50 and max day 0
[04Mar2026 18:32:08.730] [main/INFO] [hordes/]: Loaded entity minecraft:ravager as entity.minecraft.ravager with weight 5, min day 50 and max day 0
[04Mar2026 18:32:08.730] [main/INFO] [hordes/]: loaded horde table hordes:illagers
[04Mar2026 18:32:08.730] [main/INFO] [hordes/]: Loaded entity minecraft:skeleton as entity.minecraft.skeleton with weight 10, min day 0 and max day 20
[04Mar2026 18:32:08.731] [main/INFO] [hordes/]: Loaded entity minecraft:skeleton as entity.minecraft.skeleton with weight 20, min day 0 and max day 30
[04Mar2026 18:32:08.731] [main/INFO] [hordes/]: Loaded entity minecraft:skeleton_horse as entity.minecraft.skeleton_horse with weight 5, min day 20 and max day 50
[04Mar2026 18:32:08.731] [main/INFO] [hordes/]: Loaded entity minecraft:stray as entity.minecraft.stray with weight 10, min day 20 and max day 0
[04Mar2026 18:32:08.732] [main/INFO] [hordes/]: Loaded entity minecraft:wither_skeleton as entity.minecraft.wither_skeleton with weight 10, min day 40 and max day 0
[04Mar2026 18:32:08.732] [main/INFO] [hordes/]: Loaded entity minecraft:skeleton_horse as entity.minecraft.skeleton_horse with weight 5, min day 40 and max day 0
[04Mar2026 18:32:08.732] [main/INFO] [hordes/]: loaded horde table hordes:skeletons
[04Mar2026 18:32:08.733] [main/INFO] [hordes/]: Loaded entity minecraft:zombie as entity.minecraft.zombie with weight 30, min day 0 and max day 0
[04Mar2026 18:32:08.733] [main/INFO] [hordes/]: loaded horde table hordes:fallback
[04Mar2026 18:32:08.737] [main/INFO] [hordes/]: loaded horde script hordes:default
[04Mar2026 18:32:08.739] [main/INFO] [placebo/]: Registered 0 gear_sets.
[04Mar2026 18:32:08.743] [main/INFO] [hordes/]: Loading conversion tables
[04Mar2026 18:32:08.744] [main/INFO] [hordes/]: Loading conversion table hordes:infection_conversions
[04Mar2026 18:32:08.748] [main/INFO] [hordes/]: Loaded conversion entity.minecraft.horse to entity.minecraft.zombie_horse with chance of 0.65
[04Mar2026 18:32:08.749] [main/INFO] [hordes/]: Loaded conversion entity.minecraft.piglin to entity.minecraft.zombified_piglin with chance of 0.75
[04Mar2026 18:32:08.749] [main/INFO] [hordes/]: Loaded conversion entity.minecraft.piglin_brute to entity.minecraft.zombified_piglin{Attributes:[{Base:50.0f,Name:"generic.max_health"}],chat_name:"entity.hordes.ZombifiedPiglinBrute.name",texture:"hordes:textures/entity/zombified_piglin_brute.png"} with chance of 0.35
[04Mar2026 18:32:08.749] [main/INFO] [hordes/]: Loaded conversion entity.minecraft.hoglin to entity.minecraft.zoglin with chance of 0.15
[04Mar2026 18:32:08.751] [main/INFO] [hordes/]: Loaded conversion entity.minecraft.wandering_trader to entity.minecraft.zombie_villager{VillagerData:{type:"none"},chat_name:"entity.hordes.ZombieWanderingTrader.name",texture:"hordes:textures/entity/zombie_wandering_trader.png"} with chance of 0.75
[04Mar2026 18:32:08.751] [main/INFO] [hordes/]: Loaded conversion entity.minecraft.pillager to entity.minecraft.zombie_villager{Attributes:[{Base:24.0f,Name:"generic.max_health"}],VillagerData:{type:"none"},chat_name:"entity.hordes.ZombiePillager.name",texture:"hordes:textures/entity/zombie_pillager.png"} with chance of 0.75
[04Mar2026 18:32:08.751] [main/INFO] [hordes/]: Loaded conversion entity.minecraft.vindicator to entity.minecraft.zombie_villager{Attributes:[{Base:24.0f,Name:"generic.max_health"}],VillagerData:{type:"none"},chat_name:"entity.hordes.ZombieVindicator.name",texture:"hordes:textures/entity/zombie_vindicator.png"} with chance of 0.35
[04Mar2026 18:32:08.751] [main/INFO] [hordes/]: Loaded conversion entity.minecraft.evoker to entity.minecraft.zombie_villager{Attributes:[{Base:24.0f,Name:"generic.max_health"}],VillagerData:{type:"none"},chat_name:"entity.hordes.ZombieEvoker.name",texture:"hordes:textures/entity/zombie_evoker.png"} with chance of 0.5
[04Mar2026 18:32:08.752] [main/INFO] [hordes/]: Loaded conversion entity.minecraft.illusioner to entity.minecraft.zombie_villager{Attributes:[{Base:32.0f,Name:"generic.max_health"}],VillagerData:{type:"none"},chat_name:"entity.hordes.ZombieIllusioner.name",texture:"hordes:textures/entity/zombie_illusioner.png"} with chance of 0.15
[04Mar2026 18:32:08.752] [main/INFO] [hordes/]: Loaded conversion entity.minecraft.witch to entity.minecraft.zombie_villager{Attributes:[{Base:26.0f,Name:"generic.max_health"}],VillagerData:{type:"none"},chat_name:"entity.hordes.ZombieWitch.name",texture:"hordes:textures/entity/zombie_witch.png"} with chance of 0.25
[04Mar2026 18:32:08.753] [main/INFO] [hordes/]: Loading immunity item list
[04Mar2026 18:32:08.753] [main/INFO] [hordes/]: Loading immunity item list hordes:immunity_items
[04Mar2026 18:32:08.754] [main/INFO] [hordes/]: Loaded immunity item minecraft:enchanted_golden_apple with duration 150
[04Mar2026 18:32:08.754] [main/INFO] [hordes/]: Loading wearables protection list
[04Mar2026 18:32:08.754] [main/INFO] [hordes/]: Loading wearables protection list hordes:immune_wearables
[04Mar2026 18:32:08.755] [main/INFO] [hordes/]: Loaded wearable protection minecraft:leather_boots with modifier 0.95
[04Mar2026 18:32:08.756] [main/INFO] [hordes/]: Loaded wearable protection minecraft:leather_leggings with modifier 0.95
[04Mar2026 18:32:08.756] [main/INFO] [hordes/]: Loaded wearable protection minecraft:leather_chestplate with modifier 0.95
[04Mar2026 18:32:08.757] [main/INFO] [hordes/]: Loaded wearable protection minecraft:leather_helmet with modifier 0.95
[04Mar2026 18:32:08.757] [main/INFO] [hordes/]: Loaded wearable protection minecraft:chainmail_boots with modifier 0.95
[04Mar2026 18:32:08.757] [main/INFO] [hordes/]: Loaded wearable protection minecraft:chainmail_leggings with modifier 0.95
[04Mar2026 18:32:08.757] [main/INFO] [hordes/]: Loaded wearable protection minecraft:chainmail_chestplate with modifier 0.95
[04Mar2026 18:32:08.757] [main/INFO] [hordes/]: Loaded wearable protection minecraft:chainmail_helmet with modifier 0.95
[04Mar2026 18:32:08.759] [main/INFO] [hordes/]: Loaded wearable protection minecraft:iron_boots with modifier 0.9
[04Mar2026 18:32:08.759] [main/INFO] [hordes/]: Loaded wearable protection minecraft:iron_leggings with modifier 0.9
[04Mar2026 18:32:08.759] [main/INFO] [hordes/]: Loaded wearable protection minecraft:iron_chestplate with modifier 0.9
[04Mar2026 18:32:08.759] [main/INFO] [hordes/]: Loaded wearable protection minecraft:iron_helmet with modifier 0.9
[04Mar2026 18:32:08.760] [main/INFO] [hordes/]: Loaded wearable protection minecraft:golden_boots with modifier 0.9
[04Mar2026 18:32:08.760] [main/INFO] [hordes/]: Loaded wearable protection minecraft:golden_leggings with modifier 0.9
[04Mar2026 18:32:08.761] [main/INFO] [hordes/]: Loaded wearable protection minecraft:golden_chestplate with modifier 0.9
[04Mar2026 18:32:08.761] [main/INFO] [hordes/]: Loaded wearable protection minecraft:golden_helmet with modifier 0.9
[04Mar2026 18:32:08.761] [main/INFO] [hordes/]: Loaded wearable protection minecraft:diamond_boots with modifier 0.86
[04Mar2026 18:32:08.762] [main/INFO] [hordes/]: Loaded wearable protection minecraft:diamond_leggings with modifier 0.86
[04Mar2026 18:32:08.762] [main/INFO] [hordes/]: Loaded wearable protection minecraft:diamond_chestplate with modifier 0.86
[04Mar2026 18:32:08.762] [main/INFO] [hordes/]: Loaded wearable protection minecraft:diamond_helmet with modifier 0.86
[04Mar2026 18:32:08.763] [main/INFO] [hordes/]: Loaded wearable protection minecraft:netherite_boots with modifier 0.82
[04Mar2026 18:32:08.763] [main/INFO] [hordes/]: Loaded wearable protection minecraft:netherite_leggings with modifier 0.82
[04Mar2026 18:32:08.763] [main/INFO] [hordes/]: Loaded wearable protection minecraft:netherite_chestplate with modifier 0.82
[04Mar2026 18:32:08.763] [main/INFO] [hordes/]: Loaded wearable protection minecraft:netherite_helmet with modifier 0.82
[04Mar2026 18:32:08.764] [main/INFO] [hordes/]: Loaded wearable protection minecraft:turtle_helmet with modifier 0.75
[04Mar2026 18:32:08.764] [main/INFO] [insane96mcp.insanelib.InsaneLib/]: Reloading InsaneLib JsonFeature Json
[04Mar2026 18:32:09.017] [main/WARN] [net.minecraft.core.MappedRegistry/]: Not all defined tags for registry ResourceKey[minecraft:root / minecraft:worldgen/biome] are present in data pack: forsaken:has_structures/wells/pit/cobble, minecraft:goodbiomes
[04Mar2026 18:32:09.096] [main/INFO] [com.ordana.immersive_weathering.ImmersiveWeathering/]: Loaded 78 block growths configurations
[04Mar2026 18:32:09.101] [main/INFO] [com.ordana.immersive_weathering.ImmersiveWeathering/]: Loaded 14 liquid generators configurations
[04Mar2026 18:32:09.180] [main/INFO] [com.possible_triangle.sliceanddice.SliceAndDice/]: Injecting recipes
[04Mar2026 18:32:09.254] [main/WARN] [ModernFix/]: Initial datapack load took 25.33 s
[04Mar2026 18:32:10.106] [Server thread/INFO] [net.minecraft.server.dedicated.DedicatedServer/]: Starting minecraft server version 1.20.1
[04Mar2026 18:32:10.107] [Server thread/INFO] [net.minecraft.server.dedicated.DedicatedServer/]: Loading properties
[04Mar2026 18:32:10.107] [Server thread/INFO] [net.minecraft.server.dedicated.DedicatedServer/]: Default game type: SURVIVAL
[04Mar2026 18:32:10.107] [Server thread/INFO] [net.minecraft.server.MinecraftServer/]: Generating keypair
[04Mar2026 18:32:10.139] [Server thread/INFO] [net.minecraft.server.dedicated.DedicatedServer/]: Starting Minecraft server on 26.246.212.193:25565
[04Mar2026 18:32:10.165] [Server thread/INFO] [net.minecraft.server.network.ServerConnectionListener/]: Using default channel type
[04Mar2026 18:32:10.282] [Server thread/WARN] [net.minecraft.server.dedicated.DedicatedServer/]: **** SERVER IS RUNNING IN OFFLINE/INSECURE MODE!
[04Mar2026 18:32:10.283] [Server thread/WARN] [net.minecraft.server.dedicated.DedicatedServer/]: The server will make no attempt to authenticate usernames. Beware.
[04Mar2026 18:32:10.283] [Server thread/WARN] [net.minecraft.server.dedicated.DedicatedServer/]: While this makes the game possible to play without internet access, it also opens up the ability for hackers to connect with any username they choose.
[04Mar2026 18:32:10.283] [Server thread/WARN] [net.minecraft.server.dedicated.DedicatedServer/]: To change this, set "online-mode" to "true" in the server.properties file.
[04Mar2026 18:32:10.307] [Server thread/INFO] [net.petemc.mutantszombies.MutantsZombies/]: Loading mutantszombies server config
[04Mar2026 18:32:10.316] [Server thread/INFO] [Puzzles Lib/]: Loading server config for mutantmonsters
[04Mar2026 18:32:10.665] [Server thread/INFO] [FTB Teams/]: loaded team data: 1 known players, 1 teams total
[04Mar2026 18:32:10.737] [Server thread/INFO] [spark/]: Starting background profiler...
[04Mar2026 18:32:10.747] [Server thread/INFO] [spark/]: The async-profiler engine is not supported for your os/arch (windows11/amd64), so the built-in Java engine will be used instead.
[04Mar2026 18:32:10.801] [Server thread/INFO] [STDOUT/]: [com.mactso.regrowth.Main$ForgeEvents:onServerAboutToStart:52]: Regrowth: Initializing SaplingManager
[04Mar2026 18:32:10.865] [Server thread/INFO] [Framework/]: Loading server configs...
[04Mar2026 18:32:10.892] [Server thread/INFO] [terrablender/]: Initialized TerraBlender biomes for level stem minecraft:the_nether
[04Mar2026 18:32:11.092] [Server thread/INFO] [terrablender/]: Initialized TerraBlender biomes for level stem minecraft:overworld
[04Mar2026 18:32:11.093] [Server thread/INFO] [net.minecraft.server.dedicated.DedicatedServer/]: Preparing level "world"
[04Mar2026 18:32:11.199] [Server thread/WARN] [mixin/]: @Redirect conflict. Skipping securitycraft.mixins.json:camera.ChunkMapMixin->@Redirect::securitycraft$getCameraSectionPos(Lnet/minecraft/server/level/ServerPlayer;)Lnet/minecraft/core/SectionPos; with priority 1100, already redirected by railways-common.mixins.json:conductor_possession.ChunkMapMixin->@Redirect::securitycraft$getCameraSectionPos(Lnet/minecraft/server/level/ServerPlayer;)Lnet/minecraft/core/SectionPos; with priority 1200
[04Mar2026 18:32:11.497] [Server thread/INFO] [incontrol/]: Reading rules from areas.json
[04Mar2026 18:32:11.504] [Server thread/INFO] [incontrol/]: Reading rules from spawn.json
[04Mar2026 18:32:11.507] [Server thread/INFO] [incontrol/]: Reading rules from summonaid.json
[04Mar2026 18:32:11.508] [Server thread/INFO] [incontrol/]: Reading rules from loot.json
[04Mar2026 18:32:11.511] [Server thread/INFO] [incontrol/]: Reading rules from experience.json
[04Mar2026 18:32:11.512] [Server thread/INFO] [incontrol/]: Reading rules from phases.json
[04Mar2026 18:32:11.514] [Server thread/INFO] [incontrol/]: Reading rules from effects.json
[04Mar2026 18:32:11.516] [Server thread/INFO] [incontrol/]: Reading rules from breakevents.json
[04Mar2026 18:32:11.517] [Server thread/INFO] [incontrol/]: Reading rules from placeevents.json
[04Mar2026 18:32:11.519] [Server thread/INFO] [incontrol/]: Reading rules from rightclicks.json
[04Mar2026 18:32:11.522] [Server thread/INFO] [incontrol/]: Reading rules from leftclicks.json
[04Mar2026 18:32:11.525] [Server thread/INFO] [incontrol/]: Reading rules from spawner.json
[04Mar2026 18:32:11.537] [Server thread/INFO] [incontrol/]: Reading rules from events.json
[04Mar2026 18:32:11.595] [Server thread/INFO] [net.regions_unexplored.RegionsUnexploredMod/]: Loading dimension "minecraft:the_nether" with biome source: "minecraft:multi_noise".
[04Mar2026 18:32:11.596] [Server thread/INFO] [net.minecraft.server.MinecraftServer/]: Preparing start region for dimension minecraft:overworld
[04Mar2026 18:32:11.854] [Server thread/INFO] [net.minecraft.server.level.progress.LoggerChunkProgressListener/]: Preparing spawn area: 0%
[04Mar2026 18:32:11.919] [Server thread/INFO] [KubeJS Server/]: Server resource reload complete!
[04Mar2026 18:32:11.931] [Server thread/INFO] [net.minecraft.server.level.progress.LoggerChunkProgressListener/]: Time elapsed: 335 ms
[04Mar2026 18:32:11.932] [Server thread/INFO] [net.minecraft.server.dedicated.DedicatedServer/]: Done (1.637s)! For help, type "help"
[04Mar2026 18:32:12.026] [Server thread/INFO] [net.minecraftforge.server.permission.PermissionAPI/]: Successfully initialized permission handler forge:default_handler
[04Mar2026 18:32:12.033] [Server thread/INFO] [net.chaoscraft.chaoszprojectbandits.ChaosZProjectBandits/]: Server is starting...
[04Mar2026 18:32:12.033] [Server thread/INFO] [com.technicboyman.nobz.nobabyzombies1_20_1forge.Nobabyzombies1_20_1forge/]: No Baby Zombies loaded
[04Mar2026 18:32:12.049] [Server thread/INFO] [K-Turrets/]: Cobble unit ammo:
[04Mar2026 18:32:12.049] [Server thread/INFO] [K-Turrets/]: minecraft:cobblestone
[04Mar2026 18:32:12.049] [Server thread/INFO] [K-Turrets/]: minecraft:blackstone
[04Mar2026 18:32:12.049] [Server thread/INFO] [K-Turrets/]: minecraft:cobbled_deepslate
[04Mar2026 18:32:12.051] [Server thread/INFO] [K-Turrets/]: bloomingnature:cobbled_travertin
[04Mar2026 18:32:12.051] [Server thread/INFO] [K-Turrets/]: bloomingnature:cobbled_laterit
[04Mar2026 18:32:12.051] [Server thread/INFO] [K-Turrets/]: bloomingnature:cobbled_slate
[04Mar2026 18:32:12.051] [Server thread/INFO] [K-Turrets/]: minecraft:andesite
[04Mar2026 18:32:12.051] [Server thread/INFO] [K-Turrets/]: minecraft:granite
[04Mar2026 18:32:12.051] [Server thread/INFO] [K-Turrets/]: minecraft:diorite
[04Mar2026 18:32:12.051] [Server thread/INFO] [K-Turrets/]: minecraft:tuff
[04Mar2026 18:32:12.051] [Server thread/INFO] [K-Turrets/]: 
[04Mar2026 18:32:12.051] [Server thread/INFO] [K-Turrets/]: Bullet unit ammo:
[04Mar2026 18:32:12.052] [Server thread/INFO] [K-Turrets/]: k_turrets:bullet
[04Mar2026 18:32:12.052] [Server thread/INFO] [K-Turrets/]: 
[04Mar2026 18:32:12.052] [Server thread/INFO] [K-Turrets/]: Brick unit ammo:
[04Mar2026 18:32:12.052] [Server thread/INFO] [K-Turrets/]: immersive_weathering:deepslate_brick
[04Mar2026 18:32:12.052] [Server thread/INFO] [K-Turrets/]: immersive_weathering:stone_brick
[04Mar2026 18:32:12.052] [Server thread/INFO] [K-Turrets/]: immersive_weathering:end_stone_brick
[04Mar2026 18:32:12.052] [Server thread/INFO] [K-Turrets/]: immersive_weathering:blackstone_brick
[04Mar2026 18:32:12.052] [Server thread/INFO] [K-Turrets/]: minecraft:brick
[04Mar2026 18:32:12.052] [Server thread/INFO] [K-Turrets/]: minecraft:nether_brick
[04Mar2026 18:32:12.052] [Server thread/INFO] [K-Turrets/]: 
[04Mar2026 18:32:12.052] [Server thread/INFO] [K-Turrets/]: Gauss unit ammo:
[04Mar2026 18:32:12.053] [Server thread/INFO] [K-Turrets/]: k_turrets:gauss_bullet
[04Mar2026 18:32:12.053] [Server thread/INFO] [K-Turrets/]: 
[04Mar2026 18:32:12.053] [Server thread/INFO] [K-Turrets/]: Fireball unit ammo:
[04Mar2026 18:32:12.053] [Server thread/INFO] [K-Turrets/]: k_turrets:explosive_powder
[04Mar2026 18:32:12.053] [Server thread/INFO] [K-Turrets/]: minecraft:fire_charge
[04Mar2026 18:32:12.053] [Server thread/INFO] [K-Turrets/]: 
[04Mar2026 18:32:12.054] [Server thread/INFO] [K-Turrets/]: Arrow unit ammo:
[04Mar2026 18:32:12.054] [Server thread/INFO] [K-Turrets/]: minecraft:arrow
[04Mar2026 18:32:12.054] [Server thread/INFO] [K-Turrets/]: minecraft:spectral_arrow
[04Mar2026 18:32:12.054] [Server thread/INFO] [K-Turrets/]: minecraft:tipped_arrow
[04Mar2026 18:32:12.083] [Server thread/INFO] [dynamiclights/]: [Dynamic Lights] Sending global config to world ...
[04Mar2026 18:32:12.087] [Server thread/INFO] [com.cupboard.Cupboard/]: Loaded config for: smoothchunk.json
[04Mar2026 18:32:12.089] [Server thread/INFO] [com.cupboard.Cupboard/]: Loaded config for: forgivingworld.json
[04Mar2026 18:32:12.102] [Server thread/INFO] [patchouli/]: Sending reload packet to clients
[04Mar2026 18:32:12.109] [Server thread/WARN] [voicechat/]: [voicechat] Running in offline mode - Voice chat encryption is not secure!
[04Mar2026 18:32:12.119] [VoiceChatServerThread/INFO] [voicechat/]: [voicechat] Using server-ip as bind address: 26.246.212.193
[04Mar2026 18:32:12.121] [VoiceChatServerThread/INFO] [voicechat/]: [voicechat] Voice chat server started at 26.246.212.193:24454
[04Mar2026 18:32:12.327] [Server thread/INFO] [immersiveengineering/]: Couldn't fully analyze 1 level_a_hazmatsuit_boots, missing knowledge for {1 biohazard_boots=1.0}
[04Mar2026 18:32:12.328] [Server thread/INFO] [immersiveengineering/]: Couldn't fully analyze 1 officer_beret_chestplate, missing knowledge for {1 military_bulletprooft_vest_chestplate=1.0}
[04Mar2026 18:32:12.329] [Server thread/INFO] [immersiveengineering/]: Couldn't fully analyze 1 specialoperationsvest_chestplate, missing knowledge for {1 officer_beret_chestplate=1.0}
[04Mar2026 18:32:12.329] [Server thread/INFO] [immersiveengineering/]: Couldn't fully analyze 1 radiator, missing knowledge for {1 water_bucket=0.25}
[04Mar2026 18:32:12.329] [Server thread/INFO] [immersiveengineering/]: Couldn't fully analyze 1 sixsh_116_chestplate, missing knowledge for {1 military_pilot_headset_chestplate=1.0}
[04Mar2026 18:32:12.329] [Server thread/INFO] [immersiveengineering/]: Couldn't fully analyze 1 level_a_hazmatsuit_leggings, missing knowledge for {1 biohazard_leggings=1.0}
[04Mar2026 18:32:12.329] [Server thread/INFO] [immersiveengineering/]: Couldn't fully analyze 1 gas_mask_helmet_helmet, missing knowledge for {1 gasmask_helmet=1.0}
[04Mar2026 18:32:12.329] [Server thread/INFO] [immersiveengineering/]: Couldn't fully analyze 1 bvd_assault_vest_chestplate, missing knowledge for {1 leather_chestplate=1.0}
[04Mar2026 18:32:12.329] [Server thread/INFO] [immersiveengineering/]: Couldn't fully analyze 1 free_runners_armored, missing knowledge for {1 free_runners=1.0}
[04Mar2026 18:32:12.331] [Server thread/INFO] [immersiveengineering/]: Couldn't fully analyze 1 aviator_hat_helmet, missing knowledge for {1 leather_helmet=1.0}
[04Mar2026 18:32:12.331] [Server thread/INFO] [immersiveengineering/]: Couldn't fully analyze 1 atlast_7_chestplate, missing knowledge for {1 military_bulletprooft_vest_chestplate=1.0}
[04Mar2026 18:32:12.331] [Server thread/INFO] [immersiveengineering/]: Finished recipe profiler for Arc Recycling, took 150 milliseconds
[04Mar2026 18:32:12.332] [Server thread/WARN] [ModernFix/]: Dedicated server took 70.628 seconds to load
[04Mar2026 18:32:12.379] [Worker-ResourceReload-0/ERROR] [net.minecraftforge.fml.loading.RuntimeDistCleaner/DISTXFORM]: Attempted to load class com/simibubi/create/content/schematics/client/ClientSchematicLoader for invalid dist DEDICATED_SERVER
[04Mar2026 18:32:12.381] [Worker-ResourceReload-0/ERROR] [ModernFix/]: Caught exception in thread Thread[#199,Worker-ResourceReload-0,8,SERVER]
java.lang.ExceptionInInitializerError: null
	at java.lang.Class.forName0(Native Method) ~[?:?]
	at java.lang.Class.forName(Class.java:547) ~[?:?]
	at org.spongepowered.asm.service.modlauncher.ModLauncherClassProvider.findClass(ModLauncherClassProvider.java:76) ~[mixin-0.8.5.jar%2365!/:0.8.5+Jenkins-b310.git-155314e6e91465dad727e621a569906a410cd6f4]
	at org.spongepowered.asm.mixin.transformer.MixinProcessor.audit(MixinProcessor.java:254) ~[mixin-0.8.5.jar%2365!/:0.8.5+Jenkins-b310.git-155314e6e91465dad727e621a569906a410cd6f4]
	at org.spongepowered.asm.mixin.transformer.MixinTransformer.audit(MixinTransformer.java:171) ~[mixin-0.8.5.jar%2365!/:0.8.5+Jenkins-b310.git-155314e6e91465dad727e621a569906a410cd6f4]
	at org.spongepowered.asm.mixin.MixinEnvironment.audit(MixinEnvironment.java:1425) ~[mixin-0.8.5.jar%2365!/:0.8.5+Jenkins-b310.git-155314e6e91465dad727e621a569906a410cd6f4]
	at org.embeddedt.modernfix.util.ClassInfoManager.doClear(ClassInfoManager.java:70) ~[modernfix-forge-5.26.2+mc1.20.1.jar%23493!/:5.26.2+mc1.20.1]
	at java.util.concurrent.ForkJoinTask$RunnableExecuteAction.compute(ForkJoinTask.java:1750) ~[?:?]
	at java.util.concurrent.ForkJoinTask$RunnableExecuteAction.compute(ForkJoinTask.java:1742) ~[?:?]
	at java.util.concurrent.ForkJoinTask$InterruptibleTask.exec(ForkJoinTask.java:1659) ~[?:?]
	at java.util.concurrent.ForkJoinTask.doExec(ForkJoinTask.java:511) ~[?:?]
	at java.util.concurrent.ForkJoinPool$WorkQueue.topLevelExec(ForkJoinPool.java:1450) ~[?:?]
	at java.util.concurrent.ForkJoinPool.runWorker(ForkJoinPool.java:2019) ~[?:?]
	at java.util.concurrent.ForkJoinWorkerThread.run(ForkJoinWorkerThread.java:187) ~[?:?]
Caused by: java.lang.RuntimeException: Attempted to load class com/simibubi/create/content/schematics/client/ClientSchematicLoader for invalid dist DEDICATED_SERVER
	at net.minecraftforge.fml.loading.RuntimeDistCleaner.processClassWithFlags(RuntimeDistCleaner.java:57) ~[fmlloader-1.20.1-47.4.16.jar%2369!/:1.0]
	at cpw.mods.modlauncher.LaunchPluginHandler.offerClassNodeToPlugins(LaunchPluginHandler.java:88) ~[modlauncher-10.0.9.jar%2355!/:?]
	at cpw.mods.modlauncher.ClassTransformer.transform(ClassTransformer.java:120) ~[modlauncher-10.0.9.jar%2355!/:?]
	at cpw.mods.modlauncher.TransformingClassLoader.maybeTransformClassBytes(TransformingClassLoader.java:50) ~[modlauncher-10.0.9.jar%2355!/:?]
	at cpw.mods.cl.ModuleClassLoader.readerToClass(ModuleClassLoader.java:113) ~[securejarhandler-2.1.10.jar:?]
	at cpw.mods.cl.ModuleClassLoader.lambda$findClass$15(ModuleClassLoader.java:219) ~[securejarhandler-2.1.10.jar:?]
	at cpw.mods.cl.ModuleClassLoader.loadFromModule(ModuleClassLoader.java:229) ~[securejarhandler-2.1.10.jar:?]
	at cpw.mods.cl.ModuleClassLoader.findClass(ModuleClassLoader.java:219) ~[securejarhandler-2.1.10.jar:?]
	at cpw.mods.cl.ModuleClassLoader.loadClass(ModuleClassLoader.java:135) ~[securejarhandler-2.1.10.jar:?]
	at java.lang.ClassLoader.loadClass(ClassLoader.java:490) ~[?:?]
	at com.simibubi.create.CreateClient.<clinit>(CreateClient.java:52) ~[create-1.20.1-6.0.8.jar%23387!/:6.0.8]
	... 14 more
[04Mar2026 18:53:06.338] [Server thread/WARN] [net.minecraft.network.syncher.SynchedEntityData/]: defineId called for: class net.minecraft.world.entity.player.Player from class tschipp.carryon.common.carry.CarryOnDataManager
[04Mar2026 18:53:06.488] [Server thread/INFO] [net.minecraft.server.players.PlayerList/]: MartiGames8899[/26.246.212.193:58448] logged in with entity id 3 at (-4.185941266297044, 116.0, -22.334055288603395)
[04Mar2026 18:53:06.671] [Server thread/INFO] [net.minecraft.server.MinecraftServer/]: MartiGames8899 joined the game
[04Mar2026 18:53:06.784] [Server thread/INFO] [dev.corgitaco.enhancedcelestials.EnhancedCelestials/]: Possible lunar events for dimension "minecraft:overworld" are [enhancedcelestials:blood_moon, enhancedcelestials:super_blue_moon, enhancedcelestials:harvest_moon, enhancedcelestials:super_blood_moon, enhancedcelestials:super_moon, enhancedcelestials:super_harvest_moon, enhancedcelestials:blue_moon].
[04Mar2026 18:53:06.859] [Server thread/INFO] [fallingtrees | Config/]: Sending common config 'fallingtrees:fallingtrees_common' to MartiGames8899
[04Mar2026 18:53:06.914] [Netty Server IO #2/INFO] [immersiveengineering/]: Recipes for potions: alexsmobs:speed_iii, projectvibrantjourneys:sporadic_silence, alexsmobs:soulsteal, minecraft:weakness, projectvibrantjourneys:long_sporadic_silence, ecologics:sliding, legendarysurvivaloverhaul:cold_immunity, minecraft:fire_resistance, alexsmobs:poison_resistance, minecraft:poison, minecraft:long_swiftness, alexsmobs:long_soulsteal, superbwarfare:superbwarfare_shock, minecraft:strength, alexsmobs:strong_knockback_resistance, minecraft:long_strength, minecraft:long_turtle_master, minecraft:healing, minecraft:strong_healing, alexsmobs:bug_pheromones, legendarysurvivaloverhaul:heat_immunity, superbwarfare:superbwarfare_long_shock, legendarysurvivaloverhaul:heat_resistance_long, minecraft:invisibility, superbwarfare:superbwarfare_strong_shock, minecraft:strong_leaping, minecraft:strong_strength, legendarysurvivaloverhaul:temperature_immunity_long, legendarysurvivaloverhaul:temperature_immunity, minecraft:swiftness, projectvibrantjourneys:long_glowing, minecraft:strong_harming, minecraft:awkward, alexsmobs:long_bug_pheromones, alexsmobs:lava_vision, minecraft:long_fire_resistance, minecraft:turtle_master, alexsmobs:long_clinging, minecraft:long_slowness, minecraft:regeneration, minecraft:long_water_breathing, minecraft:long_slow_falling, minecraft:leaping, minecraft:strong_slowness, mutantmonsters:chemical_x, projectvibrantjourneys:glowing, alexsmobs:long_lava_vision, minecraft:long_invisibility, minecraft:water, alexsmobs:long_poison_resistance, alexsmobs:clinging, minecraft:long_night_vision, minecraft:slow_falling, alexsmobs:knockback_resistance, legendarysurvivaloverhaul:heat_immunity_long, minecraft:night_vision, minecraft:strong_swiftness, minecraft:long_weakness, ecologics:long_sliding, alexsmobs:long_knockback_resistance, minecraft:long_leaping, minecraft:strong_turtle_master, minecraft:strong_poison, legendarysurvivaloverhaul:cold_immunity_long, alexsmobs:strong_soulsteal, legendarysurvivaloverhaul:heat_resistance, minecraft:long_poison, minecraft:long_regeneration, minecraft:strong_regeneration, legendarysurvivaloverhaul:cold_resistance_long, legendarysurvivaloverhaul:cold_resistance, minecraft:water_breathing, minecraft:slowness, minecraft:harming
[04Mar2026 18:53:06.954] [Server thread/INFO] [Jade/]: Syncing config to MartiGames8899 (4c7f02a3-2754-35b1-a0c5-274a28bc091e)
[04Mar2026 18:53:09.108] [Server thread/WARN] [net.minecraft.server.MinecraftServer/]: Can't keep up! Is the server overloaded? Running 2073ms or 41 ticks behind
[04Mar2026 18:53:09.443] [Netty Server IO #2/INFO] [fallingtrees | Config/]: Received client config 'fallingtrees:fallingtrees_client' from MartiGames8899
[04Mar2026 18:53:09.521] [Server thread/INFO] [voicechat/]: [voicechat] Received secret request of MartiGames8899 (20)
[04Mar2026 18:53:09.524] [Server thread/INFO] [voicechat/]: [voicechat] Sent secret to MartiGames8899
[04Mar2026 18:53:12.372] [VoiceChatPacketProcessingThread/INFO] [voicechat/]: [voicechat] Successfully authenticated player 4c7f02a3-2754-35b1-a0c5-274a28bc091e
[04Mar2026 18:53:13.368] [VoiceChatPacketProcessingThread/INFO] [voicechat/]: [voicechat] Successfully validated connection of player 4c7f02a3-2754-35b1-a0c5-274a28bc091e
[04Mar2026 18:53:13.371] [VoiceChatPacketProcessingThread/INFO] [voicechat/]: [voicechat] Player MartiGames8899 (4c7f02a3-2754-35b1-a0c5-274a28bc091e) successfully connected to voice chat
[04Mar2026 18:54:19.949] [Server thread/WARN] [fox.mods.access_denied.AccessDenied/]: regions_unexplored:redwood_shrub
[04Mar2026 18:54:20.002] [Server thread/WARN] [fox.mods.access_denied.AccessDenied/]: projectvibrantjourneys:short_grass
[04Mar2026 18:55:36.634] [Server thread/WARN] [fox.mods.access_denied.AccessDenied/]: projectvibrantjourneys:pinecones
[04Mar2026 18:56:01.485] [Server thread/WARN] [fox.mods.access_denied.AccessDenied/]: projectvibrantjourneys:fallen_leaves
[04Mar2026 18:56:11.014] [Server thread/WARN] [fox.mods.access_denied.AccessDenied/]: projectvibrantjourneys:pinecones
[04Mar2026 18:56:20.735] [Server thread/WARN] [fox.mods.access_denied.AccessDenied/]: regions_unexplored:redwood_shrub
[04Mar2026 18:56:26.051] [Server thread/INFO] [com.scarasol.pillagers_gun.PillagersGunMod/]: targetV: 0.04051552444414358
[04Mar2026 18:56:26.051] [Server thread/INFO] [com.scarasol.pillagers_gun.PillagersGunMod/]: newInaccuracy: 2.4988086
[04Mar2026 18:56:26.601] [Server thread/INFO] [com.scarasol.pillagers_gun.PillagersGunMod/]: targetV: 0.03042658700065285
[04Mar2026 18:56:26.601] [Server thread/INFO] [com.scarasol.pillagers_gun.PillagersGunMod/]: newInaccuracy: 2.3936677
[04Mar2026 18:56:26.900] [Server thread/INFO] [com.scarasol.pillagers_gun.PillagersGunMod/]: targetV: 0.05620879074642927
[04Mar2026 18:56:26.901] [Server thread/INFO] [com.scarasol.pillagers_gun.PillagersGunMod/]: newInaccuracy: 2.571413
[04Mar2026 18:56:27.445] [Server thread/INFO] [com.scarasol.pillagers_gun.PillagersGunMod/]: targetV: 0.05827643464101694
[04Mar2026 18:56:27.445] [Server thread/INFO] [com.scarasol.pillagers_gun.PillagersGunMod/]: newInaccuracy: 2.5952208
[04Mar2026 18:56:28.004] [Server thread/INFO] [com.scarasol.pillagers_gun.PillagersGunMod/]: targetV: 0.04567597667135332
[04Mar2026 18:56:28.004] [Server thread/INFO] [com.scarasol.pillagers_gun.PillagersGunMod/]: newInaccuracy: 2.5257235
[04Mar2026 18:56:28.548] [Server thread/INFO] [com.scarasol.pillagers_gun.PillagersGunMod/]: targetV: 0.040520846967279284
[04Mar2026 18:56:28.548] [Server thread/INFO] [com.scarasol.pillagers_gun.PillagersGunMod/]: newInaccuracy: 2.4936395
[04Mar2026 18:56:29.111] [Server thread/INFO] [com.scarasol.pillagers_gun.PillagersGunMod/]: targetV: 0.040503756628466135
[04Mar2026 18:56:29.112] [Server thread/INFO] [com.scarasol.pillagers_gun.PillagersGunMod/]: newInaccuracy: 2.4916983
[04Mar2026 18:56:29.653] [Server thread/INFO] [com.scarasol.pillagers_gun.PillagersGunMod/]: targetV: 0.04052142914627182
[04Mar2026 18:56:29.653] [Server thread/INFO] [com.scarasol.pillagers_gun.PillagersGunMod/]: newInaccuracy: 2.4898417
[04Mar2026 18:57:33.332] [Server thread/WARN] [fox.mods.access_denied.AccessDenied/]: dtru:redwood_branch
[04Mar2026 19:00:54.535] [Server thread/WARN] [fox.mods.access_denied.AccessDenied/]: immersive_weathering:permafrost
[04Mar2026 19:02:44.935] [Server thread/WARN] [fox.mods.access_denied.AccessDenied/]: minecraft:crafting_table
[04Mar2026 19:05:42.594] [Server thread/INFO] [net.minecraft.world.entity.npc.Villager/]: Villager Villager['Fisherman'/474, l='ServerLevel[world]', x=134.51, y=62.50, z=-251.43] died, message: 'Fisherman died'
[04Mar2026 19:05:43.938] [Server thread/WARN] [fox.mods.access_denied.AccessDenied/]: minecraft:mossy_cobblestone
[04Mar2026 19:06:25.982] [Server thread/WARN] [fox.mods.access_denied.AccessDenied/]: minecraft:fern
[04Mar2026 19:06:28.484] [Server thread/WARN] [fox.mods.access_denied.AccessDenied/]: minecraft:stone
[04Mar2026 19:06:29.958] [Server thread/WARN] [fox.mods.access_denied.AccessDenied/]: minecraft:stone
[04Mar2026 19:06:31.382] [Server thread/WARN] [fox.mods.access_denied.AccessDenied/]: minecraft:stone
[04Mar2026 19:06:32.834] [Server thread/WARN] [fox.mods.access_denied.AccessDenied/]: minecraft:stone
[04Mar2026 19:06:34.306] [Server thread/WARN] [fox.mods.access_denied.AccessDenied/]: minecraft:stone
[04Mar2026 19:06:35.733] [Server thread/WARN] [fox.mods.access_denied.AccessDenied/]: minecraft:stone
[04Mar2026 19:06:37.331] [Server thread/WARN] [fox.mods.access_denied.AccessDenied/]: minecraft:stone
[04Mar2026 19:06:38.784] [Server thread/WARN] [fox.mods.access_denied.AccessDenied/]: minecraft:stone
[04Mar2026 19:06:55.537] [Server thread/WARN] [fox.mods.access_denied.AccessDenied/]: immersive_weathering:permafrost
[04Mar2026 19:07:24.881] [Server thread/WARN] [fox.mods.access_denied.AccessDenied/]: minecraft:fern
[04Mar2026 19:07:25.333] [Server thread/WARN] [fox.mods.access_denied.AccessDenied/]: immersive_weathering:permafrost
[04Mar2026 19:07:26.810] [Server thread/WARN] [fox.mods.access_denied.AccessDenied/]: minecraft:stone
[04Mar2026 19:07:28.231] [Server thread/WARN] [fox.mods.access_denied.AccessDenied/]: minecraft:stone
[04Mar2026 19:07:29.684] [Server thread/WARN] [fox.mods.access_denied.AccessDenied/]: minecraft:stone
[04Mar2026 19:07:32.231] [Server thread/WARN] [fox.mods.access_denied.AccessDenied/]: minecraft:coal_ore
[04Mar2026 19:07:34.791] [Server thread/WARN] [fox.mods.access_denied.AccessDenied/]: minecraft:coal_ore
[04Mar2026 19:07:39.207] [Server thread/WARN] [fox.mods.access_denied.AccessDenied/]: minecraft:grass
[04Mar2026 19:11:10.216] [Server thread/INFO] [net.minecraft.server.network.ServerGamePacketListenerImpl/]: MartiGames8899 lost connection: Disconnected
[04Mar2026 19:11:10.216] [Server thread/INFO] [net.minecraft.server.MinecraftServer/]: MartiGames8899 left the game
[04Mar2026 19:11:10.223] [Server thread/INFO] [voicechat/]: [voicechat] Disconnecting client MartiGames8899
[04Mar2026 23:17:13.652] [Server thread/INFO] [net.minecraft.server.MinecraftServer/]: Stopping the server
[04Mar2026 23:17:13.721] [Server thread/INFO] [net.minecraft.server.MinecraftServer/]: Stopping server
[04Mar2026 23:17:13.722] [Server thread/INFO] [net.minecraft.server.MinecraftServer/]: Saving players
[04Mar2026 23:17:13.722] [Server thread/INFO] [net.minecraft.server.MinecraftServer/]: Saving worlds
[04Mar2026 23:17:14.327] [Server thread/INFO] [net.minecraft.server.MinecraftServer/]: Saving chunks for level 'ServerLevel[world]'/minecraft:overworld
[04Mar2026 23:17:15.302] [Server thread/INFO] [net.minecraft.server.MinecraftServer/]: Saving chunks for level 'ServerLevel[world]'/minecraft:the_nether
[04Mar2026 23:17:15.304] [Server thread/INFO] [net.minecraft.server.MinecraftServer/]: Saving chunks for level 'ServerLevel[world]'/minecraft:the_end
[04Mar2026 23:17:15.427] [Server thread/INFO] [net.minecraft.server.MinecraftServer/]: ThreadedAnvilChunkStorage (world): All chunks are saved
[04Mar2026 23:17:15.427] [Server thread/INFO] [net.minecraft.server.MinecraftServer/]: ThreadedAnvilChunkStorage (DIM-1): All chunks are saved
[04Mar2026 23:17:15.427] [Server thread/INFO] [net.minecraft.server.MinecraftServer/]: ThreadedAnvilChunkStorage (DIM1): All chunks are saved
[04Mar2026 23:17:15.427] [Server thread/INFO] [net.minecraft.server.MinecraftServer/]: ThreadedAnvilChunkStorage: All dimensions are saved
[04Mar2026 23:17:15.504] [Server thread/INFO] [Framework/]: Unloading server configs...
[04Mar2026 23:17:15.506] [Server thread/INFO] [Framework/]: Sending config unload event for refurbished_furniture.server.toml
[04Mar2026 23:17:15.508] [Server thread/INFO] [Framework/]: Finished unloading server configs
[04Mar2026 23:17:15.520] [Server thread/INFO] [net.petemc.mutantszombies.MutantsZombies/]: Loading mutantszombies server config
